document,topic
Huge applause for StreetcAir. A proposed solution for air pollution for babies. anothergreatidea from ClimateKIC climatejourney16,0
k4innovation EITeu EURAMET tudelft Shift2Rail_JU EFN Photonics21 mgracacarvalho susanasolisp negrescuvictor linagalvezmunoz brandobenifei Ivarsijabs Super Summit! Very proud to be part of it!,1
EITAwards winner Nerdalize &amp; ClimateKIC alumni start-up for free heating expands collaboration with Eneco 👌,-1
Dyma ragflas o beth i'w ddisgwyl o weithdy 'Dehongli newid hinsawdd yn greadigol' gyda martindaws a Gwenan_Griff yn ystod GlobalClimathon Bangor dydd Gwener yma yn PontioTweets Archebwch eich lle yma - prifysgolbangor ClimateKIC_UKI UNFCCC,0
RT EITeu The world needs more women entrepreneurs ! TheEconomist,1
"TVoltrelaTV frasisam al seminario TuttiMedia:""Andiamo oltre la TV ma comunque restiamo nella TV"". Media Company il futuro. EIT_Digital",1
Who knows what EBITDA means? PwC_Cy_Press HellenicBank GZGLawyers EvgeniosEvgenio Bert_Pijls irenageorgiadou Georgiades_H ClimateKIC,0
"Thanks InnoEnergyEU for TBB2016 ! Don't worry, be happy, storeenergy😍 Sylfen_fr",2
Rise and shine! Some impressions from a busy night developing ideas. Fotos: Rainer Freese ClimateKIC GlobalClimathon UrbanImpactBln ClimateKIC_DE Climathon2019 climathonberlin,-1
"Wind turbines manufactured from glued wood? Yes, we can! 💪 EITeu ClimateKIC start-up modvion is building prototypes to make this out-of-the-box vision a reality. Skogsaktuellt delves into the details of this astonishing project:",0
One of selected EnergySingularity OdysseyHack teams is composed of 6 EITeu InnoEnergyEU international students with diverse backgrounds studying the smartgrid and decarbonization with passion for decentralized P2P technology applications! Congrats!!,0
"Giovedì a Bologna torna legaltechforum, organizzato da kopjra con EIT_Digital e TIM Wcap",1
"Der große Tag rückt näher EIT_Digital EITeu EIT Food, Dr. Koenig, wird die Eröffnungsrede auf dem Global Food Summit halten. Am 29. &amp; 30. November in Berlin, gemeinsam mit der Uni Berkeley und Uni Wageningen. Innovation food gfs17",1
".EITeu ClimateKIC, in partnership with ABBgroupnews, will showcase its 6 finalists &amp; 24 more of its most promising cleantech ventures at SlushHQ during the finals of the Climate Impact Battle on 5 Dec. Reserve your spot now! Slush18 MissionFinance",-1
Orange jackets from Fortum busy at the ClimateKIC booth. Goal is to invest up to 200mill€ in energy startups in 2017 ckicslush,0
"This morning I had a talk on Innolabs_EU initiatives for smes &amp; startups in the field of digitalhealth together with ChiaraMajor EITeu Health regional manager. Hosted by the CNewsteel team, strongly supportive to empower our regional innovation ecosystem.",1
"A la recherche de nouvelles opportunités pour votre entreprise ? Assistez à notre prochain webinaire "" Financer son accès au marché avec le programme européen EIT_Digital "" 📅Mercredi 24 Juin ⏰14h Incrivez vous ici! ➡️",1
Nice but you sure also have a nice Climathon weather! Slightly different temperatures at the 6 Nordic climathon locations CKICNordic,-1
EU sets aside €4 million for ‘wild card’ healthtech ideas EITHealth EITHWILDCARD EITeu,1
DIY that wood &amp; cellulosic materials can be turned into textiles? We need sustainable man-made fibers to substitute cotton &amp; IoncellFibers' technology is an environmentally friendly alternative! ClimateKIC AaltoUniversity helsinkiuni IntDayofForests,-1
2nd crush 😍 Cauliflower with miso and horseradish vegan creme 🍃 EatingtheGap EITeu,1
"Driving meaningful innovation, implementing challenge-based education, JosepBordonau, professor la_UPC, education entrepreneur, at the Cross-KIC Education Conference: science&amp;tech+humanfactor +stakeholders casemethod PBL challengedriveneducation EITeu InnoEnergyEU",1
H2020 : soumettez votre projet dans les domaines de digitalcitiy infrastructure industry heath à EIT_Digital !,1
Week 2 is underway at the InPhyEd Summer School 😁 EITeu EITHealth tcddublin TU_Muenchen SchoolofEdTCD EITHealth_UKI IDTCD,1
"Congratulations to ClimateKIC EITAwards winners zeleros LeafTech_twitt &amp; DEDAGROUP_ICT for winning the EIT Public Award &amp; Change Award! Well done to all innovators, nominees, and the EITCommunity. You are all winners for impacting change for the future we want. EITeu",-1
"JosephIturbide ClimateKIC Lilium Der Volocopter ist zu 100% elektrisch. Die Klimaschutzwirkung hängt davon ab, was ersetzt wird und steigt mit Ausbau erneuerbarer Energien.",0
Farewell InnoSpaceJourney2018! What a pleasure it’s been to have you in the Nordics...loved it! EITeu ClimateKIC CopernicusEU sollazophoniasd Majakrowicki linegry FrancescaLaros1 gianmarco_paris ClimateSusanne IdeonSP ideoninnovation lunduniversity climatejourney18,0
Nya miljövänliga mattrenden - cykelcaféerna etablerar sig i Sverige – dagenssamhalle ClimateKIC,0
"Innovationsracet 2019 börjar! 🏆 5 startups tävlar med sina innovationer. Lycka till einrideofficial, mimblyswe, SurfCleaner, Eneryield och Enjay 🚀🌱pcsummit2019 Arrangeras av Energi_mynd IgniteSweden InnoEnergy_S",-1
EIT Digital to provide key to maintaining secure IoT systems – Irish Tech News EIT_Digital,1
Miss you. Last year I had the pleasure of opening ClimathonTrheim. But this year I am at the ClimathonLund. Will follow the exciting work that our CKICNordic partners NTNU &amp; Trondheim will do on circularcampus which is the climathon challenge of the year,0
"5 NordicMade startups awarded the 2018 WEF ClimateSolver Award: helyes Norsepowerltd Fourdeg ParkingEnergy, eastswedentech Againity, + sthlmtech alteredcompany. By BINordic NordicMade NordicCleantech CKICNordic CTScandinavia CleantechFIN",0
After 25 hours Climathon Valencia winner: well done guys!! GlobalClimathon ClimateKIC,0
Riding towards sustainability in the Netherlands gj4 climatejourney17 Dutch bikes ClimateKIC_NL ClimateKIC,0
"Happy New Year from the EITCommunity! 🎉🎊 We wish you the best of luck for 2020. This decade, let's work together towards a stronger and innovative Europe! 🇪🇺🚀",1
"La plataforma de medicina no presencial antari Home Care de infoGMV_es ayuda a la rehabilitación de personas que, tras un ictus, ven afectada su movilidad, dentro del proyecto SwitHome de EITeu.",1
Looking for an interesting story: climate change impacts EthiopiaCIC ClimateKIC HoheteTSC Climathon,-1
"What's the secret behind the success of EITeu ClimateKIC in Cyprus? Above all, we are friends :) CkicCyprus CyUniTech chrysalisleap CyEnergyAgency",-1
Rockathon was a great opportunity to get to know more of Mining. Thank you Sandvik_Mining and EITRawMaterials!,3
"⛏🎮📱Juega y aprende sobre minerales y sus aplicaciones. Cuantas menos pistas utilices, más puntos obtendrás. Un educativo proyecto de eitrawmaterials FGP_ETSIME IGME1849 unileoben covcampus sgeologica euromines ayma_mining tecnalia",3
"Does the Corona crisis affect your innovative climate startup? Then take the chance for up to 500.000 EUR and apply for extraordinary COVID-19 VentureSupport2020 from EITeu. The deadline is tomorrow, 7.6.2020! venturefunding funding venturesupport",1
Yesterday in Ljubljana - exploring the city &amp; discussing the regional innovation scheme (RIS) 🇪🇺 with EITRawMaterials partners. EITris,1
"Delighted to host ClimateKIC CEO &amp; team in Dublin last few days. Pumped that Dublin is playing host to ClimateKIC Climate Innovation Summit CIS2018 in November. Focused on sustainablefinance innovation, playing to Irish strengths michaeldarcy IFS2020",0
Delighted to see Irish located AndreasHoepner join the EuropeanCommiss sustainablefinance Technical Expert Group. Well done to all including our partners ClimateKIC ClimateBonds,0
Calling Finnish start-ups for the CKICNordic Accelerator,0
Great Cluster-work to drive innovation and sustainable change ProvadisSchool &amp; with ClimateKIC BiancaDragomirD helenbdunk,0
"💡Future engineers, are you thinking to apply to one of InnoEnergyEU's Master’s in sustainable energy to study in Fall 2019? 🎓Interested in getting dual degrees from top Universities? 🗓️Good news: the last application round is open until 22 April! ➡️",2
"This morning in Brussels, EITManufactur &amp; EITUrbanMob offered a glimpse of what society could look like in the future! As part of EITCommunity, they’ll provide solutions to Europe's most pressing mobility &amp; manufacturing challenges. ➡",1
COP24 report: The vital role of land use in climate mitigation - via ClimateKIC,0
JEPaquetEU GabrielMariya EU_H2020 EUScienceInnov ERC_Research EUeic REA_research inea_eu CORDIS_EU EITeu EU_ScienceHub Merci Jean-Eric pour ce salutaire rappel de ce que fait l’UE et notamment la DG RTD pour lutter contre le Covid-19!,1
Join me at next ClimateKIC MissionFinance event now on rewiring the finance system,0
"Sumat a un moviment global per transformar el nostre futur! Aprèn, comparteix, connecta, practica, coneix gent com tu, inspiradora i amb ganes de passar a l'acció! Aprèn com passar d'una idea a un projecte amb ajuda d'experts i més! ClimateKICspain ClimateKIC climathonGANDESA",0
Farmer and tecnologist have to be in love to construct a new future EITeu arturodicorinto resarch has to substain the planet ggramaglia,0
"Changing the face of our cities! Lluis Gomez, Commissioner for innovation at bcn_ajuntament explains how EITUrbanMob will coordinate European efforts for better UrbanMobility. 👉",1
jakewoodhous SocioVizNet Gephi GreentownLabs CEVteam CleantechOpenNE PowerBridgeNY EmilyLReichert StartUpGET abartontweets Enapter_ MAGreenBuilding rateitgreen TCS_SDC ClimateKIC SmartEnergyCan fredrikharen ExtinctionR Climate_Action_ extinction recorded now. top #,0
"A year has gone by when we flew to 🇷🇴 and covered the latest developments on the EUeic, FET_eu &amp; EICPathfinder during the iew2019. Looking back, has anything changed? Get a recap by reading our news:",1
"Once decision makers finally assume that DigitalTransformation is a must, the next step is to ensure that their decisions will drive digital improvements which are meaningful for the organization and its customers. InformationWeek EITDigitalAcad",1
"Me gustaría saber si estas ideas son posibles o se están desarrollando en la actualidad. microBIOblog, SaludISCIII , CienciaGob , EUeic CNB_CSIC , CSIC Covid_19 CoronavirusESP COVID2019 COVIDー19 científicos España",1
CLP18 Kenyan national finals are happeing today at SBSKenya &amp; hosted by KCIC! Top 3 winners will go on to the global final in Scotland in November. CLP18 ClimateLaunch ClimateKIC,0
Green Deal branded as ‘hallmark’ of new European Commission via EURACTIV eaEnergyEU AndersWijkman KirstenCKIC ClimateKIC WBG_Climate edie miljotweets bankers4climate mattiasgoldmann CORPOCON ContChange Mayors4Climate LeadershipMatters,0
"For those who missed it, here are the VIDEOS from SEC2SV EID! Time for EricThelen70 EIT_Digital speech 🇪🇺 🇺🇸",1
KA_Nicholas annarichert CKICNordic Carbon_Cloud WWFSverige Lundsuni sustforum_LU Om ni vill att restauranger klimatmärker sina menyer så har CarbonCloud (som gjorde matkalkylatorn) en färdig lösning Carbon_Cloud. Jag ska ner till Lund och prata mat den veckan i vilket fall :-),-1
Meet InnoEnergyEU’s InnoVoice &amp; student Samuel Akpobome,2
precsem Top global trends to be aware of - climate change at no.5 ClimateKIC precedentcomms,0
"Picking a single photon out of a laser beam, IEEEsmartcities expert rsaracco of EIT_Digital explains:",-1
"At ClimateKIC’s MissionFinance summit, MazzucatoM agrees with BillGates: Governments needs to lead business on financing climate innovation; need to co-shape markets across entire innovation chain &amp; also need to turn climate goals into concrete missions like JFK’s moon shot",0
Karno Tenovuo RollsRoyce marine talking about autonomous ships and how it improves Productivity FIIF_catalyst EIT_Digital,1
"Very interesting working session with CLC Managers of EIT_Digital Berlin, Budapest, Eindhoven, Helsinki, Madrid, London, Paris, Stockholm and Trento.The future of Professional Education and the present of the EIT Digital Professional School.",1
.ClimateKIC presents a water &amp; energy system for climatechange innoveit,0
CkjMadrid CEIGRAM La_UPM MahucaMaria arrabaldes We would like that this statement identifies our ckjourney!! ClimateJourney18 upm CEIGRAM itdupm ClimateKIC,0
Find the right innovation partners to grow your business w/ EITDigitalAccel SlushHQ 30 Nov startups slush16,1
Boot camp training for the climathon.ClimateKIC teams COP21,0
very proud to see francesca_bria in FBKcom invited by the EITeu,1
👏Congratulations to DanubiaNanoTech for winning InnoEnergyCE PowerUp! Competition &amp; Bettery winning EITRawMaterials Battery Challenge last week. More EITCommunity innovations that help 🇪🇺 transition to a sustainable future.,2
"European Cooperation for IndustrialSymbiosis. Brussels, Thursday 30/11/29017. Organised by EITRawMaterials TechGroup89 TNO &amp; Int_Synergies. FISSAC",3
"gquaggiotto alberto_cottica NoemiSalantiu cdlariviere ClimateKIC markomanka smarimc olofster ehn mrchrisadams NurtureGirl doctorow I remember speaking at a startup-funder matchmaking event in SA organised by eosiakwan to present unMonastery. Like Eric, the other builders seemed to intuitively *get* it because it's for them/us. Everyone else = Saucer eyes in the audience, felt like a total 👽.",1
"ZachariassenH KrohnTraaseth EU_EIC eic_norway JEPaquetEU MinaStareva marcela_linkova GenderInnovate EUScienceInnov EUeic Krohntraaseth owes an apology to me and all women who followed my story or lived through their own ordeals, and learned that no-one will stand up for justice. Many of us are done with hearing people talk about role models and cultural change, while there is no accountability.",1
Go Quarnot! Great to see a ClimateKIC start-up flying the European innovation flag in Las Vegas:,0
"📅Save the date! October 29, Madrid. This year, EsadeGeo's Annual Energy Day will unpack how policy planning on energy&amp; climate change affects investment in the energy sector, with AMcDowell from EIB as keynote speaker. More information soon. InnoEnergyEU comisioneuropea BCG",2
Final programme 3rd European Sustainable Phosphorus Conference (ESPC3) next week in Helsinki NutrientP dpp_ev BSAG_ Phosphorus_ie SustainP eureau European_Biogas eip_water EIPAGRI_SP EITRawMaterials EIT_food nutrients FertilizerNews,3
ConstrucciónSostenible DesarrolloSostenible Edificios EficienciaEnergética InnoEnergyEU,2
"EITeu I didn’t subscribe to your account. I have zero interest in anything you have to say. If I did, I would’ve subscribed. Instead you forcibly imposed your spam into other people’s accounts who just aren’t interested. blocked reported twitterspam",1
"Competenze digitali e imprenditoriali, il piano di EIT_Digital via Startupbusiness",1
"JuergenTiedje from EU_Commission commends joint side event by SPRE2050, ClimateKIC &amp; EITRawMaterials on H4C, re-emphasising that industrialsymbiosis, competitiveness &amp; needs of the citizens are crucial to achieving H4C, looking also @ the starting point &amp; accelerators.",0
"Beyond the kitchen: Mushroom mycelia can be turned into a packaging and insulating alternative to styrofoam, using agriculture by-products Sustainability Biomass ☀️🌍♻️🌱🍄🧫📦 Via ClimateKIC EITeu",-1
Getting ready for INiTS_at and EIT_Digital Focus Night - let's talk about Series A!,1
Last day of Geometallurgy Short Course EITRawMaterials UniversiteLiege M Reuter sharing perspectives for efficient metal recycling UNEP,3
How Doom reveals its secrets like a Frank Frazetta painting via EITeu,1
EITRawMaterials EU_Commission the_PDAC alexandru_tand TgiRaman CyanoGuard Hovering_S m_solutions_fi Do you have an online resource where I can read about the cyanide detection you mentioned above?,1
"Bravo 👏 marc_diabeloop, lauréat du prix de l'innovation de l'institut européen d'innovation et de technologie EITeu ! Diabeloop développe des technos pour faciliter la gestion du diabète. Le CEA_Leti est fier d'être partenaire de cette belle entreprise. diabete prix",1
EITRawMaterials promotors CEMOOC a Wider Society Learning project IIIEElund swereaivf metalliskamaterial,3
kenmeisterG Remora_Marine ICThinkSpace centralworking ClimateKIC ClimateKIC_UKI Grantham_IC Imperial_INC ImperialDE PeterRNChilds InnovationRCA RichardTempler1 imperialcollege Thank you :),0
"Our vision is to make the process of building sustainable and energy efficient properties, simple. homepod startups cleantech ClimateKIC bucharest sustainability energyefficiency romania",-1
"Presentazione dei progetti! Marcheselli Smart Mountains, Slow Network, Agromet_srl UrbanChallenge Trento, ClimateKIC",0
ClimateKIC KirstenCKIC EUinmyRegion govSlovenia Shoutout to our workshop coordinators Anya_Spa jupanny mhamanova clionahowie Valerio Bruschi Maria Achilleos &amp; Slava Yordanova,0
"All day in Amsterdam at debate of working group on digital challenges: privacy, cybersecurity,trust, data accessability&amp; localisation/ how to built European Competitive Advantages EPPGroup MartensCentre EIF4eu delcastillop EvaKaili PaulRuebig EIT_Digital vestager",1
CopSonic rejoint l’accélérateur européen EIT Digital Madeeli_ EIT_Digital CopSonic innovation,1
TubulisTechnologies on stage to tackle the burden of breast cancer ! JTN2017 EIThealth_FR EITeu EIThealth_FR Agoranov_innov,1
Episode 2 of DealStream is coming up today at 3pm CET! Tune in to hear from 5 of the latest EITeu ClimateKIC start-ups &amp; engage with them! 🔍 Explore the participant’s profiles: 👉 Set a reminder for the show:,0
brsmeas ITU WHO ClimateKIC LeuvenU WRFSwitzerland rolphpayet GENetwork UNITAR UNOGLibrary UNLibrary UNIDO GenevaImpact UN_Valovaya ITUSecGen andersen_inger ITU_TClimate UNEP_Europe UNEP_Europe: pls share w/ your networks uoaofficial univofmacedonia ceuhungary uni_nke Unibocconi LaStatale SapienzaRoma CaFoscari univiu unipr DU_LV KTUnews MRUNewsBureau uni_lu uniofmalta AvansHogeschool OU_Nederland SuSoRUG utwenteEN rolphpayet,0
"For our Health2eu friends: Good news, Ignilife will be in Barcelona! 😎 hcsmeu digitalhealth EIT_Digital",1
"Giorgio Recine, Business Developer of EITRawMaterials, talking to gNellerba on circulareconomy at EarthDayItalia",3
Workshop zu Energieeffizienz und erneuerbare Energie in Gebäuden (EEG) mit ValueChain der GebautenUmwelt ETH ClimateKIC Nachhaltigkeit,-1
"RTU Dizaina fabrika aicina biznesa uzsācējus, zinātniekus un novatorus līdz 24. maijam pieteikt idejas konkursam «Innovation Prize», lai radītu pievienoto vērtību pārtikas un lauksaimniecības nozarēm un cīnītos par naudas balvu līdz 30 000 eiro. EITeu",1
Register now for InnoEnergyEU’s PV Game course in photovoltaics 👉,2
"Very interesting speech of Dr. Steven Chu 12th United States Secretary of Energy, Nobel Prize - 1997 Physics at the TBB2019 closing session InnoEnergyEU",2
"dhofstetter_x MazzucatoM ClimateKIC IIPP_UCL CarlotaPrzPerez IPCC_CH snowded AxiloSpace exaptive EITeu 11/ There is of course Hydrogen production on Board there are two potential, both US. My view is to develop a H2 Power pack for Global roll out by the Existing Auto Makers simple, there is No time to spend 20 years building up a Global Engine company.",-1
ClimateKIC Amazing opportunity for your students to get skills and let their ideas flow at climatejourney18,0
"Top story: EUDigitalEdu: 'ChristophidouEU, Director-General Education,Youth, Sport &amp; Culture at EIT_Digital conference in Brussels, calling for more cooperation in the digital world: 'We need to knock down the wall… see more",1
Great to see ClimateKIC start-up medu_soil pitching for the win of slush 100! ckicslush slush18 climate innovation,0
"Nu börjar det dra ihop sig, snart dags för de fem finalisterna i Innovationsrace2019 på PCSummit19 att gå på scen och pitcha. Vi önskar enjay och Eneryield lycka till! InnoEnergy_S IgniteSweden innovation Cleantech",-1
Get to know EIT_Digital Innovation Capiche Smart Assistant for Refugees dmexco Cologne hall6 boothA11 TSystems_MMS DFKI CrowdeeCrowd,1
Such a unique experience being in the cKIC_Alumni Board for 2 years with these amazing people! Thank you all !!,-1
Europe increasingly at risk of climate change - EnviroNews Nigeria - climatechange Euractiv ClimateKIC,0
"🙌 Speaking of FoodHeroes... we are very happy that we can launch Robin Food with rikoltoBE together with tough partners enVieAtelier @EITeu SamenLevOpbouw, RIMO Limnurg. Soup of vegetable surpluses for those who need it the most now. 🤗",1
"Have you heard about the EITeu awards? The EIT Awards promote innovation &amp; encourage entrepreneurs by putting the most innovative ventures, entrepreneurial graduates, innovation teams &amp; women from the EIT Community in the spotlight👉 📷 Diz Play|Unsplash",1
"Europejski Instytut Innowacji i Technologii EITeu który powołaliśmy w 2008 r., to historia sukcesu - w Polsce np. dzięki InnoEnergyCE Na komisji EP_Industry rozmawialiśmy dziś jak wspierać ich w przyszłości - i jak oni mogą wspierać nas przy COVID19 czy wdrażaniu ZielonyŁad",1
cKIC_Alumni announces their 1st prize of the startup competition! CKAAGA2015,-1
Start-ups: Apply now for ClimateKIC France’s Accelerator 2015 Climate-KIC,0
"Join our 👍 Panel discussion at INNOVEIT on taking two pillars of the EITeu forward: education and the regional dimension. 3 aspects driving digitalinnovation 🔵the role of Innovation Communities, 🔵the increase in innovation funding 🔵businesse",1
.InnoEnergyEU lance un appel international aux startups dans le domaine du stockage de l'électricité. 100000€ à la clé pour la gagnante. Via enerzine,2
"Nice art and climatechange initiative Showing concrete climatechange impact on hydrology directly to people, for example in the street, is necessary by LilaCollet bespoke_atelier $ ClimateKIC 📸 SCastilloPhoto With GlasgowCC HeriotWattUni",0
Sign up for ClimateKIC &amp; EITeu online course ClimateChange 🎓,0
GTK_FI and SavoniaAMK - partners in Morecovery EITRawMaterials project - members of KWaterCluster (Kuopio Water Cluster) jointly presented their projects at the WREur event.,3
Great day in Zurich with the Green Innovation in Schools team ClimateKIC_UKI myclimate st_technotrend ClimateKIC S4TP_BigIdeas KathyJowitt Looking forward to our continued collaboration sustainability youngpeople innovation Entrepreneurship,0
"‘Entrepreneurship is a mindset, not an occupation’ UTodayNL EITDigitalAcad",1
"And there are much more minerals and rocks in EITRawMaterials HQ (and, ok, in the rest of the world as well). Come around and let‘s discover rocksrock",3
Not to duplicate the brave efforts made by nordicinno but to depict how the CKICNordic Innovation team ses the eternal fight between climate threaths &amp; the Nordicsolutions to fight climatechange Xmas party,0
Today is Central European Day of Energy! See how EIT InnoEnergyEU is pioneering change in sustainableenergy CEDEnergy energy innovation EUinnovation,2
1st &amp; 2nd year students master Energy for SmartCities InnoEnergyEU EITeu this week in Barcelona at Twentytuhostel,2
"Kleiber’s Law &amp; smartcities, IEEEsmartcities expert rsaracco of EIT_Digital explores:",-1
Up to €150k support for the brightest CEE energy startups. Join InnoEnergyEU powerup2017 competition. Apply,2
ZEK_Praha CoroVent EUeic 👏👏👏,-1
I will be speaking tomorrow on this stage. Thank you EITeu KICInnoEnergy ClimateKIC .,0
EIT_Digital minnatech JoakimSjoblom EITDigitalAccel It would be nice if you could share the key findings 😉,1
Check out EIT_Food’s four EITAwards nominees. Revolutionising the Food Supply Chain across Europe 🇪🇺 ! ➡ EITCommunity H2020 HorizonEU,1
RT MarcoBrambi: Great projects and people met today at EIT_Digital 2017 kickoff day of Digital Cities action lin…,1
Great I&amp;E course experience with EIT_Digital Doctoral students actuaupm UPM_Innovatech La_UPM EIT_DigitalEDU,1
Own your waste to start value chains. Stories and practices from a diversity of actors are on stage at CKCIS2017 ClimateKIC,0
ClimateKIC PeterKoekoekEU AngelaHowarthCK KelseyHunter WhereIsBertrand BuildingsDay day COP21,0
"TomNijsen InnoEnergyEU LaVie_bio kickstarter 1/2 Hi Tom, Thank you for your interest and your questions. There are various people behind the various Twitter accounts and not all are in a capacity to answer technical questions regarding InnoEnergy-supported products.",2
Esperando a los estudiantes de máster EIT_Digital de La_UPM para que conozcan más sobre blockchain 3Dprinting y otras tendencias digitales,1
Proud to be coach for PowerUp! regional final in Prague InnoEnergyCE startups innovation Energy,2
do not miss tonight at 6pm the COP21 # climatenegotiations cKIC_Alumni make a change.,0
eustartup EU_Startups StartUpEU DSMeu tech_eu SEP_EU EU_H2020 Ansip_EU Moedas robinwauters EIT_Digital MindTheBridge I would be very interested in this report! Would you mind sending it to me?,1
And now back to work Climathon Cyprus WhereTheHIsMatt ClimateKIC cutaccy a_charalambides tsaltasd,-1
Greetings from Malta! We are here to present with our partners ParagonEurope the results of our ClimateKIC EITRIS ideation project on CircularEconomy for construction waste in islands! CyUniTech CyEnergyAgency,0
origoneltd EIT_Digital partouche123 IOThingsmilan,1
Nenufar- turning CH4 into energy! ClimateKIC's BestClimateVenture IF2015,0
RawMaterialsWeek here in Brussels with Tanya and Layla BKTUDelft tudelft EITRawMaterials,3
"Cool podcast with ducky_no, Helle Moen from Minhoca and Climathon organisers in Trondheim! ClimateKIC all around (in Norwegian)",0
Move things around yourself - or let Cascade Drives from InnoEnergyEU do it for you!EPRINews Electrification2018,2
EIT_Digital lost startschot voor derde editie start-upwedstrijd - Bits&amp;Chips,1
Big congrats to fibricheck for winning the EITeu Venture Award! Proud of you! imecVentures imecistart behealth,1
"EdnaAyme EIT_Digital WillemJonkerNL thank you, common goals and understanding of the significance of digital game changer",1
"Congratulations, FenX! With its innovative technology transforming mineral waste into insulation foams the ClimateKIC startup became runner-up in the category ""Sustainable Tech"" of the startupdays_ pitching competition. sustainability innovation",0
Zmagovalec slovenskega finala tekmovanja PowerUp je sistem 2GG podjetja DS Meritve! Franc_Bogovic romanajordan BorutPahor InnoEnergyEU,-1
.ClimateKIC DEVASTATING effects of KillerPalm fires greenhouse gases on climate must STOP,-1
ClimateKICSI ClimateKIC kemijski RimskyStarmanov,0
Preparing for our InnovationGame. AriseEurope Masters EITDigitalAcad Thessaloniki okthess zsuva,1
There is a fine line between taking risk &amp; being dumb! APW_Berlin ClimateKIC entrepreneurship startup speaker,0
"Proyecto de valorización de subproductos en Atlantic Copper, proyecto de educación coordinado por la asociación EITRawMaterials (Raw Materials del European Institute of Innovation &amp; Technology) residuorecurso economiacircular",3
The new EU CircularEconomy Action Plan is here! ClimateKIC supports ambitious regional and national governments in the transition EUIndustrialStrategy EUGreenDeal CiceroneH2020 CEStakeholderEU CircularConvers Full press package:,-1
.ClimateKIC €Billions EU imports linked to illegal deforestation &amp; KillerPalm Is EU 2020 pledge achievable ?,-1
SaferPlaces presenta il servizio per la valutazione del rischio di allagamento urbano al Webinar sui Servizi Climatici organizzato dalla Regione Emilia-Romagna -giovedì 9 luglio dalle 14:30 alle 16:00 - ClimateKIC ClimateKICItaly CmccClimate,0
How to deal with algorithms in healthcare? Regulatory approval will be surely needed but the pathway to receive approval is unclear. AI is not a medicine so we have to find a smart way WHS2019 EITHealth EIT_Digital EIT_Health_de,1
ClimateKIC Forbes Fantastic! Congratulations to these innovators showing us how vision and focus can change the world.,0
Ground shaking innovation in Fitness and Nutrition for the Kenyan School Curriculum. NairobiIW EITeu IdeasBoomAu MoICTKenya Innovation thenailab BattleOfMinds,1
In Boston USA on 18 June? Join the global ClimateKIC Climathon! COP21 ClimateAction,0
Cool team of 💚changemarkers! Enjoy the rest of your Journey crunching space data and addressing climate change challenges - together. 🙏InnoSpaceJourney climatejourney18 ClimateKIC ClimateKICItaly esa climateaction,0
Now at EITeu ClimateKIC house in Brussels for an exciting Smart Specialisation Masterclass with Dominique Foray ris ris3,0
The new EITDigitalAccel website is out! Discover how this startup accelerator can help you scaleup across Europe,1
Yes... MONACOTECH1 LZ140 theideastarter MonacoSophiaBiz EITDigitalAccel therlin,1
"AF’s 1st Innovation Day underway at AntiguaNIESeminar, moderated by ClimateKIC. Often AF projects are 1st on ground in many vulnerable areas. Innovating new approaches, tech’gies &amp; techniques w potential is key in adaptation work, says Oll1ka1nen. AF also offers innov. grants.",0
Fancy water from a seaweed bottle? OohoWater from ClimateKIC startup SkippingRocksLab crowdfunding past US$1m,0
Can we be the maestros of the future &amp; interact with computers with hand gestures? fet_eu project LevitateProj is showing us the way. Join us as we celebrate EICFTW this September. DSMeu EUeic ultrahaptics scicomm,1
Check tijdens de dutchdesignweek de health app GameBus van EIT_Digital,1
Exciting!! ClimateKIC Journey shortlisted for ReimagineHEdu Awards!! innovative Education climatejourney17 sollazophoniasd EbrahimKIC,0
I liked a YouTube video from ckic_alumni Local Event Bologna,1
ClimateKIC krptndr ActOnClimate is more of an implementation than an innovation task. Technologies transfer if it pays! PriceOnCarbon,0
Hemen jadanik erabaki dute EITfood hazifundazioa: multinazionalak!!!,1
You still dont know where we are?? Turn around!! We wait for you!! ClimateKIC SLUSH2017 SlushCKIC,0
The aims of this four-day course are to uncover the potential of EarthObservation and RemoteSensing as important tools for the raw materials community. via EITRawMaterials,3
"Willem Jonker, CEO of EIT_Digital. ”Finns are warm like sauna, not cold like the average weather ”. EIT_Digital has supported already 300+ EU scaleups and the value created for each € invested in EIT_Digital has broight back to society 7€s. EITDigitalAccel EITeu",-1
Great seeing zidia from chino_api on stage grants4apps in Berlin. Alumni EITDigitalAccel digitalhealth expert DataSecurity bigdata,1
"Renewable Energy Needs To Scale Up By A Factor Of Six, Reports IRENA via cleantechnica JKuylenstierna AndersWijkman andersegelrud miljotweets NiklasNrdstrm ClimateKIC c40cities MikeBloomberg mattiasgoldmann cdlariviere PLarshans renewables",0
"[ForumAV] J-5 avant le Forum des Membres! Venez rencontrer nos exposants sur 22 stands dont 4 représentants Européens: cleansky_ju, CopernicusEU, EU_EASME &amp; EITManufactur. Nous sommes ravis de les accueillir à Arcachon! Membre &amp; pas encore inscrit?👉",1
EIT Director presenting EITCommunity entrepreneurial education @ Brussels! fjagielen UrsulaMuehle Learn more,1
Now with JEPaquetEU meeting with fredplais geraldine juliocasa4iQ tkolind cc GabrielMariya EU_H2020 EUeic EUScienceInnov SEP_EU,1
"Moving from a systemically uninsurable future to a systemically investable present : Launch of Icebreaker One. We are pleased to join insurers, engineers, modellers, &amp; communicators to crack open climate / environmental data to protect us all. ClimateKIC",0
"❗️ Have an innovative business idea and want to jumpstart your business? The award-winning EITeu Jumpstarter is back with a NEW application deadline: 5 April 2020. If you want to set up tomorrow’s science-based business, apply today!",1
"SteliosYiatros NHadjipantelis ClimateKIC Don't worry, he had permission to leave...",0
I de fall batterier kan ersätta traditionella investeringar i elnät finns stor vinning. Bo Normark InnoEnergyEU om hur batterier kan förändra energilandskapet NCEW2018 smartgridsarena swesmartgrid,-1
RT EITeu: Another opportunity to work for 🇪🇺's largest innovation community! We are looking to hire a Finance Coordination Officer in Budapest. Interested? 👉 EITCommunity EUCareers,1
"Klimaschutz geht uns alle an. Sie haben die ultimative Idee, wie wir unser Klima schützen können? Dann bewerben Sie sich jetzt! Bis zum 29. Juli läuft die 3. Ausschreibungsphase des ClimateKIC Accelerators mit MunichRe &amp; ERGO Group. respond2CC",0
"Intégration des systèmes énergétiques : ce cours 👨‍🎓 vous donne les outils nécessaires pour comprendre les interactions entre systèmes et consommateurs, pour situer votre propre entreprise dans le cadre de la transition énergétique mondiale. EITeu",2
"📣Two online workshops by EITeu ClimateKIC Network of ClimateCoaches now open for registration. This Friday, May 8, 3.30pm CET there's a webinar to provide more details &amp; answer possible questions. Sign up 👉 More info on courses in this thread ⬇️",0
Starting EITRawMaterials Cross-Pitching Luncheon with great speakers in Gold Digger Bar &amp; Lounge (7th floor)! FEM2017Levi,1
We need to bring innovation &amp; entrepreneurial skills into the core of European education WillemJonkerNL EIT_Digital 7EIS EITeducation,1
.IKEA is branching out into the business of cleanenergy. By Mashable NordicMade sthlmtech solar NordicCleantech nordiccleantech CKICNordic CTScandinavia DKCleantechHub CleantechFIN via nordicgeo,0
"Gender Diversity Pays Off!🎉 At the EITeu they want to see more women entrepreneurs: more female ownership of startups, and more businesses owned by women👉",1
Participants @ H4C joint side event break out into 4 tables to identify common characteristics of H4C and to align w/ regionalpriorities EURegionsWeeks SPIRE2050 ClimateKIC EITRawMaterials,0
.EIT_Digital coached CryptTalk talked about the importance of secured mobile communication in the legal sector eCrime_Congress in London,1
In WashingtonDC on 18 June? Take part in the ClimateKIC Climathon! COP21 ClimateAction,0
Take action on climate change through entrepreneurship Apply before 15/02 ClimateKIC,0
"Manufacture cars with other lighter and more sustainable materials such as bamboo, balsa or softwood not only GOYTI plans to save up to 100k Tms of CO2 but give the opportunity to purchase a vehicle to disadvantaged populations. CLP18 ClimateKIC",-1
Making innovation happen: 26 solutions powered by EITCommunity on MICleanEnergyRD's 100 GlobalImpact list! 🇪🇺innovators working on🌍 CleanEnergyInnovation solutions &amp; affordable clean energy with ClimateKIC EIT_Digital &amp; InnoEnergyEU ➡️ SDGs H2020,-1
Annabella Hermans (Brightcape1) presenting Sara SARArobotics and engaging in a panel debate on powering AI in Europe at INNOVEIT. Well done! EITeu EIT_Digital,1
"Although cities create 70% of emissions, finance for their low-carbon transformation is lacking. CityFinanceLab is changing that: The EITeu ClimateKIC &amp; southpoleglobal-backed incubator is seeking cutting-edge climate finance solutions for cities today",0
EITCommunity delivering significant impact for Europe and its citizens. Read more about the successes in each of the EITeu's key areas in the new Impact Study: EUinnovation H2020 impact,1
Education is taking the EITeu brand global Climathon ClimateKIC 7EIS,0
Finnally! It is so exciting to begin tomorrow the EIC Corporate Day EUeic with EUeic and ferrovial_es. 👏 We're glad to hear all these innovative iniciatives from startups worldwide. Stay tuned! 💬,1
Delighted to see FloJVGschwend be recognised by EITeu for her work with ChrysalixTech on transforming contaminated waste wood into fuel,1
ClimateKIC We need financial reform and Decentralized transparency in our sustainability finance projects,0
CKICNordic hard at work in preparation for nordicideation,0
Steve3nto EITeu EIT_Digital EITalumni EITDigitalAcad EITHealthAlumni Us us! 😉 pm here or alumnieitdigital.eu,1
jackrconnors you must be Mr White House of email communications? Welcome to ClimateKIC_UKI London's climathon,0
"Let us introduce to you the jury board of CEE Startup Challenge 🏆📈 Welcome our judges from ENGIEInnov, InnoEnergyEU, scienceparkgraz and EIT_Digital! Please find the apply button under the link below 📩",1
stepandstone ClimateKIC EUBIC we've got some clean tech support and acceleration coming up at hubwestminster - let's catch up!,0
How is it helping your Business if we BLOCK all of you? Stop paying Twitter to SPAM our Timelines with your ANNOYING Paid Ads! AppApe_ General_Devices Consult_NB PitLiquor CynthiaLIVE stevebarha RaveMSafety venturelab_ch EITeu eirhealth GetTheHellOffmyTimeline,1
"Super excited for CKAA COP21 simulations in Berlin,Zürich &amp; London this Friday! cKIC_Alumni, ClimateKIC",0
WELCOME &gt; Jim/Boxergy - former oil/gas entrepreneur - wants to make a difference by accelerating renewables take-up ClimateKIC Accelerator,0
2017 Sustainable Business Summit - NYC | Bloomberg BNA AndersWijkman smartcitieslive ClimateKIC ClimateBonds,0
EU_Growth EIPRawMaterials candidate for new Commitment in recovery of CRMs from WEEE | EITRawMaterials,3
vote for us! lmarasso EngineeringSpa cityenabler EIT_Digital,1
"I'm at the DubRoPest Journey in Dublin, hosted by TCD_Environment, helping share the learnings and experiences of participants on their ClimateJourney You can get all the latest on the ClimateJourney from ClimateKIC / ckiclearning /",-1
How to implement a carbon price in long-term mine planning? Check out our paper published in RCRjournal EU_ecoinno Svemin_mining CASPEO_ ClimateKIC RioTinto RioTintoCanada rpmmining,-1
Put citizens at the centre of smart city transformation NiklasNrdstrm ClimateKIC EURACTIV usmayors ICLEI_USA EU_CoR teljeback LeadershipMatters smartsustcities,0
"As trump pushes coal, EU affirms there's ""no alternative"" to clean energy transition v ClimateKIC peter_koekoek",-1
"👀 New call for proposals of EITRawMaterials for 2020 on Education, Upscaling, Regional Innovation Schemes 💡🇪🇺🧠⚒ RawMaterialsWeek",3
We are part of the EIT_Food RisingFoodStars – the EIT Food’s club of outstanding agrifood startups and scaleups. We’re proud to be part of the first cohort from 2016. Applications are open to add a new crop of startups to the club! EITeu,1
"Delighted to host the EITeu ClimateKIC ClimateJourney in TCD_Environment with the support of TCDTangent. Join the world's largest climate innovation summer school to gain a deeper understanding of entrepreneurship, innovation &amp; climate challenges",0
ClimateKIC olliemilman Coal is certainly not sin-free. But it's also vilified. It should be exploited wisely using the latest clean tech,0
Ask Max how you can reduce foodwaste Climathon y7kcom ClimateKIC ClimateKIC_CH,0
Want to spend your summer with 400 other ambitious budding climate entrepreneurs? Time's soon up for applying for ClimateKIC's life changing ClimateJourney - so don't miss it ⚡️ Apply here 🌐,0
The EITRawMaterials Academy students on EIT-Labelled master programmes class of 2020 graduated in exceptional circumstances - and they were an exceptional cohort! Find out how we celebrated their achievement online in July 2020. graduation congrats,3
"402.67 PPM CO2 in our atmosphere CO2ThreatLevel: CRITICAL. Time for solutions, join us ClimateKIC!",0
EIT_Food EITeu CEO Ellen de Brabander EIT Foodisingoodshape,1
"Continue the conversation at MissionFinance, an event curated by ClimateKIC to help rewire finance for a 1.5 degree world. Dublin 6-8 November. Register here &gt;",0
REGISTER to attend the EIT AwarenessDay in Serbia on 6 February and learn all about the EITCommunity ! Join us and boost innovation across Europe: EIT_Digital EITHealth EIT_Food InnoEnergyEU EITRawMaterialsClimateKIC,1
The power of ClimateKIC 😂🤣😂 VassiliouEU ChristophidouEU,0
The 15 enterprises from Kenya are part of the contestants for the CLP19 global competition which brings together competitors from more than 50 countries. The aim is to grow innovative business ideas that mitigate or adapt to climate change. CLPKe19 ClimateLaunch ClimateKIC,-1
Open debate4principles MartensCentre W_Wiewiorowski WojciechKlicki ElineCMC VeraJourova EIT_Digital APCOBXLInsider AxelVossMdEP delcastillop CristianSBusoi charanzova DSMeu ThierryBreton MartaPoslad drozdz_witold PaulTimmers ViolaRoberto vestager EvaMaydell,-1
Echa un vistazo al diseño de stand que desarrollamos para Plactherm_floor en el TBB by InnoEnergyEU DiseñadorGráfico GraphicDesign,1
Desde AtosES en nuestro BTIC con los estudiantes de EIT_Digital La_UPM MasterSchool blockchain Industry40,-1
WOW!! 😍 What great solutions to company challenges have been presented by AMIR master participants advancematerials. THANKS A LOT!!! . Good learnings in the innovation and entreprenueruship module lead by tecnalia. EITrawmaterial EITRMAcademy,1
Obama's put MORE acreage under protection than ANY President via NewYorker ClimateKIC AssaadRazzouk leftocentre,0
Showing EUCouncil Research Working Party how EITCommunity is making innovation happen EIT_Digital Eindhoven! H2020 EU2017MT,1
DigiEduHack brings together inventors of purposeful digital education AaltoUniversity EIT_Digital,-1
Seeking scaleups in Zagreb Beograd Sarajevo: Meet&amp;Match EIT_Digital abc_accelerator CU at ZIPZg 5/9 ARISEEurope,1
How can we build a battery workforce and bridge the skills gap in energy storage? Norway's efforts in developing maritime electric transport is highlighted by James Copping from EU_Growth InnoEnergyEU EBAmatchmaking,2
On 16 June DCbrain will take part in the speeddating organized by innoloft_net! We look forward to meeting you to discuss your network optimisation issues and present our innovative solution INeS 🚀 cc EITeu InnoEnergyEU InnoEnergyFR,1
Agree. We certainly need to be careful that cities remain liveable. Good design-thinking &amp; nature-based solutions are needed ClimateKIC,0
"InnoEnergy_S Sten Persson presenting InnoEnergy biz creation services to Aalto innovation advisors and Aalto Startup Center. Let's get a Aalto case on Highway track at Innoenergy, Ville Luukkanen agrid_aalto AaltoUniversity startupc",2
ONLINE VOTING is still opened to elect our EIT Digital Alumni Board! 🤓 please go to DigitAlumni,1
See results of today and ideas of tomorrow. Visit the innovators at the exhibition of EIT_Digital Innovation Day now HighTechCampus,1
"What is the most creative energy solution for the Haparandadam that you can think of? Join the AmsterdamCityChallenge on 16/17 June, organised by AMS_institute AmsterdamNL adamsmartcity Vervoerregio and ClimateKIC -",0
Ben jij een master graduate? Doe mee aan EIT_Digital post-master programma. Deadline is 13 juni! digital,1
Go green with SlushHQ and CKICNordic 💚,0
We will fund 11 innovation projects across Europe that stimulate job creation and support a post COVID-19 green recovery as part of the EITCrisisResponse. Find out more: EITCommunity StrongerTogether BuildBackBetter EITimpact EITeu,1
"Saviez-vous qu'il faut en moyenne 72 minutes pour alerter 100,000 personnes en situation de crise telles que des catastrophes naturelles ou attaques terroristes? Découvrez p. 30 du rapport annuel d'EIT_Digital comment l'innovation numérique corrige cela Europe",0
Congrats Tinnitracks JoergLand great job! See you in Berlin on May 18! EIT_Digital Michael_Mast EdnaAyme,1
Good Saturday morning read! OuestFrance EIT_Digital Rennes Lecole EIT Digital simplante sur le campus de Beaulieu,1
"EITDigital lancia costruzione attività ""EIT Digital 2021"" e accetta proposte fino al 7 maggio 2020. EIT Digital 2021 si rivolge alle menti imprenditoriali che intendono avviare startup digitale o fornire formazione in materia di tecnologia DigitalEU EITDigital EITeu",1
Du hast ein Startup gegründet und willst dich mit ausgezeichneten Investoren vernetzen? Dann sei beim TECH FESTIVAL 2018 dabei. DStartups StartupTV_io energiewende TechFest18 AJK_Kuhlmann KfW EON_agile ClimateKIC InnoEnergyEU innogy_en dena_news,0
"Agorianl EITRawMaterials interesting start-up circularise to bridge the gap between recycler, producer but also consumer with a small app",3
"Hi everyone, if you want to check out our latest interview . Thanks to ClimateKIC &amp; Impakterdotcom",0
EUeic AristosInfo idearenet TheWowTune Some of them are downloading now,1
LDN_environment ClimateKIC 2 days left to apply to pitch at lowcarbon event to &gt;50% of investors &amp; managers,0
RebelBio ClimateKIC SlushHQ ClimateKIC_UKI Entirl SOSVvc Thank you so much for your support 🙂,0
_ideachallenge: Pitch 7 from 8 IdeaChallenge MediaDistillery makes video searchable EIT_Digital FCSymp,1
You can help in shaping the H2020 EUGreenDeal call! The consultation is open till 3 June. Don't miss this opportunity: ResearchImpactEU JEPaquetEU EU_H2020 EU_ENV EUClimateAction EUeic,-1
"Attending WindEurope Offshore2019 in Copenhagen, 26-28 Nov? Meet InnoEnergy_S &amp; supported startups &amp; find out how we can help you adopt pioneering new technologies to put offshore at the core of the energy mix. WindEurope windpower offshorewind",2
"Tras la presentación de las startups, damos comienzo a la parte formativa y lo hacemos empezando a dibujar el Modelo de Negocio, centrándonos en ""Segmentación de mercado y cliente"". Accelerator2020 ClimateKIC ClimateKICspain AristidesSenra La_UPM UPM_innovatech",0
"EITeu Can you please define ""innovation"" ?",1
"MWC2019 | En pocos minutos, empieza el debate ""Together, We Ride – Collaboration in Mobility Sector"" en 4YFN19 con 📌SiemensMobility 📌 EITUrbanMob 📌 trenlab 📌 zeleros 📌 padam_io",1
ClimateKIC_UKI McCannFitz,-1
Thank you EIT_Digital for being our partners at Techsylvania 2017!,1
"Patrick Child, of EUScienceInnov, says the EIC should build on experience of EITCommunity with support for the best innovators",1
airpollution costs health services £20 billion+... we need to solve the challenge ClimateKIC climathon 2016,0
"¿Quieres saber más sobre saludmóvil? El Servicio Andaluz de Salud y la Universidad de Galway organizan, en el marco de EITeu, un curso online sobre esta materia. Es gratuito y puedes informarte en innovacion.tic.fpsjuntadeandalucia.es...¿Te lo vas a perder?",1
"3 mesi di intenso lavoro per imparare a diventare gli imprenditori del futuro💪 Con il programma C-BOOT, 21 giovani aspiranti imprenditori si sono misurati col tema della CircularEconomy per sviluppare la loro idea di business. Tutti a Trento per la finale!💥 EITRawMaterials",0
Back to school this week with EITRawMaterials in Bolgna for a mix of remote sensing revision blended with an update on developments in Earth Observation tools for geoscience. Looking forward to passing on the knowledge and some new ideas to my GolderAssociate colleagues.,3
".EIT_Digital Helsinki Node Director mturpeinen is hosting a round table on Data &amp; AI with Telefonica,Daimler, Fortum and our supported scaleup SonoBeacon Slush18",1
iRBansal thank you very much! We're ready to take the challenge cKIC_Alumni,-1
Putting Europe at the center of the global revolution in food innovation and production EITeu,1
NewEra_By_SaintRampalJi चप्पा चप्पा बोल रहा है! स्वर्ण_युग आ रहा है। Golden Time Is Coming Sant Rampal Ji Maharaj ji की जय हो। ftrickxpop itsJhyphenM ShaSoIutions myogiadityanath Yoplait EITeu ankurtewari gjtwhite UIowa_Police Carl_Froch TESSOREILLYreal,1
"Cool podcast with ducky_no, Helle Moen from Minhoca and Climathon organisers in Trondheim! ClimateKIC all around (in Norwegian)",0
"Orchestrating systems change through learning, ecosystems thinking and systems innovation in ClimateKIC on the agenda this morning. Solveig Helga Zophoniasdottir bringing some Icelandic magic into our rainy and miserable morning, thanks to SitraFund",0
You don't learn it if you don't touch it. Workshop for creating our first personas EIT_Digital master in HCID informaticaupm La_UPM UX,1
"Brainware is taking full advantage of OTP_hu partnering opportunities by presenting YesElf, their powerful platform for any enterprise software. Go Brainware! EUeic mendigutia",1
IrelandEmbUSA dublincastleopw ClimateKIC DanMulhall IrelandBoston IrelandinSF IrelandAtlanta IrelandCGAustin IrelandinNY IrelandChicago Can anyone visit?,-1
Is CKICNordic swedense truly prepared to become a less transport-intensive society asks Ljungbergsblogg from Trivector_ at MalmoUT,-1
ClimateKIC electronic waste ideas at Climathon London hubwestminster! ClimateAction,0
Great to hear the eco footprint panel at EITRawMaterials Expert Forum spend some time discussing ownership of cars and electronics. For the sake of keeping materials in Europe that’s key!,-1
"To all my digitalumni mates: registrations to Annual Meeting 2020 will open tomorrow for all Associate Members, thus the event will go likely SOLD OUT very soon! It's ur final chance to join coolest tech event of 2020 in beautiful Croatia 🇭🇷 Sign up NOW!",1
Christian_Lavey YouTube EIT_Digital GoogleSmallBiz CronosGroep socialmedia2day SMExaminer EuropeanYouthEU StatistaCharts DigitalSkillsEU Thank you Christian_Lavey great account! We hope your magic continues to reach people's minds 🪄,1
EIT Digital levert Europa’s volgende generatie innovaties en ondernemers EIT_Digital,1
"Tomorrow, 25 deeptech growth stage European scaleups will pitch in our Brussels office (5 finalists X 5 action lines). Scaleups that rank 1st or 2nd will win a base fee free entry to the EITDigitalAccel. The event will be played live on facebook. Pls, follow EITDigitalAccel!",1
The 4th annual World Food Summit will take place in Denmark 29-30 of August 2019. EIT Climate-KIC and NKJ will organize a side event – REGISTER LATEST August 22nd! protein sustainability worldfoodsummit food nordic ClimateKIC nordenen,1
2/3 di Builti presenti a R2B2019 Smau smaunotes erstartup EITalumni iceroadshow Arter_ER,1
".M_Mahdjoubi Founder malmostartups orbital_systems created a $2.5K shower that never runs out of hot water, backed by former Tesla + Skype bigwigs. By BINordic NordicMade nordiccleantech NordicCleantech CKICNordic CTScandinavia DKCleantechHub",0
Discover the network of the EITalumni at the eitdigital19 Discover their stories from students to successful entrepreneurs. eit EIT_Digital,1
Back to school: Working on ApacheFlink and ApacheBeam training slides for the EITeu summer school in Stockholm next week. Teaching is a much underappreciated art. Thanks for inviting me SenorCarbone.,1
"Professor Esko Niemi of AaltoUniversity presents the newly launched EITManufactur – it has an ambitious set of goals, including 1000 new startups by 2030. aaltodigi",1
"In June, another EIT ClimateKIC startup, Thermondo, secured €23.5 million in investment",0
FCSymp EIT_Digital kubernates 1000 feet view,1
.InnoEnergyEU partners with energy companies to launch Power2U sweden,2
"One of my fave ClimateKIC supported startups, zolar_de, offers a household solar kit. I love heading to Brandenburg &amp; seeing all the homes with their big sloping roofs—a nod to the Fachhallenhaus— full of solar panels. The contrast between textured natural materials &amp; sleek PV.",0
WE'RE OFF! Today's ClimateKIC Climathon 2018 is the biggest global climate hackathon in history. Check out the 7 city challenges in the UK and Ireland &gt; LondonLegacy SustransWMids smartdublin EdCentreCC,0
"Anita KrohnTraaseth, member of the EUeic’s advisory board, says Europe can take the lead in the coming wave of technology-driven growth NordicMade nordictech cphftw helyes icemade siliconfjord sthlmtech estotech startinLatvia LTstartups",1
CKICNordic AndersWijkman altingetmiljo Is there an English version of this AndersWijkman ?,0
APPLY NOW – EIT Digital Challenge 2016 by EIT_Digital via alphagammahq eitdigitalchallenge entrepreneurship,1
"El 8 de noviembre, EIT_Digital y amigosEyS organizan un singular encuentro B2B, TE APUNTAS?",1
"Say Good-bye to the MarshallIslands ... cc: TheCVF, ClimateChangeUS UNDPClimate ClimateKIC",0
Congratulations to our AriseEurope partners EIT_Digital,1
NEWS &gt; SolarisKit secures £250k for Africa trial ECCI ClimateKIC Accelerator start-up flatpacksolar has been awarded £250k innovateuk funding to begin trials of their unique flat-packable solar thermal collector in Rwanda ☀️🌎,0
Check out the A to Z of Climate Innovation from ClimateKIC ClimateAtoZ,0
"ClimateKIC CKICNordic UNLEASHlab ARoSKunst Aarhus2017 But there you were rajiv_VB, I knew I'd seen you at unleash ;)",0
JOIN OUR JOURNEY vestager ThierryBreton GabrielMariya ViolaRoberto ChristophidouEU JEPaquetEU JeanDavidMALO1 scibus tech_eu MichalBoni EITeu EU_Startups SEP_EU DSMeu EUdigitalsme rsiilasmaa EvaKaili BuschRo anne_bucher FransAvanHouten Philips nokia siemens,1
"Might be of interest for a lot of partners from EITRawMaterials, but also for partners from the new KIC on AVM to be supported via EITeu; remember this EU_H2020 call is also including topics of circulareconomy",-1
Dreamteam! ClimateKIC Climathon London,0
metsol2016 happy to share stage with our cousins of ClimateKIC EITDigitalAccel,0
"EITRawMaterials brings together business, education and research, the 3 sides of the ""knowledge triangle"" says CEO Managing Director Karen Hanghoj eiprawmaterials RawMaterialsWeek17",3
"Pleased to attend the launch of the Europeanbatteryalliance Business Innovarion Platform, and look forward to continuing the collaboration. Congrats InnoEnergyEU! EBA250 EBRDgreen",2
"k4innovation starts morning Brussel debate on their Pact on Innovation : up to a bigger Framework for R&amp;D, support for EITeu and Smart Specialisation in the Structural funds. CohesionAlliance ASMLcompany hanze CohesionAlliance EPPGroup MaleticIvana JerzyBuzek",1
ILdeV discussing digital transformation and the industry needs to secure the right skills EITDigital17 EIT_Digital DigiCatapult,1
Ugly Juice team is looking at turning ugly fruits and veggies into juice DC climathon sustainableGW ClimateKIC,0
Market talks: Timely acquisition for post COVID-19 power boom. IEA TheOPECFund WorldCoal CoalIndiaHQ USCoalExports IndonesiaCoal Hindifoundation BJP4India BP_World exxonmobil Chevron OmanOil VezaratNaft UK_Coal InnoEnergyEU energy_african eachamber coal_japan,0
Venite oggi alla sessione dedicata ai Millennials e a come affrontano il mondo del lavoro. Ore 14 Think2018 UnicreditPavilion unimib unipv MIP_PoliMi polimi PoliTOnews LaStatale Unibocconi BolognaBSchool Unicatt TalentGardenit EIT_Digital,0
The EITeu competition for new Innovation Communities in urbanmobility and added value manufacturing has been launched. Find out how you can help boost innovation across Europe - deadline 12th July: EITUrban EITManufacturing EITCommunity H2020,1
MauritsGroen during CKICheroes17 cKIC_Alumni inspired ActOnClimate education through Entrepreneurship,0
Climate-KIC CEO BertrandVanEe inspired by CKAA president on stage este_tapias INNOVEIT cKIC_Alumni ClimateKIC,0
Was genau ist der Europäische Innovationsrat EUeic &amp; welche Förderung bietet er für mein Unternehmen? Unser Erklärvideo informiert Sie über die Förderbedingungen &amp; -instrumente des EIC Pilots. Sichern auch Sie sich Ihre Förderung!innocheckbw WM_BW,-1
"PraxiNetwork supports ClimathonHeraklion taking place today in Heraklion, Crete FORTH_Hellas GlobalClimathon ClimateKIC",0
"Check out ""City challenges"" organisé par EIT_Digital France. Avec cfavart elegale XavierMathieu4 NovaVeolia issymedia cc BenoitAimond SmartCity mobility networking paris",1
GrowUpBox ClimateKIC CleantechBG But they're missing a trick. No pitches to move low income households away from coal use in cold winters (big source of airpollution),0
Next week - ClimateKIC's Climate Innovation Summit kicks off! We'll host a Masterclass on corporate supply chain ClimateAction.,0
Opening speech of Trento Node Director Gian Mario Maggio at EIT_Digital Italian Innovation Days. Industria40 Industry40 innovation,1
Enhorabuena IoTrazable por premio Accelerator2019 ClimateKIC dayoneCABK,0
Discussing with EITeu students at INNOVEIT. EIT gives us an edge but let's have more common summer schools uddpol,1
What is the new social contract going to look like for the financial institutions as we innovate for sustainable finance? SasjaBeslik MissionFinance ClimateKIC,0
New funding supports climateentrepreneurs through the pandemic crisis 🌍Find out more @ ClimateKIC ClimateKIC_CH socinn,0
Did you know that 5 of Forbes 30 social innovators under 30 in the EU are EITeu alumni?,1
To all of our ClimateKIC female climate entrepreneurs - applications open for the WIPrizeEU ! cKIC_Alumni,0
Thanks EITHealth_UKI for your continued support! Huge shout out to the entire team working on open source solutions! Love the photo taken during our ClimateKIC masterclass on scaling and funding too! sapieninnovate ColinJ_Keogh,0
thanks EnergyLabAU ClimateKIC for a great event last night. Great conversations about cleantech with very interesting people,-1
"Cyclebox, popup cykelparkeringv vinder Climathon. Godt gået! ClimateKIC",0
Learn English to improve your spoken and written communication in energy transition.InnoEnergyEU Register now:,2
"Happening tomorrow, Nov 26! Blockchain and IoT: current adoption, challenges and opportunities - meetup in Barcelona with: veronicatorras sbaila Jelurida Marc Pous gy4nt ⁦thethingsIO ⁩Dani Serra ⁦daserse EITUrbanMob David Bergoff",-1
How to save the future mega cities? - including ClimateKIC Accelerator Climate Tile ClimateSusanne idasofiea,0
Three ClimateKIC UK start-ups visit Silicon Valley this week with the CleanandCool mission cleansf,0
What are your thoughts on nuclear power to combat ClimateChange? divestinvestorg singularityu ClimateReality HPI_DSchool ClimateKIC SDSNYouth youthsdgssummit devperspectives YourStoryCo amaniinst sat_sure _SocialStory,0
"🛠️🌆 ""We're developing a rich bag of tools to help financial centres develop a sustainable finance strategy"" says ClimateKIC's Scott42195 Find out more in Dublin this November at the Climate Innovation Summit: MissionFinance",0
Best of luck to the CityEnabler team this afternoon. We hope they will reach the Top 3 with their FIWARE-powered solution at the 2018 EIT Public Awards. Fingers crossed!🤞 EngineeringSpa EIT_Digital LMarasso,1
What a great story! Best of luck in the future Hans! congratulations 🎉ontoforce I'll be over for chocolate!!😊EITeu EITAwards,1
Wattsun_net throwing a mobile energy party at TBB2017. Now we can take our solar power with us anywhere! InnoEnergyEU PopupPower,2
"Very happy to attend the debate on the industrial dimension of the EU’s energy and climate strategy, organised by InnoEnergyEU and IFRI_ Addressing climate change should provide the opportunity to create quality jobs but also to ensure the EU’s technology sovereignty",2
Startups cleantech inspiration party! Tomorrow is the big day ClimateLaunch Spain CLP19 AVAESEN ClimateKICspain ClimateKIC! 🥇🦄🍀🔝,0
PRICELESS 😄🏆🏆😄 I've got to the final ClimateKIC - Accelerator 2016! Remember: crickets are cool for environment,0
.w_dron du LIP6 upmc : Un des 1ers diplômés du programme doctoral d'EIT_Digital cc EITDigitalAcad Julie__Newton,1
"RaiRadio2 è media partner ClimathonTorino e MSClimathon! Ascoltate il podcast della puntata di oggi di caterpillarrai, con le interviste a KirstenCKIC CEO ClimateKIC (minuto 14.10) e a Simone, uno dei partecipanti al Climathon (minuto 1.05.36) 👉",0
"""The communicator needs to be savvier about the end customer."" EdnaAyme (EIT_Digital) NICE interview in codimag!",1
MarlouHermsen MERITchris kashfshah NAEEMABUTT90 mohsin_shahin cKIC_Alumni WorldMeritOrg WorldMeritHQ,-1
Now for something a little different.. enjoying the QuantIC_QTHub conference in Glasgow Science centre hoping that EIT_Digital can support innovation in this important technology area,1
🔎 Want to join edgeryders' SciFiEconomicsLab (supported by EITeu ClimateKIC) but don't want to travel? Support the event &amp; livestream it for only €15! Watch writer doctorow engage with an economist's ideas on 'fictional economies' on 11 Nov,0
.EUeic EUR 164m available in 'fast funding' for startups working on COVID19 solutions. Deadline 18/03. Need support in preparing your application? Join slack channel at (,1
"MarosSefcovic EU_Commission Energy4Europe EUClimateAction eaEnergyEU ClimateKIC Mayors4Climate Regions20 ZEKvSR MICleanEnergyRD eurelectric ABBgroupnews Flawed logic MarosSefcovic. It won't ""pay off"" like that. Those €266bn bring in €420bn revenue from taxation of oil &amp; gas products alone. These revenues allow EU govs to pay the €70bn subsidies to renewable energy in the EU.",0
"D-2 CoimbraGroup conference on research impact (Venice, 6-7/12) EUScienceInnov robbertfisher jiip_eu LidiaBorrellDam euatweets SGR_YERUN KurtDeketelaere LERUnews janpalmowski guildeu ERC_Research SASNews EIT_Digital EITeu wellcometrust",1
6novembre Ecomondo La delegazione del Ministero Economia della Bulgaria ascolta le storie di successo delle startup del Programma Accelerator di ClimateKIC in Italia Arter_ER TnSviluppo HIT_trentino,0
"Innovation partnerships supported by EITeu can be model for boosting cooperation between education, research &amp; innovation at local level",1
"Do you find it difficult to have conversations about climate change with friends &amp; family? CAST Centre core partner ClimateOutreach are here to help with their TalkingClimate project with ClimateKIC, starting with a webinar on August 1st.",0
“Innovation is when you get rid of old pardigms” Unstoppable and Irreversible ClimateKIC bertrandpiccard,0
ClimateKIC is offering a great opportunity to SwissStartups to join their international programme DEADLINE: 2 Oct!,0
DamianoBolzoni and WillemJonkerNL get prepared for their interview EIT_Digital makers &amp; shapers session at our office in brainport Eindhoven,1
"Nice start-up innovation: Zubax’s technology allows electric vehicles (especially aircraft) to travel further using less energy, bringing the SustainableFuture closer tehnopol EITeu ZubaxR",0
"10 start-ups participan en EITFan, una carrera de 4 meses por un premio de 100.000 euros y acceso al mercado agroalimentario. En NEIKER colaboramos con esta iniciativa de EITFood para lograr un sistema alimentario más sostenible, saludable y de confianza",1
Register by 29/06 for our next ARISE Europe Open Hours and discuss with our EITDigitalAccel team to scale up,1
Graduation of our InnoEnergyEU Energy for Smart Cities Master Program. Happy to be with these excellent ex-students and now energy professionals. Many thanks for the 2 years of experience and good luck for your professional life!,2
Lets swap teams and listen to the ideas of the others teams. Ready to share our visions! ClimateKIC Forestry,0
EITHouse in Brussels is now officially open EITCommunity,1
building ClimateKIC info_fisonic Spero Delox alignersdirect sheapping ViableReport «,0
Thank you very much pjprendergast for your wonderful hospitality TrinityCollege Dublin EITeu GoverningBoard,1
"Shout out from ClimateKIC: Apply for the Climate-KIC Accelerator until Feb 16th. Get the package for up to €95,000.",0
Great climate opportunity ClimateKIC ClimateLaunch riyongkim,0
".InnoEnergyEU ready for Intersolar. See you in Munich, Hall A2 booth 240",2
"Ready for the opening of our new Satellite Office of EIT_Digital in Milan, hosting entrepreneurial Education, innovation activities and our startup accelerator.",1
"dhofstetter_x ClimateKIC gquaggiotto sam__rye KHayhoe beatricelucy MaibachEd AliceMEvans Are you aware CKIC created a new module based on engaging people, and my work? It’s excellent, check it out!",-1
You can still apply for the first ever Romanian edition of PRIMER powered by InnoEnergyEU! workingontheiceberg,2
"Launching the Climatechange guide for local authorities in England! Excited to attend this event on behalf of the LI talklandscape , together with our policy manager. CATiDLandscape ClimateKIC_UKI ClimateKIC BCUPressOffice IntFedLandArch geoponiko RTPIPlanners",0
"Excited to be working with the Hamilton city CKICNordic Solved and IFHP on the Urban Open Innovation Lab, where Nordic businesses will adapt innovative solutions to deep retrofitting of social housing and increase affordable and sustainable housing.",0
female entrepreneurs on impact sustainability circulareconomy sharing ClimateKIC social startups COY13 COY13official FoodCloud,0
"Great moment: EITeu kicks off innovEIT, our annual meeting with all other KICs. EITHealth is represented with some truly great scaleups and individuals: SaniNudge, FibriCheck, Enmodes, LauraSoucek &amp; MontseVendrell Good luck for the EITawards🍀👍",1
Henrik Seiding shares insights of integrated city-planning liveablecities ckicnordic ramboll,0
Our second jury group ready to hear pitches within the materials sector at the NordicIdeation Day hosted by CKICNordic and lunduniversity,0
.MetronSas EITDigitalAccel scaleup getting more global !,1
ClimateKIC study reveals how to maximise Europe’s low carbon activities climatechange climateaction ClimateKIC,0
"Let’s talk cleantech! Don’t miss this cool startup night from ClimateKIC on April, 28",0
"Sign up for EIT Health LaunchLab, validate your health idea &amp; launch all over Europe EITeu",1
Meet us at switchmedconnect with giz_gmbh ClimateKIC ilo MowgliTweets Ship2B hivos UNDP,0
Beautiful night on the Main in Frankfurt after a great dinner with friends and colleagues at ClimateKIC . Job well done on CKCIS2016,0
"Fabio Pianesi EITeu Digital ""Innovation &amp; Entrepreneurship with pan-European accelerators""",1
intellidigest Thanx EdCentreCC ClimateKIC_UKI HeriotWattUni HWU_RES HWEngage HWUInnovation ConvergeC ESparkGlobal VenturefestScot,0
Thank you EITDigitalAccel for having us!,1
Exited to see Carbon_Cloud from the CKICNordic Accelerator at the Roskilde Festival orangefeeling . Another is FlowLoop helping with savings on needed showers mikkeltrym haxh,0
PodcastBronze EIT_Digital Its a dream for rich people... Imagine the possibilities! They've always wanted to enslave the poorest but the law demands a wage to be paid and now they'll enslave machines. The poor can finally die of starvation,0
"Partner Day surely makes the cut for the list of inspiring events in January! A very special guest, ClimateKIC's CEO, KirstenCKIC paid us a visit! Get inspired by the pictures: EITeu ClimateSusanne RISEsweden EON_SE_en malmostad Trivector_",0
Super to have Hildegarde Naughton TD 1Hildegarde &amp; Chair of Government’s Special Committee on Climate Action at Galway Climathon 2018 run by nuigalway ryaninstitute in portershed with tech_innovate ClimateKIC,-1
No Longer a Dream: Silicon Valley Takes On the Flying Car via nytimes GDenergi Euractiv STHLMTech ClimateKIC,0
EITHealth EITDigitalAcad,1
"With MyCarLot, smart parking enters the IoT with service directly into the car. Brought to you by EIT_Digital with great European technology inside",1
"barriolapinada and me are visiting TBB2017 by InnoEnergyEU. Only 3 days to go, see you there Innovation Energy TrackleClimateChange",2
Keenay_F AfriCANcircular PR_Senegal UNIDO EU_Commission makingitmag ClimateKIC AfDB_Group CEStakeholderEU ICLEIAfrica ValuedCircEcon SitraFund Thanks Senegalese Kiné! And fingers crosses for tonight 😉,0
Thanks to our ConnectedClusters ClimateKIC we are training the next generation of European ecosystembuilders clusters governments to boost ClustersofChange! Day3 in Frankfurt at theCAP ClustersofChange skills investment and bold leadership!,0
"How to win a hackathon? Use these tips from EIT_Digital MasterSchool students who win hackathons all the time: 1. Look around, talk and pitch your challenges 2. Start brainstorming 3. Find a solution for a real problem Read the full story here:",-1
"Happening now: ClimateLaunchpad panel discussion on ""how is Africa's innovation ecosystem defined currently"" &amp; ""what will it take for Africa to reap the benefits of such innovations?"" Irish_Aid IrlEmbKenya KenyaCIC EU_Commission AfricaSustain1 ClimateKIC CLP19",0
MWorsdorfer à Revitaliser l'industrie européenne par la TransitionEnergétique ! Avec InnoEnergyEU DelorsInstitute EBA Energy industrieeuropéenne,2
Visiting Carpigiani museum....ClimateKIC FloraRosenow pamr83 KIC_simon Aster_ER,0
Jb LivingLab_in_EUWatcher is out! Stories via Transport_EU EITeu EEN_EU,1
.refurbed_de is an EITeu ClimateKIC start-up that is the fastest growing marketplace for renewed products in German-speaking countries. Meet them at SlushHQ! Slush18 MissionFinance CKICSlush ABBgroupnews,0
VERY proud to see the YoungClimathon being highlighted in this years Climathon ClimateKIC News from last year.,0
Delighted to support SusNatIrl &amp; ClimateKIC on this great programme with some fascinating startups,0
"ClimateChange affects&amp;disrupts business &amp; it will only continue 2 increase in visibility and importance over time. Business leaders from futerra , Danfoss ClimateKIC presenting what they do 2 focus on transformation opportunities. SustainableFutureForum by GreenGrowthFund",0
🛫 to EIT_Digital 2016 event to present Fluxedo_app products built on streamReasoning research (RealTime BigData that tames variety),1
The quest for real life definition - IEEEsmartcities expert rsaracco of EIT_Digital discusses:,-1
Catch EITDigitalAccel supported scaleup GuardSquare Sept 12 in siliconvalley SEC2SV,1
"EIT_Digital Digital Health: 727 Cos, $36.1B invested, 10k+ people. Stay on top of it",1
Retail Innovation from EIT_Digital ready for market at PICOM New Shopping Experience 2017 in Paris SpaceifyOrg VividWorksLtd Alfstore,1
Notre programme de formation CCFT avec le fmdv_org ClimateKIC et giz_gmbh Listen2cities Habitat3 sera présenté,0
bits from Photo.Synt.Ethica bio-digital curtain in Dublin by ecoLogicStudio for ClimateKIC,0
"The perfect example of how incubator programmes, innovators, living labs and launching customers should join forces! ClimateKIC_NL ClimateLaunch EITRawMaterials ClimateKIC LDE_CfS",0
"Analytiker: Trump vinder, og klimaet taber climate ClimateKIC innovation greentech cphftw",0
"Live from 2nd ECCA2019 day: ClimateKIC CEO KirstenCKIC brings the concept of strategic risk to the floor as a ""sense of being"" of companies' businessmodel. Finally words that speak to the corporate world to enabling companies taking up on opportunities from climatechange",0
"Der ClimateKIC-Alumnus hawadawalabs sammelt in seinem Pilotprojekt Erkenntnisse zum Nutzen von Ecorouting. Die Projektpartner Hawa Dawa, SiemensMobility und RYDofficialDE suchen nun eine neue Gastgeberstadt für ein größeres Projekt. IoT Klimaschutz",0
Learn more about EITeu ClimateKIC's DeepDemonstration with govSlovenia: iMatti clionahowie CEPS_thinktank CEPSlab20 circulareconomy CEStakeholderEU CircularConvers circularconversations circulartransition circulardesign CircularRegions,0
What Elon Musk revealed at Tesla's secretive Gigafactor andersegelrud southpolegroup miljobloggen ClimateKIC,-1
"The past 3 months have been a rollercoaster for the EITCommunity! Watch the exciting journey of the 2017 EITAwards Nominees, from entrepreneurs with innovative ideas to awarded change-makers. They make the future happen! EUinnovation H2020 GEW GEW2017 GEW17",1
CMBarrat on Tribes and Networking at ckicnordic NordicPartners nrpol,0
Intense discussions for IsCleanAir at VivaTech hosted by ENGIEInnov via EITDigitalAccel !,1
This is so useful for what the Climate Finance team is doing at InnoSpaceJourney2018 by ClimateKIC gianmarco_paris SejiPatel,0
Get rid of latencies! eit_digital TrustedCloud 2015 results opensource available at,1
CU @ Stargate Innovation Day: Audiotube Pico_buzz Dignisen RezGuru &amp; TrackticsZone with EIT_Digital iHub_eu,1
Defense Secretary Carter thanks teen for hacking the Pentagon via EITeu,1
'Is biodegradable clothing the future of fashion?' BiodegradableClothing SustainableFashion ClimateKIC,-1
Looking for a job as Senior Business Developper in Paris in the digital field? Check this post from EIT_Digital,1
REGISTER: Join the ClimateKIC community and the world's leading sustainablefinance innovators for a 3-day event in Dublin &gt; missionfinance,0
EITeu &amp; JRC Estimate 680 TWh Of Annual Rooftop Solar PV Power Generation Potential For EuropeanUnion Using geospatial &amp; Statistical Data With MachineLearning,-1
Thanks for the great MeeatAndMatch event in Zagreb ZIPZg abc_accelerator EIT_Digital ARISE_Europe,1
"FrancePeril c40cities Anne_Hidalgo Paris UNFCCC ClimateReality CKICNordic Sustainia Mayors4Climate MikeBloomberg COP23 Ou pour solutionner les problèmes de Paris, d'ailleurs c'est Chirac qui a lance le plan vélo😏",0
.ClimateKIC DEVASTATING effects of KillerPalm fires greenhouse gases on climate must STOP,-1
scaleup EITDigitalAccel “El 40% de las empresas de la UE tienen problemas para cubrir puestos” vía CincoDiascom,1
BMW is overhauling its R&amp;D team to focus on self-driving cars via EITeu,1
lonefeifer ClimateKIC COP21 We push fridge coil cleaning at it's rarely done COP21 COP21Paris,-1
Great chat with wongkxt about OpenSensorsIO &amp; AirPublic airquality bike sensors ClimateKIC project this morning!,0
"Almost all of the 🇬🇧UK’s 29mil homes🏠 need to be improved to achieve net-zero carbon by 2050. Funded by EIT ClimateKIC, AcceleratorCities is a project that supports towns &amp; cities in developing their own home retrofit programmes. Find out how👀👉",-1
".InnoEnergyEU CEO Diego Pavia stresses 3 things for tapping innovation: 1. engaged citizens, 2. demand next to supply investment: the public sector can be the 1st customer for innovation, 3. homogeneous, non-fragmented regulation EuEnergy2019",2
RT ClimateKIC: We support your cleantech startup with expert coaching and up to €95k: ClimateAction COP21,0
Coach designthinking di Aster_ER CAST CIRI MAM cKIC_Alumni al tecnopolo rimini per accompagnare studenti internazionali di euroenviro,-1
"NAUD_JF EITDigitalAcad Pas sûr que ça suffise à justifier... Ça ne dit pas tout, mais j'ai récemment mos noir sur blanc qq convictions :",1
RT CazVDP: Great ClimateKIC startups pitches here in Berlin! greenrevolution innovation EITcommunity innovati…,0
Congrats to ClimateKIC startup defab for their coverage in LesEchos,0
Getting ready for the ClimathonNicosia inside the Venetian walls in the old city FamagustaGate GlobalClimathon CyEnergyAgency CyUniTech chrysalisleap ClimateKIC NicosiaMunicipa EITeu cKIC_Alumni InfocreditGroup RISECyprus Eurobank_Group,0
Fun wbcsd workshop on the CircularEconomy today in Amsterdam in partnership with degroenezaak NL_Circulair ClimateKIC. Great venue DeCeuvel!,-1
Ist VerticalFarming die Zukunft der Landwirtschaft? Hintergründe und Pionier-Unternehmen bei RESET_org. Mit dabei ist auch das von ClimateKIC unterstützte Startup ECF_Farmsystems,0
Master School students EITDigitalAcad work on a eHealthcase at partner university UTwente,1
The EU_Commission proposed an update of the ⚖️ legal base of the EITeu ➡️The revised EIT Regulation ensures greater legal clarity and alignment with the EU Framework Programme for Research and Innovation; and 💡reinforces the EIT's governing structure.,1
",ckicnordic is uniquely positioned to assist new solutions to scale fast. 100solutions",0
"GabrielMariya EUScienceInnov EU_Commission EUeic antoniahamilton UCL_ICN autism_ICN cappa_cit CIT_ie EU_ScienceHub UniPadova CIT_PhysSci MSCActions EU_H2020 EU_Health ItalyinEU europainitalia MassimoGaudina OrlaFlynnCIT NormaWelchCIT eurireland EU_ENV Autism affects 1 child in 89 in Europe, and approximately 50% have learning difficulties. But measuring how a child makes progress in their education programs remains challenging. antoniahamilton's new ERCPoC project aims to solve this problem:",1
.InnoEnergyEU supported innovation Corpower_Ocean and Simply Blue Energy Ltd have signed a Strategic Collaboration Agreement to develop a number of significant wave energy projects off the coasts of the UK and Ireland. Sustainable Energy Windenergy,2
"When it comes to fostering innovation, location still matters. Learn how geo-based “innovation ecosystems” need five key stakeholders to thrive. via MITSloan EIT_Digital",0
Isn't it time to STOP Climate science denial? ClimateKIC krONik leftocentre blanketcrap BLUEdotRegister,0
ClimateKIC UK Education is recruiting a Curriculum Developer to join our brilliant team!,0
climatekic: Check out the infographic on the EU low carbon economy … - via debatingeurope,0
Please RT to support the 10 Cyprus cleantech ideas of ClimateLaunch. Let's get them into ClimateKIC.,0
MT ClimateKIC One way the Californiadrought is contributing to climatechange via CityLab,0
"FagorTaldea agirrecenter emun_taldea ClimateKIC MazzucatoM IIPP_UCL Michelle_Zucker LeadbeaterCh 5/ Inpresioa daukat, egun benetan garrantzitsuak izaten ari direla hauek Berrikuntza Plataformaren hurrengo urteetako norabidearen definizioan. Zorionak sukalde-lanean zabiltzatenoi! BibaZuek",0
FC4SNetwork cityoflondon GFI_org NVJRobins1 ClimateKIC_UKI Can I work from home?,0
"Original, lively characters designed for European innovators in education and Tech. The EIT Digital Master School is delivering tomorrow's digital innovators and entrepreneurs SundayMorning EITDigital Tech Branding GraphicDesign EITCommunity",1
Quosys_ES making us smile with a very interesting talk on ClimateKIC accelerator,0
1 day passes available for TBB2017 get yours now and meet Startups and Innovations in Sustainable Energy EITeu,2
Hola/Olá SouthAmerica!! 👋 Find out more about cities participating in the ClimateKIC Climathon today via,0
The round table of ClimateKIC has been having great chats about sparking innovation in business SIF15,0
Lively discussions about Scope 3 emissions and sharing ideas how the participants can be part of these initiatives Thanks for joining this Masterclass ClimateKIC Summit missionfinance and thanks Quantis_intl for sharing your best practices,0
EITRawMaterials supported startups have started their pitch presentations EuroMineExpo,3
Exciting news EIT_Digital! 🙌,1
Good luck with building your teams at EITRawMaterials EITeu,1
"Come and visit Waylay at IoT Solutions World Congress in Barcelona, Sept 16-18, booth D461, together with EIT_Digital ! iotswc",-1
Really honoured to be selected as a nominee for the EITDigitalAccel Challenge 2019 finals – the contest for deep technology scale-ups fuelling Europe's digital transformation. Looking forward to the event on the 6th November in Brussels! 🎉,1
"As part of the EU’s effort to tackle COVID-19, the European Institute of Innovation and Technology is launching the ‘EIT Crisis Response Initiative’, EUR60m of funding to innovators power high-impact solutions that help tackle the crisis EITeu Innovation Technology COVID19",1
RawMaterials for industry: innovation improved by advanced studies and technologies. EITRawMaterials meets the market Pmeccatronica,3
the_yiayia_girl Nively_sas EIT_Digital un service haut de gamme pour les personnes les plus vulnérables,1
Sneak peak of the first photos from Talk Nerdy To Me in Goslar. Thanks to everyone who took part in this fantastic event! TNTM2019 ScienceCommunication RawMaterials EITRawMaterials RWTH TUClausthal,3
Pitching solutions has started in Winterthur: tension in the air climatekic climathon,0
ClimateSusanne ClimateKIC plsterndahl CKICNordic EITeu sollazophoniasd Thanks for coming by ClimateSusanne . It has been some inspiring days at missionfinance discussing the future of learning for climate-innovation. ClimateKIC,0
Meet our Battery &amp; Electric Vehicle Materials manager David_Roskill at the EITRawMaterials FutureMobility forum.,-1
"Participating in the ClimateKIC journey in 2015 had such a huge impact on me &amp; my career trajectory, so it was a real honour to moderate this session of fellow alumni today &amp; discuss funding challenges &amp; opportunities for climate startups. Thanks cKIC_Alumni for having me 💚",0
La startups de datamarketsvc están aprendiendo de los mejores NokiaFiland y ibmfinland Gracias a la EITDigitalAccel por acoger esta sesión EBDVF19 BDVA_PPP InnovationWorks,1
Open call for proposals: €1.5Million to develop Scalator programme for EUeic startups From acceleration to scalation services InfoDay: 11/6 Find partners &amp; present us your idea in ppt (3’) All info at: cc GabrielMariya JEPaquetEU JeanDavidMALO1,1
"Power up! climatekic at 20 on latest SustMeme Climate &amp; Energy Top 500 ranking, published by McClelland Media",0
Heading up the final ClimateReality training day and understanding the best ways to deliver the message and dramatically increase awareness to leadonclimate together with algore and ClimateKIC &amp; cKIC_Alumni colleagues!!,0
PaulBirdAVI the power of the AustVolunteers global alumni could collectively create great change and influence in this space. Hope all going well ClimateKIC EuropeanUnews,0
Just got interviewed by MalatiKhadka &amp; ClimateKIC about our recent investment round gbgtech swetech cleantech,0
EUeic is organising an ePitching session on 30 April to match innovative solutions to COVID-19 developed by companies to the needs of the healthcare sector. Registration closes 8 April. Read more and register here:,1
Venni from StockholmUniLib sharing her learning experiences from the CopernicusEU InnoSpaceJourney2018! ClimateJourney18 EITeu ClimateKIC_NL ClimateKIC sollazophoniasd FrancescaLaros1 Majakrowicki linegry lunduniversity SBICNoordwijk gareth_wakeling kramirezramos,-1
We are hitting Brussels for EIT_Digital Conference on September 11 &amp; 12 to discover innovations that will shape the future of a strong digital Europe. 👉 Meet us at Innovator’s Village Booth 34! eitdigital19,1
"Europe's future is connected to its power to innovate! In Hungary🇭🇺, environmentally-conscious🚯 consumers will soon get online access to fresh groceries from local farmers👩‍🌾👨‍🌾. E-group's Farmhopper is working on it with EIT_Digital support👏!",1
Hands on city inspiration on optimizing collaboration in the ClimateKIC network - Thank you Jonas Kamleh malmostad,0
"Un ingrédient clé pour une levée de fonds importante ? La traction clients DanielMichel99, Head of Access to Finance EIT_Digital via frenchweb",-1
climathonlund in local media 👏🏻 climathon CKICNordic,-1
WFUF2018 We strongly believe on climatechange! ClimateKIC,0
"AlexLemille TimmermansEU ValuedCircEcon CircHumanSphere JanezPotocnik22 friedlh kherlevi brunepoirson WayneVisser ClimateKIC CircularEClub Brilliantly said! This is a story all to be written, let’s choose the best plot and characters for it.",-1
Go and check out the upcoming sustainable food events we have coming up! You will not want to miss out. EIT_Food EITeu ImdeaAlimenta annualfoodagenda futurekitchen,1
Attending to EIT_Digital DTS/DSL workshop on cybersecurity. Always eager to learn.,1
maccur EITeu ClimateKIC 👏👏👏,0
.ritter_mary cites an example of a ClimateKIC project: bringing aviation towards the biofuel industry EUCClimate,0
KTHuniversity EIT_Digital EIT Digital Business Development Accelerator DeepDive in Stockholm exciting perspectives!,1
Curso ClimateKIC de competencias profesionales en innovación economíacircular en gestiónhídrica cambioclimático,0
"DH2018 Innovation Prize: Entry deadline 26th Mar. Exposure, recognition, feedback on digitalhealth innovation PLEASE RT innovateuk DigiHealthFest IDEALondon DHealthLDN EITDigitalAccel EITDigitalAcad grandlyon EENLondon EENFranceMed HH_Lyon",1
""".EITeu is an integral part of the EU Research and Innovation landscape!"" says Begoña Arano – Head of Unit, Innovation and EIT, DG EAC. EITUrban EITManufacturing",1
EIT_Digital Master School students visit ocecareers,1
Follow Climathon GlobalClimathon ClimateKIC for regular live broadcasts &amp; to be part of the world's biggest climatechange hackathon,0
Fascinating talk last week on the UK’s role in the global transition to a zero-carbon economy ClimateKIC,0
"Are we on track to limit global warming to 1.5C? Not quite. A new WRIClimate report measures critical progress in 6 areas needed by 2020 (incl land-use, forestry + sustainable agriculture). Why ClimateKIC partners are pushing agenda hard: 2020DontBeLate",0
"Hey climateentrepreneurs - do you want to accelerate your business? At EITeu ClimateKIC we support start-ups with funding, training and a global network - to scale up your impact! Apply to our Accelerator by 15 August ➡️",0
Minecraft’s new add-ons turn you into a modder via EITeu,1
Come and join us for the EIT_Digital Innovation Day 2018 in Berlin,1
What to eat to be within environmental limits in 2030 - we have one answer: eaternity ClimateKIC climathon,0
More international coverage … Thanks EIT_Digital,1
The FHS eSociety Daily is out! Stories via EITeu konradweber,1
Dutch Design Week gebruikt EIT_Digital initiatief GameBus DDW16 GameBusApp,1
Are you a deeptech startup innovating in the field of travel mobility? Learn more about EITeu open call - apply by 17th April 👉🏼,1
After excursion in the morning in Copenhagen we are ready for the final workshop of ClimateKIC,0
“Pitching is the art of questioning in the early stage” bmartinaud Morning session on entrepreneurship and innovation with ClimateKIC_Fr climatejourney18 ClimateKIC,0
unimib Una interessante opportunità per gli studenti: partecipaare ad un viaggio di 2 settimane lungo la supply chain della mobilità elettrica organizzato da EITRawMaterials EITRACE2019 Deadline Applications: 20 Aprile.,3
Qarnot ClimateKIC represents French cleantech start-ups in Las Vegas Consumer Electronics Show,0
CRISH in London eiteu profhelenward PigginMaria Co-creating Innovative Solutions for Health hospitalclinic ISGLOBALorg,1
Surtout celles qui ont le soutien de leurs assos &amp; incubateurs :) Cleantuesday FranceEcotech ClimateKIC BCorp_Fr Mouves_ES Fin_Part,0
"Want to grow your sustainable energy startup? ⚡️ InnoEnergyEU offers tailored support incl. tech development, market access &amp; €100,000 for the best idea. Apply by 19 Dec 2019! 👉 👉 👉 RenewableEnergy EnergyEfficiency ClimateChange EnergyStorage",2
"We look forward to host the workshop for mineral resource assessment of Sn in the Erzgebirge in the frame of the EITRawMaterials project MAP in Freiberg today with colleagues from GTK, NGUgeology, sguSverige, UniOulu and ISOR as well as LfULG, TUBergakademie and Saxore",3
ClimateKIC At the Innovation Festival 2015 birmingham if2015 innovation startups,0
Excellent to have Pepsico_UK in EITcommunity! WELCOME 👏 EIT_Food Food innovation entrepreneurship,1
Johan Kortas. Nieuwe Action Line Leader Digital Wellbeing bij EIT_Digital healthtech johan_kortas,1
Is urban farming only for rich hipsters? .ClimateKIC startup .GrowUpBox,-1
"Probably one of the smallest Climathons and one of very few held in rural areas. But, for making our world a better place every region needs to do their part so it's a pleasure contributing to this. ClimateKIC Climathon climathonKIC gandesa spain",0
"Through EITeu we support Europe's top innovators, powering solutions to our most pressing challenges. A warm welcome to the new EIT Governing Board members selected by EU_Commission: dr_attila_vegh, Martina Larkin, Tavernarakis &amp; PaulRuebig 👉",1
Nice to have the mission validated. The DataEmergency featured in every single conversation I have heard so far at LDNClimateActionWeek ClimateKIC IcebreakerOne Resurgence_io,0
"KajEmbren JKuylenstierna Kommuninvest c40cities CKICNordic ClimateSusanne Interesting, thanks! Might be unable to participate now :(",-1
"OlivettiCashRegister40 diamo uno sguardo da vicino al Cash Register 4.0, protagonista di queste due giornate di hackathon, con Cristina Fra’. gdt62 crif78 MarcoGMarchesi timwcap JOL_SCube EIT_Digital helsinkiuni DigitalTransformation StoriaDiInnovazione SmartRetail",1
Convocatoria ClimateKIC Accelerator proyectos cambioclimático y economíabajaencarbono Hasta el 10 de abril,0
Congrats to our entrepreneur Rajai Aghabi for his nomination to the EITawards EITeu INNOVEIT,1
SaveTheDate EIT_Digital organises the International symposium on innovations in CyberSecurity Rennes Nov 23-24,1
"RoadShow with the Spanish Partners &amp; Climate Innovation Ecosystem. ClimateKIC CEO KirstenCKIC explains the Multiannual Strategy Plan 2019-2022, Portfolio Approach &amp; Organizational Design",0
Just two days left to help shape EITRawMaterials Academy’s new master programme in Mineral Exploration Geology! Find out more and contribute by completing our short survey. Deadline: 30 June mineralexploration geology rawmaterials,3
"L’últim pleBCN del mandat comença amb el debat i votació perquè l’Ajuntament s’adhereixi al projecte EITeu, EIT Urban Mobility, una iniciativa europea 🙋‍♀️🇪🇺 per cercar solucions als reptes de la mobilitat urbana 🚇🚲 a través de la innovació 💡 i la sostenibilitat ♻️.",1
ClimateKIC miljotweets barbaraevaeus CKICNordic MistraUrbanFut theWSBF southpoleglobal Crowdsourcing innovation EU_CoR ContChange ThomasNorrby cdlariviere MatzEngman Affarerinorr WorldResources CrowdWeek,-1
Today is officially my last day with ODIdev ODIclimate. Many thanks for a great 5 years. I look forward to joining ClimateKIC in July.,0
.ClimateKIC’s urban farming heroine brassk needs your vote for the Guardian awards!,0
ClimateLaunch ClimateKIC CLP17 Lanzamos ClimateLaunchpad17!,-1
.ClimateKIC Start-up Boot Camp fördert innovation durch collaboration mit rasmusnutzhorn Check out:,-1
"Thanks for the follow ClimateKIC. I trust we will work together for a better planet, free from climatechange",0
EITHealth RIS region is a gold mine of innovative talents!💡 Learn more about it with _EmergingEurope and visit our page: to discover hidden potential of our 14 Hubs!👩🏻‍🎓🧑🏻‍🔬👩🏼‍⚕️💊🔭🧪 EITeu,1
Another inspiring area; BlueCity010 Rotterdam CircularIq show how they collect reliable circular data ClimateKIC media tour,0
ClimateKIC our students finalizing their work BolognaUT PaolaValandro,0
Mobile cyber security startup &amp; FraunhoferAISEC innovation AppRayOfficial joins EITDigitalAccel,1
More about symbiotic machines from IEEEsmartcities expert rsaracco of EIT_Digital:,-1
"How to empower sustainability according to erik_wijk harrymatser ""Living energy neutral should be accessible to everyone. Transform invented a new kind of funding to achieve this goal."" - GelderlandEER2019 eu_cor eer_award ClimateKIC gem_zutphen",-1
Cudos to this great set of CKICNordic partners Johanneberg Science Park AB RISE Research Institutes of Sweden Chalmers University of Technology,0
"""Translating text using machines turned out to be much harder than flying to the moon"" DFKI's albu at EIT_Digital InnovationDay18",1
Startupi predstavili inovativne rešitve na Primer demo dnevu startupsi InnoEnergyEU abc_accelerator,0
EIT_Digital No EU can not compete because it bacame socialist! Until Merkel and Macron won’t disapear from politics is no chance!,1
Some food for thought and a bit of positivity! ClimateKIC solutions,0
At ckicnordic we wish to replicate the successful event in vejle with climathons in new Nordic cities,0
Congratulations KenyaCIC on your KCIC3Launch. karakanaonline AfricaSustain1 DanishMFA UKAidDirect WorldBank infoDev AutodeskFdn LemelsonFdn ClimateKIC VestusInvesting HivosEnergy StrathU GearboxKE SNVworld KCBGroup IntellecupTweet kirdi_kenya PwC PwC_KE,0
The success of Vultus continues! 🙌 attatillfem delves into the mission of the Swedish ClimateKIC start-up. Meet the team and read more about their vision here! EITeu exactfarming fieldmargin Esri lunduniversity AWSPartnerNetwork,0
Har vært del av jury for å vurdere nye ideer innen mobilitet m helgeorten for ClimateKIC i Trondheim. Og det med Nidarosdomen i bakgrunn,-1
Do soutěže Power Up! od InnoEnergyEU se můžete hlásit do 11. září. S vítězem národního kola zveřejníme rozhovor.,-1
GabrielMariya EUeic Happy to see three Swedish companies vinnovase to get funding and two of them blended funding - both grant and equity for the first time in EU_H2020 funding,1
"Eager to better grasp the EnergyUnion and its 5 pillars? Register to the 3rd ed. of the 2-week executive course collegeofeurope delivered by high-level speakers from the field, in partnership with InnoEnergyEU and EDFofficiel. 👉 Energy4Europe",2
"jarosjak Sustainia Realdaniadk jesper3460 PLBournonville stateofgreendk Emil_Grann MrJoachimC ResilientVejle BLOXHUBdk CKICNordic Nordic_Climate Kernen af de forslag “I” kommer med er, at de ikke påvirker klimaet på nogen meningsfyldt måde - men de er meget dyre. Se på havvindmølleparken ved Anholt; den koster danskerne et årligt milliardbeløb i ren ekstraregning. Hvilken effekt har den på klimaet? Ingen dkpol dkgreen",-1
DYK VRgineers - specialist and leader in VirtualReality googles technology has become the first Czech company to join EIT_Digital EITDigitalAccel to gain easier access to foreign markets.,1
COP21: Mary Robinson calls for more global collaboration ClimateKIC climatechange,-1
"WeTek was ranked amongst Portugal's top 25 scale-ups, number 11 to be exact. When up against other technological scale-ups, we ranked number 6. Thank you to EITeu bgiaccelerator and MITPortugal for this honor given during the WebSummit Week!",-1
InnoEnergyEU Hi! Our Season3 is on &amp; we're looking for startups aiming to scaleup! Would love it if you could share the news! Thanks 🙂,-1
A great day yesterday InnoEnergyEU Initiate hub's GCIC. A huge thanks to our challenger org's for the challenges.,2
".EITeu | ClimateKIC Startup Boot Camp in Malta, Teambuilding Strategy ➕ Marketing&amp;Branding ➕ Storytelling. 🌍Sustainable ClimateAction!",0
And now we learn with CmccClimate the basis of ClimateChange! ClimateJourney18 innospace ClimateKICItaly CopernicusEU ClimateKIC,0
Help ClimateKIC supported startup Donkey_Republic create even better bikesharing in Copenhagen! sharingeconomy sharingiscaring,0
Norden er førende indenfor innovation. I CKICNordic ønsker vi at understøtte dette indenfor klimaområdet.,-1
The latest The green Weekly! Thanks to ePSIchology ClimateKIC_UKI GreenSpringBlog solarpower,0
"For the 3rd time, the EIT_Digital Conference brought together intl opinion leaders, politicians, innovators, startups, scaleups in Brussels...showcasing how European digital innovations can face current challenges for citizens and economies. EITdigital18",1
CKAA part of the COP21 with 'Speaker's Corner'.Excited!!! ClimateKIC climatekicstart AngelaHowarthCK AnastNiko,0
"D. Pavia de InnoEnergyEU, javiersolana de ESADEgeo y ristori20 cierran el magnífico meeting ""The coming energy market"" EnergyUnion",2
Can we break our addiction to plastic? The future of packaging via financialtimes PLarshans AndersWijkman KirstenCKIC Kantar circ_economy aplastic_planet OurOcean Tesco waitrose ClimateKIC eaEnergyEU BarrySheerman LeadershipMatters,3
.EITeu will launch a call for innovation communities on EITUrban &amp; EITManufacturing. Learn more in these webinars,1
"A new partnership between five companies and research institutions has received funding from EITFood, to develop rapid Covid19 detection capabilities for food processing sites",1
Want to know how to monitor a city? F608 cityometers Fluxedo_app EIT_Digital SCEWC2015 smartcity,1
"A4: As the Nordic branch of the EU’s main intiative to address climatechange, climatekic, we are proud of all the efforts made by both Nordic governments, businesses and academia to further the sustainability agenda. (1/4) RepaintTheFuture",0
moorfieldvacuum EIT_Digital Good MORNING,1
Always a pleasure to catch up w/successful ClimateKIC startups like Meshcrafts! Looking fwd to sharing your recent successes ✨nordicedge,0
RT ClimateKICItaly: RT takethedate: andreacreativo GlobalClimathon ClimateKICItaly ClimateKIC EcoSpiragli franzrusso androm ISPRA_Press paoloigna1 emmanuelap Angi_tech grazie per la segnalazione. L'evento è on line su,0
"Still having an innovation hangover caused by last two days at EITUrbanMob partner event. Very inspiring, but very intensive, 138 ideas, 130 participants, 63 workshops, 69 projects drafts... Many resonate very well with our project portfolio ForumVirium",1
"TBB2019 session on Skillsgap InnoEnergyCE Q2: HR and L&amp;D have vast amounts of data on their fingertips, and companies use bigData to plan financial capital investments, so why don't they use this for human capital investments?",1
The latest report shows that 9 successful exits has returned more than €19m in cash to the investors in the GoBeyond community earlystageinvesting exits startups angelinvesting EBAN_org startuptickerCH ClimateKIC UKBAngels f6s,0
We're in London this week for the LSXLeaders Investival showcase and the Jefferies 2019 London Healthcare Conference PAH SME EU_H2020 H2020SME Entirl NovaUCD EU_EASME EUeic PAH_HOPE UCDinnovation UCD_Conway EuropePHA pharmacologyie,1
A little digression from Corona virus topics A two part blog from ClimateKIC Part1 Part2 Future infrastructure and urban tree plantation must go hand in hand disconstructed foundamental greeninfrastructure greencity urbantrees,0
Wow. Congrats to aquarobur from the CKICNordic Accelerator mikkeltrym haxh,0
"Living business X Accenture Claude Chaffiotte tells us about needs, pivot, corporate strategy and funding, all essential elements for scaleups and large companies success EITDigitalAccel sommetsdigital SOMDIG19",-1
"Thank you EUeic for organising the Corporate Day at ABInBev_EU. We had a great day, made some good contacts and got valuable insights. For more details check out our website BrewingBetterTogether EUeic",1
Attending WebSummit on Thursday? Head to the Forum stage at 1:30 where Udemy CEO Kevin H. Johnson will speak about the impacts of AI on the workplace alongside leaders from ycombinator EITeu etuc_ces and elconfidencial,1
Whoop whoop! On the second win this week by our ECCIAccelerator and ClimateKIC supported start-up SeawaSolutions! Can't wait to see what's next!,0
Glad to see human capital at heart of Startups initiative - we'll use EITeu &amp; EUErasmusPlus to support development of vital skills,1
Visit us in Prague @ the GSA headquarters on APR 11 for the EGNSS Innovation Procurement Opportunities workshop! Travel reimbursement up to 500€ is now foreseen for all interested public procurers. +INFO: H2020 HorizonEU EITeu EU_H2020 H2020SME,1
We have less than 12 years to decarbonise our economies - luckily a circulareconomy can accelerate the change ♻️ At SitraFund's WCEF2019 EITeu ClimateKIC launched a series of Innovation Insights with 9 case studies aiming to inspire further action.,-1
"Water2Invest, aims to help decision makers take the right choices when investing in solutions to tackle water scarcity, potentially providing a powerful new tool to help tackle this crisis. Learn more from our latest podcast: ClimateKIC Acclimatise",0
gquaggiotto thanks so much connecting Invisible_Dust to ClimateKIC Vienna and UNDPEurasia NextGenGov creating new horizons,0
Conference about CircularEconomy and waste in Budapest. economiacircular EITRawMaterials Aster_ER,-1
"Today WeekVanDeCE ClimateKIC event Fairphone working on the "" The 10 commandments of Circular Electronics”",0
This August the ClimateKIC Journey ends with a summit in Budapest. Excited to be part of the organizing team and hope to see you there! ClimateKICJourney,0
ClimateKIC représenté par Thanh-Tam LE - Winners et sa solution de produits indiciels pour les agriculteurs lionelgarnier nrauline,0
"Build a dream team of architects, environmentalists, innovators and artists to design a low carbon, resilient future ⏭ 👩🏽‍💻👨🏻‍💻👩🏾‍🔧 ReinventingCities c40cities, ofo_bicycle, ClimateKIC",0
Hepta Airborne is very excited to work with InnoEnergy towards fast scale up in world markets! Thank you Tehnopol and InnoEnergyEU and we're looking forward to all the interesting projects ahead!,2
".InnoEnergyEU has invited Serbian startups, companies, investors and state institutions to apply to take part in this year’s The Business Booster, taking place October 17-18.",2
"a_charalambides CkicCyprus ClimateKIC CostasKadis kyriac_kokkinos EITeu theopemptou sust_energy_lab We need societal change, and that is going to be painful. Innovation, behaviour change etc won't do the job fast enough.",0
"In case you missed it - Brussels-based think tank Bruegel_org says EU must ensure autonomy of ERC_Research, find top people to run European Innovation Council (EUeic) and conduct more research with China. EUpolicy HorizonEU EIC_EU ERC",1
"""ClimateKIC: Our Romanian cleantech boot camp in 10 photos JourneyToParis COP21 EU ClimateAction",0
eitdigital17 getting inspired by the innovation panel EIT_Digital cnastar,1
And the moderator daserse EITUrbanMob,1
"Wow, congrats to PowerWindowTeam winner of PLGreenChalleng PLGreenChalleng proud! startup ClimateKIC",0
ClimateKIC UN political engagement!,0
"eccemarco CKICNordic There're many people doing this kind of research in several disciplines. Problem is neither policy makers, nor funding mechanisms listen.",0
"Do you have an innovative idea and an already working prototype? Is it usable, safe &amp; desirable for older adults? Make sure you apply by 30 March! startupsauna NetTechEU EIT_Digital IRLSmartAgeEx KTNUK techforgoodtv AAL AgeingWell SmartAgeing2018",1
"ClimateKIC's MissionFinance begins in Dublin today. Are you ready to explore how we can finance navigate climaterisks &amp; InnovateOpenly? Alongside FC4SEurope, the growing greenbond market is part of the solution. Learn more here:",0
The power of ClimateKIC 😂🤣😂 VassiliouEU ChristophidouEU,0
My best RTs this week came from: climatekicstart ClimateKIC JoannaSormunen cufa thankSAll Who were yours?,0
"Read our highlights from EIT_Digital's third conference themed ""The future of Europe's digital innovation"". According to our digital editor SamuelStolton, some discussions focused on how public investment can stimulate the apparition of EU tech giants.",1
More talk on the future of jobs from IEEEsmartcities expert rsaracco of EIT_Digital:,-1
'Perfect is the enemy of good' any path to sustainability starts with one small step. climateaction ClimateKIC greenandblacks IF2015,0
"Boatpitch, Beer &amp;BBQ. Donnerstag stechen wir mit EIT_Digital &amp; init_ag in See. Alle Infos:",-1
koebenhavner is working with LoCaL to identify innovative investment mechanisms for climatefinance in cities. LoCaLPartners ClimateKIC,0
"Find out who the top 10 players worldwide driving innovation in the application of heat pumps in heating and cooling spaces such as buildings, homes and water heating systems are and beat your competition. HeatPumps InnoEnergyEU",-1
COMPRENDEDOR Awards 2017 become international EIT_Digital the_heroes_club joemycool AHK_es jmirisarri,1
SETI EITRawMaterials Summer school ClabTrento Jury at work! innovation market Sustainability. The winner is...,3
Congrats! EIT_Digital Master student becomes worldwide expert on dronesecurity:,1
Dr Zamora-Ros in polyphenols Epic study. Last evidences EITHealth EIT_Health_es EITeu,1
Law of the two feet demonstrated at the nordicideation Day ClimateKIC ullerup,0
First day of our ClimateKIC Masterclass in Norway,0
CopernicusEU GlobalClimathon ClimateKIC UNFCCC esaclimate WBG_Climate FAOclimate EUEnvironment EU_ENV CMEMS_EU CopernicusECMWF RUS_Copernicus Oggi anche a MaglianoSabina! CdF_MediaValleT,0
"Talk Nerdy To Me 2018 continues: ""The content was perfect, it is very useful to learn how to present our research to diverse audiences. I am really learning a lot of significant things for my career"" science communication rawmaterials TNTM2018 EITRawMaterials",3
"""Why data driven intervention is needed in energy sector in developing countries"" an Op-ed by SilviaBin20 and goviupadhyay in ETEnergyWorld. RuralElec GOGLAssociation ClimateKIC CIF_Action SDG7 climateAction CIF_Action solar humancapacity",2
PabloSurGames IFRCInnovation RCClimate ClimateKIC collectcartoons pmbisca kendrasita thePatByrnes BobMankoff HeatherLeson janot_reine CJRFund Love this,0
We start the week at the ClimateJourney with scientific insights into the sustainability impact. What are the actual numbers? Great lecture from our coach Bram van der Grinten. ClimateKIC ClimateKIC_NL EITeu UUCopernicus,0
Debagoiena 2030 Deep Demo Governing Board selects the first cohort of prototypes. Local coops will invest 600k to start. Congratulations everyone! FagorTaldea GrupoULMATaldea ClimateKIC aritzotxandiano agirrecenter,0
Gestern waren rund 50 internationale Gäste auf dem Energie-Campus der HAW Hamburg. Amazing afternoon with ClimateKIC Summerschool 2018 at Energy Campus Hamburg of HAW_Hamburg. CENuniHH NEW4_0 climatechange climatejourney18 CC4E,0
2) EU ClimateKIC supporting greenfinance data metrics greenfintech efforts in Dublin Paris Zurich Stockholm London leadership,0
GabrielMariya EUeic bindik waldec Carlos_Oliveira hermannhauser KrohnTraaseth ana_maiques Lauragestefani ingmarhoerr JEPaquetEU KerstinKolumna Yousef782 BuryJo RobertoVerganti KingaStan1 bsportisse FredrikHrstedt JeanDavidMALO1 Could you please give us some idea of when the simplified application form and guidelines will be available so we can start working towards the October call? Many thanks in advance Commissioner GabrielMariya JeanDavidMALO1 EUeic,1
Innospacejourney ClimateKIC in cerca di una idea per combattere il cambiamentoclimatico Il programma di studio ha come risorsa i dati di CopernicusData canaleenergia,-1
"The teams are set, the use cases are to be assigned at the EITDigitalAcad SummerSchool in Lisbon The amazing entrepreneurial 2 weeks are just on IBSLisbon ⁦bgiaccelerator⁩",1
Opportunities in the whole RawMaterials sectors: With the participation of: ANEFAridos suezADVANCED CONFEDEM COMINROC AINDEX AtlasCopcoSpain MAXAMNet MAGNA y ATLANTICCOPPER RawMaterialsUniversityDay2017 EITRawMaterials La_UPM minasenergiaupm RMUDM17,3
“ClimateKIC:three US cities that are 100% powered by renewable energy via ClimateReality,0
"A day in a so-called SmartCity 🌳 BlaBlaCar_FR ride canceled. No LeFrecce 10-12. No buses 10-12 ProvinciaTrento. Car, bus, bus, flight, metro 🚇 Leaving at 9.30AM. ETA in Madrid 9.30PM 🌙 autonomousCar please arrive fast! 🙏 SmartMobility digitalumni GraduationDay17",1
COVID-19: what is happening in the area of urban mobility vía EITUrbanMob urbanmobility mobility COVID19,1
5th pitch by prodsmart EITDigitalChallange DigitalIndustry EIT_Digital EITDigitalAccel slush16 scaleup startup,1
ClimateChange causes decreased growth and forest dieback events due to increased frequency and intensity of drought and heat periods. This affects forest ecosystems negatively. What other effects do you know? Reply and engage with us. CKICNordic ClimateJourney ClimateAction,0
"POLITICOEurope Changemakwrshealth new solutions required:more harmonisation&amp; collaboration,voluntary solutions are insufficient often peterliese Philips COCIR EIT_Digital DSMeu MartensCentre EPPGroup centrumcyfrowe pomaska atarkowski andrzej_rzonca OklaDrewnowicz",-1
EITManufactur una oportunidad para consolidar a Europa en una referencia mundial de innovación en la fabricaciónuna EITManuMatch EUinnovation H2020 más info.,1
"Serge Fdida, VP de Sorbonne_Univ_ presente sa candidature au CA de EIThealth_FR pour un nouveau mandat lors de l'AG EITHealth EITeu",1
Göteborg forstår at openinnovation sker fra bunden og op.Gå ikke glip af ckicnordic og BRGGothenburgs event 6.okt,-1
We are happy to announce that EurobatteryMinerals has joined EBA250. Let's build a strong and competitive European Battery Alliance together! InnoEnergyEU batteries rawmaterials minerals,2
Big step by EITeu as EIT_Food team is selected to help drive food innovation in EU FoodTech AgTech,1
Sol o batteri en bra hållbar combo ☀️EON_Nordic ClimateSusanne ClimateKIC NordicPartners,0
Masterclass with steli Berlín EITeu ClimateKIC hacking sales,0
"EITeu Innovation Forum – INNOVEIT 2019 on 15 October in Budapest, Hungary! EITAwards👉",1
Excited about being part of a great team that will make its best to change the way lung infections are treated. Risks are high but so the potential benefits for thousands of people. We are ready too! 💪 FET_EU H2020 EUeic FETFlagships FutureTechEU EU_Commission EU_H2020,1
Arriva in Trentino ClimateKIC HIT_trentino Fondazione_Mach,0
EIT Innovation Forum | European Institute of Innovation &amp; Technology (EITeu) innova EITeu …,1
Veterans of the KIC RawMatters bid happy to be at RMweek in Brussels EITRawMaterials KarlVrancken,3
Great photos LauraYOM BhamCityCouncil ClimateKIC_UKI MatthewBRhodes SmartReHeat heatutility Sampson all there.,0
Travels with my app - Smart Cities World EIT_Digital SPean_EITDig Alvaro_DLaCruz,1
CLP18 contestant Dry2Go allows small-scale farmers to dry their produce so as to not waste it. He'll be presenting his green business idea today at the ClimateLaunch Kenyan National Final! WorldBank nigeriacic ClimateKIC,-1
"RT ISMC_cluster: RT EITRawMaterials: THE IGNITION OF THE REVOLUTION OF HEAVY INDUSTRY - learn how to leverage digitalisation in your operation! Supported by EIT RawMaterials, indurad and talpasolutions launched RMsmartHUB and will now host their j…",3
"🚀 Raccontare la tua startup in 5 min. L'idea, l'ispirazione, i valori e i sogni. ✌ Per convincere gli investitori a scommetere su di te. Tutto questo é InvestmentForum oggi a Ecomondo h14, Pad. 6. E che vinca il migliore! cleantech greentech Aster_ER EITRawMaterials",-1
"TODAY: Join EITeu ClimateKIC at UNFCCC COP25 in Madrid for ""Building the information &amp; technology infrastructure for enhanced global climateaction,"" all day at Exhibition Booth 14. Organised by iaaiglocha. GloCha",0
A competition which aquarobur did well in a couple of years back. Some good ClimateKIC synergies right there 🤙 CLP15 ClimateLaunch,0
Excited for our place in ClimateKIC_UKI BestClimateVenture! Looking forward to another perfect pitch from FloJVGschwend ChrysalixTech,0
CleanTech startup fighting ClimateChange? Your chance to take part in MunichRe and ERGOGroup Side Call in the ClimateKIC Accelerator Programme! €95k+ coaching + noequity. Apply until 29.07.18: Here is what nuwielcity says:,0
One of the participants of the ClimateKIC ClimateLaunch Finals is also present uneco She is looking for a Business Developer tonight,0
Nederlandse scaleup lanceert veilig alternatief voor Dropbox. EIT_Digital,-1
The InnoEnergyEU ‘Hack the Wind’ hackathon will return to the WindEurope Conference at this September's GlobalWindSummit. Find out more:,2
Wishing our StolarTomislav safe trip to Estonia. He was selected into Pioneers into Practice programme by ClimateKIC and will spend one month on TallinnTech to learn about startups related to sustainability and ClimateChange! Go ForSynthesis team :),0
"""Our networks are changing faster than we can update our security strategies, and in an effort to keep pace we often get into a vicious cycle of buying tool after tool to address the newest challenge."" CyberSecurity360 EITDigitalAcad via SecurityWeek",1
always a dear friend KeepCup cKIC_Alumni Monday meetings zerowaste ClimateKIC conscious travel Sustainability ActOnClimate,0
And the startup to scaleup winner EITDigitalAccel announced by EssersEIT is blitab_ ! Congrats!,1
MSTeams seems to have some trouble with channels and meeting updates office365 InnoEnergyCE,1
technology converts waste into a carbon neutral solid fuel. Winner EITaward2013 ClimateKIC,0
"EmmanuelMacron dreamt about it, EIT_Digital dit it. EIT EITDigitalAcad Master School kicks-off in Helsinki. 300 students in 20 european universities NoEducationNoInnovation",1
"Apply for the EIT_Digital Challenge by Oct 8 to receive international growth support worth €100,000! tech",1
"Learn about our Conference on 11th September in Brussels in ScitechEuropa today : ""Everyone interested in digital innovation and transformation is invited and there is no entrance fee!"" cc. EITeu",1
Fantastic news from our Focus Area ‘Smart &amp; Urban Mobility’! Delighted to see the fruits of long-term in-depth collaboration between our members’ innovation eco-systems &amp; beyond. Congratulations EITUrbanMob! EIT_eu EUInnovation,1
"We're happy to announce Marloes Wichink Kruit, Human Capital Manager, EIT InnoEnergyEU, as Initiate! EUW19 Ambassador! See you in Paris!",2
".ClimateKIC pont entre education, innovation et entrepreneuriat sur le changement climatique ready4job cop21",0
"Our deepest sympathy to people who loved prof. Matteo Bonifacio, recently passed away and member of EIT_Digital . 👉",1
"OnThisDate in 1954, the world’s first atomic power plant opened in Russia. 🇷🇺 It’s amazing to think how far we have come since then, and that our community is contributing to this progress! 😍 Check out SeaborgTech an InnoEnergyEU supported startup:",-1
Looking forward to presenting work on Biomimicry and Nature-Based Solutions incose_org tonight in LA...virtually from York! Will be talking about systems and complexity alongside the network ACTonNBS ClimateKIC &amp; ResiliencBrokrs. PeterHeadCBE stephenpassmore ClimateAction,0
Idee d'impresa: fino al 30/03 si può partecipare al Climate KIC Acceleration Italy 2015! ClimateKIC,0
"How to get your own EUeic EU_H2020 FET_eu grant? DGorpas MunichImaging and former team member Barbara Schroeder, now at fz_juelich report on their experiences to help other applicants on Jan 28th at DLR_de in Bonn; organized by NKSGesellschaft BMBF_Bund",1
"EITHealth joins forces with aescuvest , Europe’s first crowdfundingplatform for the health sector! Giving healthcare startups a great chance to attract investors 🏥👩‍⚕️➡️ EITCommunity crowdfunding Horizon2020 health entrepreneurs startup",1
Rubixlab startups Pitching for EIT_Digital at UpVentureSlovakia,1
ClimateKIC entrepreneurship and innovation summerschool might take you to Bulgaria climatejourney17 zazemiata,0
Check out epishine from the CKICNordic Accelerator program,0
Digital platforms driving digital tranformation by WillemJonkerNL EIT_Digital fiwaresummit,1
🧐Actividad en el marco del proyecto AnnualFoodAgenda proyecto financiado por EIT_Food EITeu 👉🏾 nutrición salud sostenible UAM_Madrid CSIC CSICdivulga UCCUAM CIAL_CSIC_UAM ImdeaAlimenta 👏🏾👏🏾👏🏾,1
Bonjour! Here's our updated infographic on How to Start Your Startup in Paris: francestartup EIT_Digital,1
EIT_Digital Challenge,1
As a ClimateKIC UK V-Cup Finalist we're fortunate to go to Helsinki Meet us at slush17 SlushHQ like: CKICSLUSH,0
Insight into Nordic Bike etiquette 🚴🏿🚴🏽‍♀️- We have chosen to copenhagenize the climatejourney18 by using bikes for transport UrbanCycling CKICNordic,-1
Woo!! Our startup Brillpwr just won BestClimateVenture 2017 from ClimateKIC_UKI,0
Don't miss how ClimateKIC solved their Salesforce data management challenges. Webinar next week,0
European initiatives for better training in medicines development IMI_JU innovationunion EUErasmusPlus EITeu,1
"EUDigitalEdu EU_Commission simonapetkova7 pankampylis eu_schoolnet EITeu EU_ScienceHub eTwinningEurope CodeWeekEU DSMeu EUErasmusPlus EdChatEU A5: UNESCO supports the efforts of its Member States to design &amp; implement effective, evidence-based ICT in education policies &amp; master plans: For recent updates on UNESCO's work with ICT in education, follow UNESCOICTs EduSummitEU EUDigitalEdu",1
"A day in a so-called SmartCity 🌳 BlaBlaCar_FR ride canceled. No LeFrecce 10-12. No buses 10-12 ProvinciaTrento. Car, bus, bus, flight, metro 🚇 Leaving at 9.30AM. ETA in Madrid 9.30PM 🌙 autonomousCar please arrive fast! 🙏 SmartMobility digitalumni GraduationDay17",1
ClimateKIC MollyMEP How long are you all going to cheat the people? We are fed up with this ridiculous hoax,0
"How to empower sustainability according to erik_wijk harrymatser ""Living energy neutral should be accessible to everyone. Transform invented a new kind of funding to achieve this goal."" - GelderlandEER2019 eu_cor eer_award ClimateKIC gem_zutphen",-1
EITRawMaterials RCGREECE together with the Greek EIT Hubs at the Athensinnovationfestival inn_festival! eitrawmaterials regionalcentergreece innovation,3
'New contacts' and 'Action' today at DTUtweet in SmartCitiesAcc with all partners and Anne Marie Damgaard from CKICNordic (with fika),0
"As for us, tomorrow our acceleration stage 2 begins ChrysalisNeverSleeps EITeu ClimateKIC PwC_Cy_Press GZGLawyers HellenicBank BSM",0
"The EITeu InnoEnergyEU Business Booster event, offers a space for 800+ attendees from over 40 countries to network with 150+ of the world's best sustainable energy innovations. Find out more about the event and register here: TBB2019",2
EIT Digital levert Europa’s volgende generatie innovaties en ondernemers EIT_Digital,1
TheGCIndex Energinet EnerginetDK thank you for sponsoring EUW_live InnoEnergyEU InnoEnergyBN,2
Here's what ClimateWeek NYC looked like on social media → CWNYC via ClimateKIC,0
"congrats desolenator, one ClimateLaunch winner in the European-wide competition hosted by ClimateKIC !",0
WHAT'S COOKING? - From top EU incubators &amp; accelerators of tech startups w/ EITDigitalAccel ovh_dlp,1
marjaljsalo ClimateKIC Could we somehow help? We would be pleased to help. You can reach us at pjhepo.fi,0
Students complete ClimateKIC executive education course London SustainableCities,0
Design phase at cleanenergyhack DTUSkylab ! What better way to do this than using LEGO_Group ? 😜 NCEW2018 SUSNordic CEM9 MI3 NordicSolutions rockwooldanmark rockwoolinternational ClimateKIC,-1
Keep those exciting speakers coming..... ! SClimatekic EITeu ClimateKIC_UKI Team4Nature Team4NatureBham blackcountry,0
EIT Digital levert Europa’s volgende generatie innovaties en ondernemers EIT_Digital,1
Portuguese scaleup report with bgiaccelerator EIT_Digital in porto portoscaleup follow live at 5 : city,1
Final pitches! Journey 3+4 So excited! ClimateKIC journey2015,0
Just submitted the EITCONNECT application form. Hoping to meet lots of past &amp; present ET students in Budapest this fall digitalumni,1
Webio Gears Up for Expansion as EIT Digital Accelerator Partnership is Kicked Off. Looking forward to the journey EITDigitalAccel - EU technology digital AI startups tech scaleup,1
"Größter Climathon Deutschlands: Welche Projekte hat der vom 24-stündige Ideenmarathon in Wuppertal hervorgebracht, und wie geht es zukünftig weiter? Spannendes Interview mit Tobias Rabenau: Wupperinst Uni_Wuppertal WRundschau ClimateKIC",0
EmpresasDigitales 💻 La UE diseña un marco fiscal que los convertiría en líderes mundiales en el sector 2.0 🖊 EU_Commission Ansip_EU GabrielMariya EITeu VDombrovskis ocdeenespanol pierremoscovici,1
EITeu EITRawMaterials EIT_Digital InnoEnergyEU seek partner4,3
Online Course on off-grid electricity access via InnoEnergyEU,2
CKICNordic creates a pipeline of talent &amp; climate innovators. Students gain access to incubator greenhouse program &amp; entrepreneurial summer schools Journey Studentervaekst sollazophoniasd CKICNordic linegry,0
MarosSefcovic WWFEU WWF EUClimateAction ClimateKIC,0
Un laboratorio de ideas contra el cambio climático climatekicVLC ClimateKIC ClimateLaunch AVAESEN MarcosJLacruz,0
Happy New Year! EITeu EITHealth,1
.EIT_Digital on HorizonMagEU From VR training to broadband on a plane – the future of innovation is in our pockets,1
So proud of our 3 place over 15 teams in EIT Health Innovation Days! Despite of our inexperienced we made it and at the same time we had so much fun! Thinking on how to spend the prize wisely to improve my skills! I accept suggestions. julessanders2 EITeu Well done team!,1
Doubling the charm from NEC_Challenge : pitching in a few minutes too at TBB2018 InnoEnergyFR InnoEnergyEU,0
"Food for thought for EIT_Digital MasterSchool students, by Bird&amp;Bird int. lawyers on starting businesses",1
Introducing Climate Risk Information – a flagship programme working with the OASIS community - ClimateKIC,0
Learning about EITUrbanMob EIT Urban Mobility in Barcelona to transform Europe’s cities into liveable spaces,1
.ClimateKIC announces a new initiative to boost Europe's industries and make them green. Learn more about it and become part of the team -,0
".EITeu ClimateKIC brings together a community of activists, students, scientists, entrepreneurs, government officials, policymakers, financiers and more to implement system change. Subscribe to our monthly newsletter to learn how we're doing it:",0
"""The future will be different from how it's been &amp; how it is today. It's not a question about choosing to continue on as before, but to take a stand on how we'll want to have it in the future"" - Markku Rummukainen / lunduniversity, a ClimateKIC partner.",0
"International Day of Women &amp; Girls in Science : for a more inclusive scientific community ! 👀Look at all these careers of women in different scientific jobs &amp; especially Monique Bernard, Research Director at CRMBM CNRS univamu EUeic 🇪🇺💛WomenInScience womeninSTEMM 💛🇪🇺",1
"KCIC brought Climatelaunch global competition for green startups to Africa last year. It’s now expanded to Cape Verde, Nigeria, and Tanzania. CLP18 nigeriacic ClimateKIC SMEfestAfrica",-1
Fascinating presentation from gquaggiotto on UNDP’s experience of learning from portfolios of projects on creating systemic impacts. AxiloSpace ClimateKIC innovation idia,0
On 24/06 join EITRawMaterials workshop on lightweight metals &amp; alloys for applications in automotive at Metef_expo,3
clionahowie CEStakeholderEU EU_EASME ClimateKIC Great!!!,0
19 cities on 6 continents unite for 24-hr ClimateKIC Climathon ClimateAction ClimateChange,0
On June 13th KU Leuven Materials Department (MTM) hosted the “Creative ResiduFlex and PyroFlex Partners Meeting” EITRawMaterials. The meeting focused on present and future challenges of these Networks of Infrastructure.,3
Are you part of the next generation of climate innovators🌳? Become one with ClimateKIC. Check its web for opportunities around Europe🇪🇺!,0
Full house at the ClimateKIC reindustrialse flagship launch event,0
VIDEO: climatechange in 4 minutes by Schellnhuber for ClimateKIC via EUClimateAction,0
Apply now for the Business Idea Competition of EIT Raw Materials EITeu EU_H2020,3
Risk management for insurance companies - powered by LifeDrive! EITAlumniStartupDays Amsterdam EITeu plovei,1
Join us in Helsinki on 25th Nov for Urban Mining and Metal Recovery Expert Forum organised by UniLUT and EITRawMaterials! We will showcase our IPR Analytics Platform - IPGRAM® - and carry out preliminary Patent Searches. Innovation CircularEconomy,3
EIT_Digital to hold first international symposium on cybersecurity EuroCyberWeek,1
Our frontman egallegosotos starting the 2nd journey at Valencia ClimateKIC Accelerator,0
Today ClimateKICspain published an article about us and the investment round we closed with BillerudKorsnas . Thanks for the support ClimateKIC !,0
.ClimateKIC DEVASTATING effects of KillerPalm fires greenhouse gases on climate must STOP,-1
"Now launching a new global competition! ReinventingCities is now open to creative minds across the world, learn more here ⏭ c40cities ofo_bicycle ClimateKIC",-1
Internationaal venture capital team investeert in Nederlandse ScaleUp Funding EIT_Digital,-1
“We all knew consolidation will come to micromobility. The covid19 and lockdowns around the world will likely speed it up.” voitechnology’s Jasmin Rimmele on EITUrbanMob Bootcamp. urbanmobility,1
And also the ClimateKIC Venture Competition Winner ! A really winning startup,0
.ClimateKIC Frankfurt are running a short course on building capacity in climatechange adaptation - 7-8th October:,0
EIT_Digital presents eight European IoT startups who are ready to scale nextstars sensewavesIO evothings iot4real,1
Here is our Founder Marine_Valton proudly holding on to our Greenhouse completion diploma. Such a happy face today! All the hard work has paid off! Thank you Grantham_IC and ClimateKIC_UKI for your support to date 🎉,0
redborder Innovalia_group &amp; CARSA_Group nehmen in InnovationDay18 von EIT_Digital teil. 𝐇𝐚𝐮𝐩𝐭𝐚𝐤𝐭𝐞𝐮𝐫𝐞 tauschen Ideen und Wissen zur Unterstützung🚀𝐄𝐮𝐫𝐨𝐩𝐚𝐬 𝐃𝐢𝐠𝐢𝐭𝐚𝐥𝐞 𝐓𝐫𝐚𝐧𝐬𝐟𝐨𝐫𝐦𝐚𝐭𝐢𝐨𝐧🚀aus. Innovation Bildung Entwicklung Digitalisation,1
parityplatform won 1st place in GO 4.0 Green crowdhackathon organized by Crowdpolicy and Hellenic Ministry of Energy. The team developed an app that incentivizes electric car owners to charge their cars with Energy from Wind Farms and Solar Panel farms! ClimateKIC,0
"Charla-coloquio sobre movilidad sostenible con Sumauto vocento, MadridMotion, Toyota_Esp, EITUrbanMob y MADRID ✍️ ¡Inscríbete! SemanaMovilidadLN COP25Madrid",0
amctech / We're happy to be a part of TBB2016 event! Thanks InnoEnergyEU for having us here 🙌,2
KCIC is implementing the AgriBiz Program which focusses on youth and women in the agribusiness sector. KCIC3Launch emungai_m wesustainafrica solomonsolooDanishMFA UKAidDirect WorldBank infoDev AutodeskFdn LemelsonFdn ClimateKIC VestusInvesting HivosEnergy StrathU,0
Christmas awards time at ClimateKIC HQ!,0
.thenuwardrobe &amp; encycled win €10k for sustainable fashion innovation at ClimateKIC_UKI's CityChallenge London!,0
🌏💪 SDG innovation with grundfos Novozymes ClimateKIC CCAMP_Bangalore and jaagarnaut in Bangalore 🇮🇳 Feb 27th - 28th -----,0
📣CONVOCATÒRIA | EIC Scalator Pilot: accelerant inversions i partenariats a les Pimes deeptech EIC més madures. 🔗 | exteriorscat EUeic,1
Luister radiofragment BNR over SciSportsNL die als startup ScaleUp naar Sillicon Valley mag: EIT_digital,-1
Scott42195 ClimateKIC Think I meet all three of those criteria... will see you then.,0
"Distribution system issues: 1. Overvoltage, due to introduction of rooftop solar PV panels, for a typical Flemish city feeder. EUW19 EnergyTransition EnergySystemsIG InnoEnergyEU KU_Leuven EUW_live",-1
Spent yesterday in Tallinn being part of the Business Jury of EIT_Digital Academy Summer School of Digital cities and mobility. Designing the new twin city. Wonderful teams and energy! Hope to see many more of these at the Finestbayarea pvesterbacka AaltoUniversity,1
Electric car numbers rise to 2 million mattiasgoldmann TfL EURACTIV AndersWijkman ClimateKIC transport,-1
"Join EITeu ClimateKIC's KirstenCKIC and Scott42195, who will appear on a COP24 plenary ""Green finance, innovation and start-ups"" on 11 Dec, Austrian Pavillion, 14:30. MissionFinance EUClimateAction EUeventsCOP24 United4Climate COP24",0
ClimateKic How to influence on public policy to make climate change management not an ilusion....climathon,0
EVENT: Proud to have provided ClimateKIC startup support to the game-changing OrigenPower - pitching now CleantechInnov8.,0
"Bay Zoltán hosts the first annual plenary meeting of EITRawMaterials CLC South Partners in Budapest, Hungary!",3
INNOVEIT registration open! EITeu ClimateKIC EITICTLabs KICInnoEnergy EIT_Health EITRawMaterials H2020Projects,0
"¿Cómo puede mejorar tu futuro y tu negocio? Tecnologías, diseño y simulación de sistemas de construcción fotovoltaica, marco legal, modelos de negocios, instalación ...tecnalia MariaLauraMt InnoEnergyEU InnoEnergyIB",0
Francesco from AESS in Italy sharing an innovative cross-European EV carsharing scheme targeted at low-income groups supported by EITeu ClimateKIC ITSWC18 NordicSolutions,0
"carolinebergaud EUeic rorebhoy stdurm I know one project who received an invitation today, but we also have no update on ours.",1
"Connect with entrepreneurs, artists &amp; scientists at Tech Open Air, July 15-17 TOA15 EIT_Digital will be there 2!",1
Hi! The call is open to startups and SMEs. Learn more 👉,1
.ClimateKIC EITeu change &amp; venture award nominees ready to pitch at InnovEIT,0
"EITRawMaterials UL Innan AB, Ann Ledwith UL fighting a virtual fire in a mine, fire extinguisher at the ready.",3
Back from the UTMalaga 🇪🇸 workshop where we tackled how to accelerate urbantransitions 🌇🌿with other ClimateKIC partners from all over 🇪🇺. Thanks to the whole community for this truly inspiring and enriching experience full of content. You guys are awesome🙌!,0
Want to know how food reaches you?Learn about the foodsupply pipeline by joining EIT_Food and UniofReading's FREE online course! 📝🎓 Register ➡ FLTrustInFood EITCommunity Food_EU FutureLearn EUFIC,1
Check out all the innovation hotspots in Europe with our EITcommunity map! EITimpact EITinnovators,1
PaulPolman ClimateKIC And some not so young. B^&gt; Plus ClimateKIC is magic to work with IMHO.,0
Nederlandse Scaleup Quantoz een van de beste Fintech scaleups van Europa. Quantoz EIT_Digital,-1
"⚡️ “IBC18 - International Bootcamp 2018” - great start with 60 Cleantech Startups meeting provadisschool sponsored by ClimateKIC ClimateKIC_DE, helenbdunk PeterKoziel MeretBrotbek more here:",0
"Since creating these quirky, lively characters for the EIT_Digital Master School, we've designed extensively for their post-graduate programmes and affiliate education establishments: Education PostGrad Innovation Entrepreneurship Digital Design",1
"Showing the importance of EUStructural Funds to the climate change agenda Climate-KIC, ClimateKIC_UKI",0
hans.maennicke.sustainable.daily is out! klima ecosalon Stories: ClimateKIC sustainability climatechange,-1
"Join ClimateKIC for the Perth Pitch Final of the global CleanTech and green business ideas competition and Boot Camp program, ClimateLaunchpad. Register here now.",0
"For EUDigitalEdu, EITeu organised 20 workshops to empower 600 young girls with entrepreneurial and digital skills. What did our inspired participants think? 👉 EITSkillsWorkshops girlsintech",1
"🔵 ¡No te olvides! 📅 Mañana tienes una cita con Alvaro_DLaCruz (EIT_Digital), maroelvi (LaNeurona_com)... ¡y con nosotros! 🎙 martatrejoluzon moderará un debate entre cañas, amigos y grandes ideas. ¡En CCDigital! ¿Te apuntas? 👇🏼",1
"The challenge: ""In the age of IoT and cloud, (...) it is now possible to carry out terabit-level attacks from hundreds of thousands and — not too far off — even millions of compromised devices."" EITDigitalAcad via InfosecMag CyberSecurity360",1
Are you a startup ready to scale internationally? Apply for the EIT_Digital Challenge,1
I'm going to be at sec2sv next week with EIT_Digital MindTheBridge TimDraper WillemJonkerNL NoraPoggi and others!!! Come join us!,1
Join the world's leaders at the Climate Innovation Summit in Dublin 6-8 November and unlock the $26 trillion sustainablefinance opportunity! MissionFinance ClimateKIC Find out more:,0
How much does the transport sector contribute to the world's CO2 emissions? And how can the aviation industry take action and move towards a future of zero-emission transport? Find out in this EITeu ClimateKIC article ➡️,-1
Tonight ClimateKIC project on TV Gelderland biogas cleantech innovation,0
"Our ENTECH Masters School programme contains many exciting formats and events like Agorá, where we connect students with industry partners. Join the InnoEnergyEU Master's School and apply today!",2
18 top European startups selected to the Startup Europe Comes to Silicon Valley SEC2SV program EIT_Digital,1
.ClimateKIC supported startup KITRO_FoodWaste raises awareness about the issue of foodwaste at the Global Restaurant Investment Forum (GRIF) in Dubai and the {Re}Food Forum in Thailand GRIF_news ReFoodForum,-1
ScottishEDGE Great news for some environmentally driven start-ups BoxergyLtd EdCentreCC ClimateKIC_UKI,0
"Water investments insufficient to meet SDGs, say experts via Enviro_Finance theWSBF siwi_water AndersWijkman EURACTIV investment CDP JKuylenstierna WRIClimate ClimateKIC",0
These ClimateKIC duracell bunnies keep going and going through the chrysalisleap ClimateLaunch bootcamp in Cyprus! PwC_Cy_Press BSM,0
It's buzzing already!! CKAAGA2015 ClimateKIC climatekicstart AnastNiko este_tapias kramirezramos PJayathissa,0
Give your creativity a tune-up 🧠🎆 ahead of the Climathon! Did you know there are special techniques to come up with creative ClimateAction ideas? ClimateKIC's free course reveals some of the key tips and tricks that power climate innovation ➡️,0
Climate costs are investments in our future - We can grow and cut emissions at the same time - Biggest challenge for policy is to overcome the silo’s of our mindsets - Find incentives for investors AMcDowell ClimateKIC missionfinance EITeu MarosSefcovic,0
And the journey to have rivers lined up with sustainable pumping solutions begins Barshasecuringwater ClimateKIC,0
"All you need is a spark of creativity to ignite innovation 🔥 On UN World Creativity &amp; Innovation Day, we thank EITcommunity innovators dedicated to finding solution to pressing 🌍 challenges for a healthier, greener and more sustainable Europe. WCID",1
"Apply for the EIT_Digital Challenge &amp; win up to €50,000 for your startup. Deadline extended until July 31!",1
Three visionaries on startups: DanielMichel99 mturpeinen pacodelatorrep EIT_Digital,1
eduardguerreroa EITalumni Que xulo veure-us junts again!!!,1
USTART_de is happy to announce their second call on circulareconomy with EITRawMaterials APPLY NOW:,3
"Startup, in Europa calano exit e investimenti. E il sistema Italia? TizianaPikler via sole24ore cc EIT_Digital aonetti mmarinucci crunchbase scaleup funding SEC2SV",-1
hsblivinglab part of international network of living labs ClimateKIC IASPnetwork HSBLivingLab chalmersnyheter,0
The CircularCities workshop underlines again that if we want to leadonclimate we need to change our mindset!! One of our ClimateKICspain start-ups recycl3r_b2b knows how to make the change quicker!! 💰 ClimateKIC EITRawMaterials CrossKICSpain cross,0
"ClimateKIC EITeu 21st Century efficiency and performance ERW. Vacuum Pressure US 9,004,120 B2 $300B tire market",0
"EITeu EITchat A5 1/3 A previous mentor at Entirl directed me to the EITHealth digitalhealth Validator, at my alma mater, tcddublin in 2019",1
The hunt is on for top young professionals. EITeu ClimateKIC we connect .climatesolutions and break down silos. Will you join us this Summer2020? .ClimateJourney:,0
newyorktimes COP21 sif15 Climate_Action_ ClimateKIC,-1
"Join us for an Online Q&amp;A about EIT_Digital Venture Program! Find out about the requirements, online pre-accelerator program and ask your questions! Mark the calendar: 🗓 April 24, 5PM (EEST time zone)",1
EIT Digital Returns to Angelsbootcamp EITeu EIT_Digital Angelsbootcamp,1
"Calling all innovators to submit ideas for the Open Innovation Day in Gothenburg, 6 October arranged by ckicnordic",0
WELCOME &gt; Jim/Boxergy - former oil/gas entrepreneur - wants to make a difference by accelerating renewables take-up ClimateKIC Accelerator,0
ClimateKIC es la mayor agencia europea de innovación empresarial contra el cambio climático. Aquí nuestro especial:,0
"EUparliament MEP HennaVirkkunen ""I encourage all member states to invest even more in education"" eitcommunity EITeu",1
"📣PARTICIPA en la consulta pública sobre el futuro del EITeu: retos, oportunidades, prioridades a largo plazo, etc.",0
How blockchain can help unlock capital for Sustainability: fintechna UNDFTaskForce CKICNordic nordicblock AfriBlockchain un_BLOC TheBlockchain Emerging_Guru,-1
La 6ème édition de l'événement international organisé par InnoEnergyEU pour les acteurs de l’innovation dans l’énergie se déroulera à Copenhague les 17 et 18 octobre prochains.,2
Plus 5 more big hitters at InnovEIT 2016? Not bad work from EITeu.,1
Have a great idea for a cleantech startup? Join Swiss ClimateKIC Accelerator!,0
EUeic SME_Participant EU_EASME Yes you can! A big applause for the IT guys of EASME who have provided so many funny afternoons!,1
.Diabeloop sur Times Square avoir remporté le premier prix du concours de pitch EITInvestorDay organisé par EITeu et Nasdaq ! Un signe encourageant pour poursuivre le développement des technologie de rupture au service des patients atteints de diabetes 👏👏 hcsmeufr,1
Nouveau concours du EITDigitalAccel ! 🏆 deadline : 15 juillet via bymaddyness,1
EUeic FutureTechEU EU_EASME DSMeu EUScienceInnov 👏🏽🙌🏽🔝,1
WE'RE HIRING! Become ProjectManager Operations 👩‍💻 EIT_Food HQ Leuven &amp; JOIN EITCommunity! 👉 EUInnovation jobs,1
InnoEnergyCE InnoEnergyEU EITeu Thanks KiNNOEU for an excellent organization of the Regional Final in Greece! 🇬🇷,2
"Mathea Fammels ""The investment logic behind the high impact oriented EITeu KICs""",1
proud to be appearing at Times Square New York as the winner of the EIT_Digital Challenge 2019 in the digital finance category Insurtech AI,1
“Now let’s get to work” says ClimateKIC in response to Paris climate agreement ParisAgreement COP21,-1
Planning together for the ClimateKIC Climate Innovation Summit which this year will focus on sustainablefinance for ClimateAction. November 2018. Dublin Castle. Let's finance this zero-carbon economy! Stay tuned for more info.,0
ATXA_Ireland EU_H2020 EUeic eurireland UnitedAgainstCoronavirus,1
Our founder attends workshops to Identify the right patterns in the supply chain to mitigate climate change and reduce risk ClimateKIC homepod startups buildings architecture iasi romania sustainability sdg climatechange frankfurt ProvadisSchool germany,-1
"TNavracsicsEU EITeu EU_H2020 EUScienceInnov But Innovation education at primary &amp; secondary scale vital, something EITeu and KICs should do much more to support &amp; transform",1
"ALCk lankidetza estrategikorako gune berri bat sustatu du Gipuzkoako Foru Aldundia, Europako Teknologia Institutua (EIT-Climate KIC) eta ELGAren artean, Covid 19ri modu berritzailean erantzuteko. EEGipuzkoa ClimateKIC ODCE",0
"Want to learn how to validate your business concept, develop your business plan and pitch to future investors? Apply for the EITJumpstarter!🚀 Co-organised with EITHealth and EIT_Food entrepreneurship rawmaterials businessidea EITeu",1
"To progress genderequity: set quotas that require companies to fill at least 40% of their board seats with women, like Norway I am honoured to be nominated by EIT_Food for EITeu Women Award with the award ceremony on 4/10 at the annual InnovEIT",1
What is BigData for a data scientist? datascience EIT_Digital,1
I’m attending The CommUnity Days 2019 in Berlin. Speak to me if you’re around! EnergyTransition InnoEnergyEU,2
Qirate locationintelligence at SEW18 Cesena using CopernicusEU measuring qualityoflife CopernicusAcademy startupeuw erstartup Aster_ER NEREUSaisbl ESAbusinessapps ESA_EO SA_Tecnopolo ClimateKIC ClimateKICItaly CopernicusEMC AZO_space startup_italia wireditalia,-1
EITDigitalAccel CheckCardio OpenTelehealth_ CreactivesSPA Synerise chatgrapecom badencampus Dr. Wolfgang Kniejski on stage presenting the EIT Digital Accelerator,1
All businesses will be part of the green economy - so don't get left behind: A ClimateKIC event in Birmingham.,0
socialnest_org thenestspace elmolilab valenciactiva_ VITEmprende ClimateKIC Gracias por la invitación. Parece que ha despertado mucho interés. Suerte y esfuerzo a todos los emprendedores sociales.,0
UN UNEP andersen_inger UNEP and andersen_inger our bluebloqs system is a NbS with the potential to transform the entire urban water infrastructure into a decentralized grid of circular water systems. More info at: ClimateKIC EITeu tudelft La_UPM fieldfactors,0
Jetzt bewerben! Nur noch fünf Tage bis zum Bewerbungsschluss am 27.1.2019! €85k (95k beim Sidecall!) + Coaching &amp; Services. NoEquity Cleantech renewables Mobility startups ClimateKIC EITeu ERGOGroup MunichRe,0
Prof.Markku Rummukainen introduces the role of the IPCC in managing climate change climateKICspark CKICNordic,0
Refugee Ideation from CKAA with many ideas! CKAAGA2015 cKIC_Alumni ClimateKIC,-1
"""TransformationCapital differs from other sustainable finance initiatives (ESG, TBL, SRI) in its strategic intent and methodologies, capabilities, and decision-making frameworks it uses to create transformative effects."" ClimateKIC Innovation Insight.",0
grafiti ClimateKIC NASA monitoring means government data is verified,-1
COP22: The first 48 hours southpolegroup ClimateKIC CKICNordic miljobloggen theWSBF pankajwri Kerrclimate...,-1
Green bonds market reached record heights in 2017 via edie Kommuninvest southpoleglobal NiklasNrdstrm AndersWijkman ICLEI CKICNordic ContChange CrowdWeek CDP theWSBF WRIClimate EU_CoR usmayors sampweaver,-1
✅Parte del equipo de TECNALIA preparado para disfrutar de este segundo día EITManufactur . 📍SSTurismo de SanSebastian EITCommunity EUinnovation H2020 EITManuMatch,1
Looking forward CKCIS2016 next Tuesday in Frankfurt! Who else? ClimateKIC ClimateKIC_DE COP22 climatechange innovation,0
EUClimateAction TimmermansEU EUEnvironment EITeu EU_EESC EU_CoR eumayors WWFEU CANEurope Green_Europe TimMcPhieEU,-1
KajEmbren CrowdWeek NiklasNrdstrm c40cities EU_CoR ThomasNorrby ContChange cdlariviere Kerrclimate ClimateKIC BarrySheerman I do agree!,-1
Honoured to launch this call📢to European public/private procurers of hospitals fighting coronavirus Most innovative SMEs of EUeic can develop solutions🚀 for you! Send us your needs &amp; challenges before 8/04 &amp; attend their ePitching🎬 on 30/04 More info,1
SME_Participant EUeic AristosInfo idearenet TheWowTune JeanDavidMALO1 Is it fair that some SMEs have received today their ESR from March cut-off and others don’t? Shouldn’t all participants have equal opportunities for the next cut off? EUeic have you maybe prioritised those that are suitable for the GreenDeal call?,1
ClimateKIC Climathon newdelhi Participants for climatechange,0
"EIT_Digital 1 out of 21😅 I am glad to see you are supporting WomenEntrepreneurship, just don't forget to implement it in your own structure! :)",1
"At SUCool Blog, we wrote about our first onlineevent experience: Virtual PowerUp2020 Country Final of Turkey by InnoEnergyCE &amp; inoventventures. Here you can find all the tools we used for our online training, mentoring sessions and virtual event:",2
"Huge honour &amp; privilege to be hosted by Ambassador Nolan today IrishEmbBelgium, to talk about our eminers project and to learn about the diverse and innovative nature of her role.A unique and thoroughly enjoyable experience- thank you!! CastletroyC EITRawMaterials annem071",1
"💡🚀Future technologies? Let's check the outcome of the FutureTechWeek, an initiative of the European Innovation Council Pathfinder. 📢More information here: EUeic",1
ClimateAction DivestNow CarbonBrief thecarbontrust ClimateKIC ClimateGroup,-1
".CKICNordic is happy to support the P4GSummit by working with DTUSkylab &amp; the SDG Student Ambassadors design the four day programme for the Influencers, We will also introduce ClimateKIC's Climathon movement &amp; promote the Climathon in koebenhavner on 26/10 LotteHansen",0
"Hey deep tech innovators! 📢 EIT_Digital Challenge, the flagship competition for European deeptech scaleups is searching for future superstars to take the spotlight and become the next European big thing! 🚀 Apply by June 7th: Startup StartupGrowth",1
DIY that wood &amp; cellulosic materials can be turned into textiles? We need sustainable man-made fibers to substitute cotton &amp; IoncellFibers' technology is an environmentally friendly alternative! ClimateKIC AaltoUniversity helsinkiuni IntDayofForests,-1
"""The Journey"", la scuola estiva contro i cambiamenti climatici che coinvolge 40 studenti europei | clima ClimateKIC",0
"Solarcentury: the 20th birthday, 26th May 2018, in pictures and charts via JeremyLeggett ClimateKIC ClimateSusanne andersegelrud jrockstrom svanteaxelsson mattiasgoldmann PLarshans EURACTIV ThomasNorrby SolarPower and ClimateAction",0
On my way to innovation day EIT_Digital eindhoven innodayNL,1
"MarosSefcovic northvolt SwedeninEU jesperwigardt MalmstromEU EU_Growth EBienkowskaEU Energy4Europe ZEKvSR EUScienceInnov InnoEnergy_S ClimateKIC Maros beware the Hydrogen Engine and the H2 Production On board the EV check out the potential first with £100,000 for initial modeling of engine Could cut the monumental funding need for Battery EVs and would bring about AFFORDABLE Zero emissions EVs ie BMW i3 REx lower price",-1
.ClimateKIC DEVASTATING effects of KillerPalm fires greenhouse gases on climate must STOP,-1
"CO2Utilization! Great ideas, but how to compare? Some assessment guidelines are out now! Prof. Sick from reuseco2 presents the joint discussion with ClimateKIC, NREL and NETL_DOE in our new paper: CO2nsistent TEA LCA useCO2 NETs CCUS circeco",-1
We're excited to announce we've been accepted into the ClimateKIC ClimateLaunch program. We have bootcamp and plenty of work coming up. We'll be presenting at the Victorian state finals on 10 September. Wish us luck!,0
"Pitching feedback as EITRawMaterials PhD Summer School winds down! What a great, intensive 5 days. CircularEconomy",3
The Definitive Rules of the Road for Urban Cyclists MayorsInAction MayorofLondon miljotweets CKICNordic,-1
Sie haben eine zündende Idee für eine Klimaschutzlösung? Dann jetzt bewerben! Vom 18. Juni bis 29. Juli läuft die 3. Ausschreibungsphase des ClimateKIC Accelerators mit MunichRe &amp; ERGO Group. respond2CC,0
We are almost halfway through a 2 day workshop organised by ClimateKIC here in Berlin. Lots of discussions about the nature of innovation.,0
DuurzaamBV ik mis xiriton. Winnaar groen betonprijs en ClimateKIC op duurzame dinsdag. CO2 duurzaam gebonden.,0
"We need crazy, wacky ideas to unlock further climate ambition - and partnerships between biz &amp; gov, says ClimateKIC's CEO COP22",0
MarosSefcovic BerndBiervert EU_Growth Energy4Europe ClimatAlliance BoschPresse northvolt InnoEnergyEU ZEKvSR EIB VazilHudak Battery Need of the Times and failing States in Africa and Asia could affect fuel supply routes and Next fuelcrisis likely in the coming years EU_Commission EU_CoR FRANCE24 F24Debate EyeOnAfricaF24 lemondefr lesechos f24,-1
Trust is the New Gold - Leadership and transformation on the Agenda2030 cswarctic18 tech conference speaker via CrowdWeek NiklasNrdstrm c40cities EU_CoR ThomasNorrby ContChange cdlariviere PLarshans Kerrclimate ClimateKIC BarrySheerman,0
Learn more about EIT_Digital innovation activities and scaleup at netfutures17 today and tomorrow in Brussels,1
.gtoublanc prend les rênes d’ EIT_Digital France via LADN_EU nomination Innovation FrenchTech Europe,1
"Comienza en la Zona ""Open Innovation Area"" la primera presentación a cargo de EITeu CrossKICSpain ""Oportunidades de Negocio y Emprendimiento a través de las Kics del EIT"" Transfiere2018",1
RT EITeu The world needs more women entrepreneurs ! TheEconomist,1
🦸‍♂️️🦸‍♀️️ Become a climate hero. 🏙 Give a practical voice to your city's climate challenges. 👉 More info: climateaction climate hackathon ideathon ClimateKIC EITeu,0
"Making science happen is not easy, but the EITCommunity is determined to bring science to European citizens! Europarl_EN is hosting ""Science meets Parliament"" this week, bringing together policy makers and scientists 👉 EUsci4PARL",1
"Keynote Speaker Pedro Oliveira , pcbo co-founder of Landing_jobs sharing his experience as entrepreneur todayEITConnect eiteu",1
".CoolarTech, tado, Thermondo, Lilium, envelio und Climeworks - Diese sechs ClimateKIC-Alumni stehen auf den aktuellen Global Cleantech 100 Listen. Herzlichen Glückwunsch!",0
cityenabler has two pillars: No city lock-in and no vendor lock-in. Now at the InnovationDay17 EIT_Digital,1
"What an amazing week! (2.1) On 7/4, in virtual meeting with Com. GabrielMariya, EU R&amp;I Ministers expressed support for the first ERAvsCorona Action Plan. EUeic TF is proud to have contributed to and to deliver soon on several actions SMEs innovation EUvsVirus JEPaquetEU",1
CONGRATS! CoolarTech EITstartup winning 50000$ TheVenture! TheVenture ClimateKIC SocEnt,0
"PivotBuoy, la tecnología disruptiva que quiere poner rumbo a la eólica marina flotante de 50 euros el megavatio hora EITeu InnoEnergyEU x1_wind DNVGL DTUtweet WavecOfficial INTECSEA_WP Degima plocan innovationatEDP vía ERenovables",-1
Climate Change VS. Free Markets - An Uneven Fight with ClimateKIC Chair and former Co-President ClubofRome AndersWijkman. Listen to him in the Investment Turnaround Podcast with MarianaBozesan,0
"HAVE A MILLION-DOLLAR, ELECTRIFYING IDEA FOR LIVEABLE CITIES? MikeBloomberg c40cities ICLEI_Europe ICLEI_USA NiklasNrdstrm CKICNordic Connect4Climate usmayors EU_CoR",0
Z1MMERMANN reuseco2 ClimateKIC NREL NETL_DOE peterstyring TUBerlin RWTH UMich IASS_Potsdam sheffielduni,0
The latest We Bootstrap™! Thanks to TN_Finance tom_tomrayner InnoEnergyEU startups startup,1
Let the pitches begin! majikwater is up first. ClimateKIC ClimateLaunch clp18 clpke18,0
"During EURegionsWeek, EITeu workshop will gather EITCommunity and practitioners to discuss how to strengthen regional innovation ecosystems by redefining the role of university and its relationship with business and cities. Register here:",1
Retweeted Tibor Navracsics (TNavracsicsEU): .EITeu boosts innovation through education &amp; forging...,1
New fast track call in 🇵🇱 just launched by NCBR_pl nearly 44mln💶 from ERDF cohesionpolicy to support the fight against coronavirus BSP_Brussels EUScienceInnov EUeic NAUKA_GOV_PL MFIPR_GOV_PL,1
Our President franzbona has attended the annual GBM with the CEO &amp; the Education Director of EIT_Digital 🔥 All pleased of the community growth 🚀 Let's organise more events together in your cities 😉 - Look at how we went from 72 to 1000+ members 👉,1
24 hrs to hack climatechange with health innobham ClimateKIC_UKI – do you accept the Climathon challenge?,0
"According to Stefano Fontana, EIT Head of Innovation Communities Unit at, EITUrbanMob should become the core of European policy and shape the mobility strategy of Europe FutureofMobility",1
This morning with Antonio García Hortal talking about news trends in digital technologies EITDigitalAcad in Ofion expandingfintechecosystem event,1
The Climatelaunchpad finales are hereby open. We are soon ready for the pitches to begin CLP2016 NTNU ckicnordic ClimateLaunch fnauta,0
"My interview with TNavracsicsEU: EITeu must be ‘more visible, more transparent and more compact’ EurActiv",1
Seoul: City's mission to spread climate action via iclei ICLEI_advocacy c40cities C40Summit Mayors4Climate usmayors miljotweets ClimateKIC malmostad LeadershipMatters,0
Really exciting! ClimateKIC Pioneers into Practice 2017. Applications open until April 21. yourpathyourfuture🤘,0
Wow - a sample handful of our startups have gone on to attract nearly 1Billion Euros in investment climatekic CLP2016 entrepreneurship,0
"Moedas EU_Commission scibus CE_PTrep JEPaquetEU ERC_Research EUScienceInnov Good to see Moedas legacy is very much around putting Innovation as a key priority in EU_Commission .., hope that EUeic secures a long and sustained future - it was a privilege to have worked as part of High Level Group with the commissioner",1
Join: Driving Europe's Digital Transformation Conference and exhibition of EIT_Digital eitdigital16 innovation,1
.EIT_Digital AaltoUniversity Ericsson announce implementation Narrowband Iot prototype,1
Top 10 tips for telling your sustainability story via edie miljotweets WorldResources EURACTIV c40cities CDP CrowdWeek MistraUrbanFut ClimateKIC usmayors ICLEI_USA ICLEI tillvaxtverket,-1
"""I want to invest in things that grow"" - Discover an interview of Internet pioneer KeesKoolen former CEO of by WillemJonkerNL CEO of EIT_Digital :",1
"""With EIT_Digital, we received so many introductions to investors &amp; customers"" alexciszek co-founder of 3YOURMIND",1
Congrats to EIT_Digital supported scaleup sentryo for winning at BMWTechDate. Meet them now at VivaTech.,1
L’EIT Digital Challenge: Inscriptions du 16 avril au 14 juin 2018 EIT_Digital,1
ourdynamicearth ScotSAGES ClimateKIC ScotGovMarine SEFARIscot Arctic_Office news_RSE RoyalScotGeoSoc ClimateXChange_ EdCentreCC SUERC1 BritGeoSurvey SagesClimate19: Global Climate Challenges for a Blue Green Economy. RSGS_CEO on role of RoyalScotGeoSoc lobbying for climate action from all. For ScotSAGES conference Edinburgh. climatechange climatecrisis climateemergency science policy bluegreeneconomy Scotland,0
"EIT Digital Master School student biharygergo founded the startup revealu_. Already next year, he plans to cross the ocean, be a scaleup and join the EITDigitalAccel to help his startup become a successful European unicorn. Read the entire story!",1
Innoveit 2017 mira en Budapest el futuro de la innovación en la UE EITeu EIT_Digital,1
Next week - dont miss it... UNFCCC ClimateReality ClimateKIC AndersWijkman nordenen cop23 ICLEI EURACTIV,0
"Hi ha moltíssimes coses per a fer, no et quedis a casa! Aquí teniu més possibilitats! ajgandesa CCTerra ClimateKIC ClimateKICspain ClimathonGANDESA Climathon",0
Meanwhile in Turkey... We appreciate hosting Grzegorz Opach and Fruzsina Csonka from InnoEnergyCE business development team for the meetings with corporate firms. We are hosting now the first meeting of the day with tupras.,2
"Experten aus verschiedenen Branchen, die die🚀𝗗𝗶𝗴𝗶𝘁𝗮𝗹𝗲 𝗧𝗿𝗮𝗻𝘀𝗳𝗼𝗿𝗺𝗮𝘁𝗶𝗼𝗻🚀Europas unterstützen, sind Jetzt in MAD in InnovationDay18 von EIT_Digital; redborder Betriebsleiterin cmaza wird bald über Bildung&amp; Innovation Herausforderungen&amp;perspektiven reden",1
"To all interested climatechange researchers and practitioners: research results and job postings of our new Cluster of Excellence „Climate, Climatic Change, and Society (CLICCS)“ can be found at CENunihh. Follow us! ClimatAlliance ClimateKIC riffreporter riffklima",0
"Pass by booth 616 tomorrow in Barcelona &amp; listen to EIT_Digital presenting their projects at SmartCityexpo SCEWC17, the largest event on SmartCity in Europe! 🌎 We will be there of course!",1
Apply by 8 Oct for EIT_Digital Challenge 2017 and win a €100k growth package to scale up your business! APPLY NOW:,1
"ROCKWOOLInt BPIE_eu ClimateKIC anthesis_group TeicosGroup c40cities Interesting chart, but confusing. Where are the arrows for exporting to other countries all the CO2, air emissions &amp; waste generated during manufacturing Rockwool?",0
Our founder attends workshops to Identify the right patterns in the supply chain to mitigate climate change and reduce risk ClimateKIC homepod startups buildings architecture iasi romania sustainability sdg climatechange frankfurt ProvadisSchool germany,-1
"New international speakers listed for Arctic CSW Arctic // Europe 2018 | Crowdsourcing Conference in Luleå, Sweden via CrowdWeek NiklasNrdstrm ClimateKIC theWSBF edie miljotweets mikaeldamberg AndersWijkman ClimateSusanne ContChange cdlariviere",-1
All set and done Fabcity Later this evening interesting pitches of TNO TNO_nieuws at our ClimateKIC event,0
"D-Day is starting soon for the DigiEduHackMainEvent in AaltoUniversity, Espoo along with more than 30 hosts around the globe! We are so excited to start hacking the future of Education 😆 Are you ready? ClimateKIC EUDigitalEdu UltrahackHQ",-1
A springboard for start-ups | EU government interviews and insights : Pan European Networks EIT_Digital _wisebatt,1
Good news also for Birmingham. Important project by CenexLCFC as it deliberately focuses on bringing electric vehicle car-sharing to low-income neighbourhoods and tower block estates. Showing climatechange is not just a middle-class issue. ClimateKIC_UKI,0
"The participants to the Bologna Climathon don't surrender to tireness 'cause the ""works must go on"". ClimateKIC",-1
Hey! TeskaLabs has been nominated to the finale of EIT_Digital Challenge Thank you so much! innovation scaleups,1
"EUClimateAction TimmermansEU EUEnvironment EITeu EU_EESC EU_CoR eumayors WWFEU CANEurope Green_Europe TimMcPhieEU Imagine a wish become a reality: ""Wouldn't it be nice to get fullfil happines seved climate our planet?🙏❤",0
Quick round up of Day 1. EITKICMasterclass! EITeu ClimateKIC DavidPollardIRL! ImpactHubMAD EITInnovation SouthSummit19 EIT,0
.ClimateKIC DEVASTATING effects of KillerPalm fires greenhouse gases on climate must STOP,-1
Corso di 2 settimane sull’adattamento ai cambiamenti climatici iscriversi entro il 15/06 ClimateKIC Twiperbole,0
"Check out Smart Covenants, a collaborative project between DarkMatter_Labs &amp; Centre for Spatial Technologies, supported by EITeu ClimateKIC. This piece brilliantly explains how public investment can lead to private wealth, hindering the development of sustainable cities.",0
"Diego Pavia, InnoEnergy CEO, discusses potential technologies that could improve airquality, and the need for society to engage with tackling pollution InnoEnergyEU",2
. careersbham Interested in the zero-carbon economy? Last day to apply for 8 week operations internship with ClimateKIC_UKI,0
5 women fighting climate change and extreme events in Rome! 💚 winning climathon team. Thanks to ClimateKIC for the opportunity !! ClimateKICItaly cKIC_Alumni ENEAOfficial climatechange sustainability extremeevents savetheworld,0
Young innovator at work for Climathon Torino GlobalClimathon ClimateKIC,0
"Sur le stand AMPLIFYNATURE et ClimateKIC, démo de la SMART écologie SolutionsCOP21",0
We are live with our webinar on public funding for climate projects join us now climateaction ClimateKIC,0
"Will your startup become Europe’s next tech success story? 🚀 Apply for the EIT_Digital Challenge by June 14 &amp; win an international growth package worth €100,000 to scale up your business! DeepTech GoGlobal DeepTech Tech",1
"iWEE: ricerca, finanziatori e istituzioni per valorizzare i RAEE. A cura di ENEAOfficial e EITRawMaterials.",1
"💡 EnergySysCat is launching an Innovator Challenge call for SMEs developing Low Carbon Interoperable Energy Solutions. The project is being run in collaboration with ClimateKIC and supported by EnergyCapitalUK, part of the WestMids_CA ➡️",-1
_Ideachallenge finalist Damae startup pitches on the wish to become leader in skin diagnosis. Seen EIT_Digital,1
FredBOSSARD présente DataMoove au pitch des startups au vem8 organisé par LaFrenchTech : EURECOM EIT_Digital,1
Timo Nyberg teaching on importance of IPR EIT_Digital summerschool2015 smartretail,1
EIT_Digital official theme partner of New Mobility World at IAA 2015,1
Wanna know Digital Growth's potential at netfutures16?Watch WillemJonkerNL of EIT_Digital,1
How can digital services improve engagement between government &amp; citizens? Tell DigiCatapult &amp; EIT_Digital:,1
Great news!!! ClimateKIC EITeu partners in Cyprus are here to help... CkicCyprus CyUniTech chrysalisleap CyEnergyAgency,0
This Startup Is Using Pollution to Help Build a Clean Energy Future - via DigitalTonto CrowdWeek JKuylenstierna NiklasNrdstrm CKICNordic sampweaver usmayors miljotweets batteries energy GDenergi Skellefteakraft,0
"A very intense Entrepreneurial week - IN3Spain , south_summit, inauguration of GoTechMadrid &amp; our own EITDigitalAccel quarterly meet up",1
EITRawMaterials It was great to have you here ☺ Thanks for coming all the way!,1
Great team Vlerick Eliza &amp; Leo are implementing ‘learning revolution’ in higher education FSR_Energy InnoEnergyEU LeonardoMeeus,1
¿Conoces el ClimateKIC? Se basan en que todo el 🌍 puede contribuir en la lucha contra el CambioClimático Mañana le dedicamos un especial!,0
"Startups! SMEs! Boost your business with EITRawMaterials! Apply for the Call to test ideas, meet key players in the rawmaterials sector, get financial &amp; non-financial support! funding pitch innovation IoT tech4CE circulareconomy WEEE recycling",3
"Do you have an innovative sustainable energy startup? Apply for EIT InnoEnergyEU Global Call by 19 December to win €100,000 as well as support to grow your business! Find out more and apply today! startup funding startups vc",2
CF_mobility PlataformaEMS pedalibre RevistaPedalea Pedaleaxlacalle RedCiclistaMad BiciUrbanaBsAs SOLUTIONS_EU MobiliseCityLAT Pascal_Amsterda EITUrbanMob,1
"IndiNatureCo ClimateKIC EdCentreCC edcraigecci Aurora_Cons Woooooooo! Congratulations guys, you deserve it!",0
EU-based startup looking to scale up? EIT_Digital Challenge 2016 is now open! digitaltech innovation,1
"Climate matchmaker programme with Mayors4Climate ClimateKIC and CDP identified 600 projects to be financed in the cities MissionFinance as a good example of mobilising finance , cities and projects AmandaEichel",0
With EITDigitalAccel SanFrancisco team and w_dron presenting _wisebatt battery life solution in SiliconValley EITDigitalAccel,1
"socialinnovation is at the heart of EITeu and we will make it even stronger, Martin Kern at Innoveit",1
Being welcomed by gbgtechweek CEO at the cool chalmersventure CKICbootcamp CKICNordic,0
Getting our food prepared from last year's participant Fornelia! ClimateKIC ClimateLaunch bootcamp smellsgreat,0
KajEmbren CKICNordic ClimateKIC AndersWijkman ClimateBonds theWSBF Kommuninvest nordenen COP23 c40cities CDP TheClimateGroup maxelger Thank you for sharing - interesting to note how greenfinance can be linked to other SDGs like education and health,0
Looks like a plan for lunch! .ClimateKIC,0
And the winner is Juha Roininen from ClimateKIC cleantech accelerator alumni SFTec! MPIDEA MPD17,0
Not to be missed! Online event this morning with ETF Director Cesare Onestini a panellist on session 'How can education prepare organisations for the future?' EITDigitalAcad conestini,1
"Had a great time at the EIT_Digital bigdata summer school! If still there tomorrow, don't miss SenorCarbone's and GyulaFora's talk!",1
Solarmedialtd filming elevator pitches from our InnoEnergyEU supported products. First up EnerBIM Intersolar,2
Roblox’s David Baszucki to talk user-generated VR at GamesBeat 2016 via EITeu,1
ClimateKIC ...6 months ago! 🙄,0
"RT ClimateKICItaly: Corso innovativo promosso da EITeu ClimateKIC rivolto alle imprese con soluzioni per: efficienza energetica, simbiosi industriale e efficienzadellerisorse. Registrati ora e riserva il tuo posto nel corso di Bologna",0
Congratulations all Trondheim Climathon teams! It's been an honor to spend 24 hours with you ckicnordic NTNU,0
"San Francisco + Las Vegas EIT_Digital events were a great success. More to come, stay tuned! startup Europe innovation digital",1
Great start for the ClimateKIC Innovation Festival IF2015 happy to part of the community!,0
"Gender balance on final panel is good, but good to know that EITeu is planning to up its game. diversity talent",1
"This morning MaartenCStol is kicking off the EUeic Corporate Day in Leuven, Belgium digitalintelligence ai ArtificialInteligence events",1
Find out more about EITeu competition for EITUrban &amp; EITManufacturing in Brussels on 13 February at EIT InfoDay in Brussels: H2020 innovation,1
"Acelerar startups por el clima, por mariajpico climatekicVLC AVAESEN climateKIC EITeu",0
"Our partners at InnoEnergyEU are looking to find, reward and develop the best &amp; most innovative ideas around sustainable energy💡Apply to their global startup call before December 19th for the chance to win €100,000 &amp; support to grow your business➡️",2
Imagine if city dwellers could grow their own lettuce &amp; vegetables on a rooftop nearby? ‘Edible Roofs’ is a rental platform supporting urbanfarming 🌱 on Zurich’s 5 km2 flatroofs: ClimathonAwards GlobalClimathon ClimateKIC EITeu impacthubzurich,0
isax_aine EITHealth ISAXireland healthinnostars EITHealth_nl EIT_Digital EITeu EITHealth_UKI LeydenAcademy EIThealth_FR EITHealthAlumni isax_aine see you tomorrow. I am also exited with EITHealth Wildcards,1
Sustainary_org featuring HOPUbiquitous solution to address Sustainable Development Goals ITU SDGs as part of the programme Fast Track for Sustainable Development BIDCambioClima ClimateKIC AirQuality SmartCity FIWARE,0
"Thank you InnoEnergyEU for your strong support for CleanEnergyEU at TBB2017. ""A welcomed revolution for innovators in Europe""",2
"Tomorrow! The 2nd climate startup night from ClimateKIC, Europe's biggest cleantech accelerator at loftberlin!",0
"Come and visit Waylay at IoT Solutions World Congress in Barcelona, Sept 16-18, booth D461, together with EIT_Digital ! iotswc",-1
gj4 pitching competition! presasbasalo presenting InLoops' idea for an innovative aquaponic system. climatejourney17 CKICNordic,-1
Belgian-based Auro Technologies raises $28 million from Chinese investors via EITeu,1
Techsylvania 2017 unfolding. Glad to be a partner. EIT_Digital AriseEurope,1
Merci NAUD_JF pour ces infos sur les solutions des scaleups de EITDigitalAccel pour la période de confinement COVID19france,1
Thank you team Sweden EIT_Digital for this amazing 2016 eitdigitalacademy graduation ceremony I look forward to the party at Vasamuseet,1
Call for abstracts for a Criticality workshop by EITRawMaterials during RFG2018! rawmaterials innovation CallforPapers callforabstracts,3
Getting busy at the EITRawMaterials booth at RawMaterials University Day 2017 Madrid with La_UPM! :) RMUDM17 RMUD education RawMaterialsAcademy,3
Pleasure meeting Journey1 and ClimateLaunch teams and giving insights about our cKIC_Alumni in climatejourney17,0
"Inspirational speech by Fiona Hall, former MEP and Senior Policy Advisor of Rockwool International brussels Climathon ClimateKIC",0
"What is EITFood? A Knowledge and Innovation Community, one of six EITeu KICs, fighting for innovation in the FoodSector thanks to 50 partners and RisingFoodStar startups explains Begoña Perez-Villarreal, Director of EITFood CLC South",1
nowwatching Extraordinary acceleration of urbanisation captured in video via ClimateKIC,0
ClimateKIC Of course the fine is peanuts for his conglomerate but it is a question of principle if this means anything for him......,0
Join efforts to develop COVID-19 contact tracing using physical tokens EIT_Digital are looking for tech help in creation of anonymous wristband. Could you help? covid19,1
EIT Health partners will join euVention teams this evening for a reception &amp; keynote speech by Prof. Dr. Ralf Bartenschlager EITCommunity,1
.ClimateKIC cloud cities working with data sharing for urban projects innoveit climate innovation,0
RT ClimateKIC The WorldBank wants to invest $1 trillion in solarenergy ClimateAction,-1
Retweeted Climate-KIC (ClimateKIC): Watch one of London’s first commercial urban farms grow in 10 tweets...,0
Europe's next leaders: the Start-up and Scale-up Communication – Celebrates 1 year! Successful collaboration between EU_EIC DigitalSkillsEU DSMeu EEN_EU EITeu EUErasmusPlus EU_EASME Link to One Stop Shop: startups investEU Entrepreneurship,1
"Informative urban circular economy case studies by c40cities &amp; ClimateKIC Shows municipalities transitioning to low-carbon economies. Enables greater energy &amp; material efficiency, lower pollution &amp; GHG emissions and job creation. reuse Cities4Climate",0
And the winner of the first edition of the EIT_Digital DeepHack on Mobility with IoT in gemeentetilburg is ... ... InterJourney,1
It was a great honor meeting angelamerkelcdu in Berlin to discuss the impact of new technologies like AI. Thank you WEF for enabling this Empower the sustainable mode of transportation with AI IoT weareKONUX EuroJedi dbMIndbox NEA DoroBaer EIT_Digital TU_Muenchen,1
ClimateKIC climate stories about people willing to chip in is essential,0
"My presentation on Sustainability at the German SPE SECTION's organised STC 2019, Aachen,Germany. SPEtweets EITRMAcademy Sustainability circulareconomy",-1
Congratulations to peeltech for winning the VIBES_Awards Micro Business Award sponsored by ClimateKIC &amp; EdCentreCC VIBES2018,0
vanessarauland bradpettitt ClimateKIC climate_kic_aus PortiaOdell UWACSIAlumni space3ed Loving the free play.,0
You can still apply for EIT_Digital's Venture Programme for entrepreneurs in deeptech. See one of their success stories in the programme from Greece:,1
EIT Change Award nominees Eline and Florence! kate_ckic ClimateKIC MariaJPeeva sollazophoniasd EITalumni EITeu,-1
Now Christoph Tochtrop from FolkwangUni &amp; Wupperinst tells a little story about CircularEconomy and Design. How many products do you really need and use? Climathon ClimathonRuhr ClimateKIC GlobalClimathon ClimateKIC_DE,0
"What is it like being part of the EITCommunity? Meet 5 of our entrepreneurs, helping find solutions to some of our greatest challenges! EUInnovation HorizonEU H2020 Malta",1
"Another great city presenting an intriguing challenge, Malmö here we go! Learn more about the city's challenge to bring renewable energy and solar power to all: SUSnordic Nordicsolutions NCEW2018 EITeu c40cities CLEANcluster",-1
In EU we tend to fund paper work when we should fund action ClimateKIC Frans Nauta on cleantech start-ups GCTSummit2015,0
"An enthusiastic video application for the EITalumni Connect18 from a Greek member, also part of the EIT_Food community! 👏 Few days left to apply to this unique event gathering Professional Alumni &amp; students from all EITeu:",1
"Heading for first GalwayClimathon planning meeting! TBH nuigalway Frday 27 Oct, all interested in greencity issues welcome! ClimateKIC",-1
"Mentoring by FRENOTECNICA, thanks to our industrial partner! HIT_trentino EITRawMaterials UniTrento",3
Join this free lifelong learning webinar on 20 Feb 2019 - developed by BREAKit_EITRM with the support of EITRawMaterials. More information,3
cKIC_Alumni EITeu ChrysalixTech Thanks! Wouldn't have gotten so far without you!,-1
Avslutar min vecka i Almedalen hos EIT_Digital &amp; AlmeDela med att vara expert på ansvarstagande datainsamling.,1
"At the trees as infrastructure initiative with DarkMatter_Labs asking ""what legal and ownership systems are needed to underpin a distributed natural infrastructure system"" and ""how do we improve the relationship between humans and trees"" ClimateKIC",0
AdamRogers2030 avrohomg arikring ristori20 kashthefuturist ReclaimAnglesea debraruh HansLak SusanHeaney matthewshirts seth_leitman AmazingChevVolt Jackthelad1947 Paula_Piccard 1o5CleanEnergy kirillklip autrement_votre UNDPClimate PaulEDawson ClimateKIC APRC_CF Climate21 Marco_vdRee ClimateKIC_CH clionahowie SDGaction SDG2030 no no no no no no no no no,-1
"Zabava uz MunchmallowChallenge polaznika radionice ClimateKIC ""Osmišljavanje i razvoj poslovnih ideja"" u EUinfoNi - timski rad za efikasnije poslovanje!",0
Coming up next week: Open Transport Meetup with SNCF. Looking forward to great discussions EIT_Digital utum_muc dbmindbox DB_Presse,1
"All nordic greentech startups out there, take a look at .CKICNordic accelerator. nordicmade",0
"EU_Commission consulting citizens before preparing sectorial legislation for next MFF post-2020 proposal. Express your views right from the start on EU's future EUErasmusPlus, MSCActions, europe_creative, SolidarityCorps, EITeu",1
Action on the climate is urgently required – and electricity will play a key role via wef NiklasNrdstrm ClimateKIC david_sundstrom GFI_org miljotweets KirstenCKIC bankers4climate EURACTIV OlumideIDOWU GDenergi LeadershipMatters,0
"We are happy to welcome over 300 participants to the EITRawMaterials session at RawMaterialsWeek! Starting with a warm welcome from our CEO, k_hanghoj and EITRawMaterials contribution to the UN Sustainable Development Goals and the industry perspective. EIPRawMaterials SDGs",3
"Involved or interested in topics around CircularEconomy programmes? Let us know your thoughts, and help us to develop CE even more! connectingmatters EITRawMaterials EITRMAcademy CiceroneH2020 ClimateKIC EITeu EU_H2020 FP9_EU",-1
Join ClimateKIC in one of three Nordic cities to help solve real city challenges 18/6. Great initiative! Climathon,0
CKICNordic ClimathonTrheim Hei Josef. Trondheim er med. Vi søker om midler til å bygge ut gratis wifisoner straks det er mulig. Hilsen Elisabeth,0
.CKICNordic showing how to do it at cphclimatesolutions,0
The seven pillars of the circular economy via ClimateKIC,0
The Components_EU Daily is out! Stories via MINATEC EITeu H2020SME,1
throwing balls at each other. A lovely way to get to know each other ;-) warm-up at ClimateKIC_camp ClimateKIC,0
How do you combine the circulareconomy with the blockchain? sfridoo and ExploitOpp conducted a study to improve the international waste traceability system! Read the full article here: circulareconomy CircularChange CircularEClub ClimateKIC,0
.EIT_Digital EIT Digital to hold its first international CyberSecurity Symposium in Rennes 23/24 Nov EuroCyberWeek pehura ChuckDBrooks,1
Super proud of our startup teams for their efforts today. We won both the best pitch award and best business idea! Journey2015 ClimateKIC,0
"WillemJonkerNL PlugandPlayTC KerstiKaljulaid andrusviirg EIT_Digital done big enough before. yeah, not gaming this time, but 3d web and video games aren't so different. legal this week because gov just loves screwing up the good stuff. eu equivalent to follow. not your problem, just saying.",-1
spunkynigga Brodah_Ayo BiffoAbdulkadir EITRMAcademy PTDF_Nigeria realFemiOtedola AMADICHIMA AlikoDangote herde_yinkar da_moxy _solutionn Una do well .. las las he will help,-1
ClimateSusanne CKICNordic Thank you ClimateSusanne 🙏🏻😊,0
fempaisatge The best way to engage people landscape popupgreen Landsc_Biennial cKIC_Alumni ClimateKIC plants,0
DigitalTransformation need to overcome the fragmentation to create strong net. &amp; coop. to build digit. ecosys eit_digital WillemJonkerNL,1
In Birmingham on 18 June? Join the global ClimateKIC Climathon! COP21 ClimateAction,0
Failte_Ireland Irishwildlife irishenviro devperspectives COYBIG uccclimatelab daraobriain Dept_CCAE climateKIC JohnDowning2 Can boys in Green deliver this notion of Green grass of home as 🇮🇪 are bottom of European ClimateAction league? Flooded pitches stop play 💚,-1
.agnii_goi is excited to partner with ClimateKIC- ClimateLaunch to drive cleantech &amp; sustainable solutions for combating climate change! Join us at the India session as we take you through NewIndia's story &amp; discuss it’s cleantech potential! environment innovation,0
We won Rushlight Energy Efficiency Award and Commended in Energy Environment CleanandCool Challenge_prize ClimateKIC energytechstrat,0
Congrats to EIT_Digital Challenge winners🎉! Uncover 10 flagship scaleups strengthening DigitalFuture of 🇪🇺 in 5 categories: CERBAIR LORIOTio R3Coms quoscient oculavis wonderflow mecuris SidekickHealth ZelrosAI minnatech More EU_Startups,1
circulareconomy enablers GroupTarkett greenpublicprocurement WCEF2017 ClimateKIC,0
24 Feb. de 11h30 a 13h30 : Jornada informativa del programa de movilidad ClimateKIC PioneersIntoPractice,0
.EITeu EUtenders Provision of website and digital communication services – due 2.2.17,1
"ClimateKIC technology Unfortunately from a scientific viewpoint, miracles dont happen.",0
Today education EITRawMaterials RawMaterials event in Espoo VTTFinland,3
"Looking to establish your DeepTech Startup? 🚀🚀🚀 Apply for the EIT_Digital Venture Program by 26th April &amp; get support of up to €25,000 to develop your MVP! EarlyStage DeepTech Europe Startup Accelerator MVP StartupProgram CEE",1
"“I want to make all vehicles autonomous”, says Gijs Wissing, who studies the EIT_Digital MasterSchool programme AutonomousSystems.",1
"📢 TURN YOUR IDEA INTO BUSINESS! EIT_Food, EITRawMaterials and EITHealth have jointly launched a ‘Business Ideas Competition’ for innovative idea holders and early stage Start-ups. Deadline: 31 March, 2018. Prize: up to EUR 10 000. More: | SMEs",3
"EITeu EU_Commission GabrielMariya europe_creative EU_H2020 EUScienceInnov EU_Growth EP_Industry EUCouncilPress The ""Defender"", the Bocar Association Citizens of Split, OIB: 37963671513, Magistrala Solin 56, 21000 Split, has formed the Organizing Committee of patriots called ""For Drinking Water,"" composed of members from several associations of citizens coming from different political par",1
Good news! JournifyEs will be part of the first acceleration process of the EITUrbanMob Accelerator supported by the EITeu acts to accelerate positive change on mobility to make urban spaces more liveable,1
So happy and proud - EITHealth wins 3 out of 5 EITeu Awards 🏆👏🥂,1
Filling out my ClimateKIC_UKI EdCentreCC Accelerator programme application en route to see my mentors from last year AuroraGroupScot GreenGrowFood loveatrainjourney choochoo climatekic startupforpurpose,0
"John Schellnhuber on cop21: ""There is no way around 1,5. Science is happy. So let's finish the job"" ClimateKIC",0
Back in student digs for the night UniofOxford with EITeu looking forward to a great evening and round table tomorrow! mhealth digitalhealth OrchaUK,1
INFODAY de ClimateKICspain y EIT_Food en Cantabria para explorar vías y oportunidades de colaboración para llevar la innovación al mercado en las verticales de Clima y Agroalimentacion del EITeu 📆23 de marzo de 2020 📌CamaraCantabria 👇🏻+INFO,0
"Discussing greenfinance greenbonds CKICNordic partnerday nordicpartners ""The nordics are leading the way"" KajEmbren. Cool locationucph",-1
hans.maennicke.sustainable.daily is out! klima ecosalon Stories: seonardode ClimateKIC RolfMecke climatechange,-1
Forget learning to code: Every employee should know data analysis via EITeu,1
We at ClimateKIC agree about the importance of Sustainable Land Use! BGSummit,-1
EIT_Digital digitaltransformation innovation education and ecosystem are the main pillars bigdata innovation Grow &amp; go to Market!!,1
"EIT partners up with Nasdaq on 20 September!📈📑 During our Investors Day, entrepreneurs from EITDigital, EITHealth InnoEnergyEU &amp; EITRawMaterials pitch their innovation. 👀 more:",1
Day 1 - Solving problems with passion and expertise hackathon CleanEnergyHack DTUSkylab ClimateKIC,-1
Is your country an efficient innovator? Check here! innovation Innovations EITeu,1
"President PaulRuebig, known as champion of research-based SMEs, to become a strong voice for SME innovation at the EITeu governing board.",1
"Brilliant speech by Moedas DelorsInstitute - Europeans will suceed when there are bold. Curing child cancer , making EU cities livable and CarbonNeutral, to give innovators a clear direction. EU proposes tools EIC EITeu R&amp;I Mission to speed-up the velocity of innovation.",1
Es crea oficialment el fons d'inversió del Consell Europeu d'Innovació. Demà en parlarem al CEOCouncil de CataloniaBioHT amb Borja Carsi d'EIB i Luis Sánchez d'EUeic👍🏼 EUeic eicAccelerator MontseVendrell melqui_calzado,1
Comienza la presentación del Centro de Innovación en Cambio Climático ClimateKIC CambioClimatico,0
"Great to see this, esp. as we are working together with colleagues from ClimateKIC to support development of circulareconomy in slovenia as well. EITeu EITRawMaterials connectingmatters",0
Join the Innovation Day in Eindhoven w/ EITDigitalAccel Challenge final &amp; keynote of Mensvoort. Sign up now Nov 24,1
Everyday Innovation Tips pt. 2 by vrederik itpocket at EIT_Digital InnovationDay17 in Eindhoven,1
Importante presencia y participación de ClimateKIC en SmartCityexpo en Barcelona,0
Hoping some amazing team building activities for the selected 9 of 16 ideas! Eitalumnistartupdays eitalumni,1
Interesting result. DefraGovUK ClimateKIC_UKI EU_BUILDUP UKEnvironment,0
Getting ready to pitch coach CKICNordic cleantech startups heading to SlushHQ slush17 CKICSLUSH Slush100,-1
BITKOM_Startup EIT_Digital infosharepl _ideachallenge glad you here with us at StartupZone!,1
"ClimateKIC_UKI Glory to God-Aitz the Lord of our Jesus Hryst! Shanoўnya! This is necessary: ​​the Dakar-Gazli-Benghazi Canal will reduce migration to Europe already at the design stage. People will build a canal marine and date to them. Cleopatra, which will reduce the temperature of the poles.",0
Den cirkulære økonomi har brug for startups som SFTech recycle cphftw ClimateKIC sustainable,0
Bit of a The Thick Of It moment at MissionFinance - copyediting news for ClimateKIC from the back of plenary while the Irish Climate Action Minister addresses the Summit. Richard Bruton launches the Financial Centres for Sustainability (FC4S) Europe 💶💚,-1
Want to make the transition from research to business market? Apply for the Science to Business workshop with ugent! EITRMAcademy PhD EITCommunity rawmaterials metals minerals innovation sustainabledevelopment ciculareconomy,3
🚗🚈🚊 L’EITUrbanMob obre la convocatòria de propostes per al Pla de negocis 2021 💰33M€ ➡️ CENIT_Research transportpublic cercle_infraest MobiliCAT SomMobilitat emprencat FUEmpresacat URVempren UPCSostenible transportpublic Ecoserveis,1
"Your chance for the summer of a lifetime - applications for the ClimateKIC Journey, the World's largest climate innovation summer school, are open now! climate startups",0
En el congreso nacional de periodismo ambiental APIA_es hemos estrenado el vídeo de Climathon 2017 ClimateKICspain GlobalClimathon ClimateKIC ecogestiona apunta la cita del año que viene 28 octubre 2018,0
The presentations of EITeu Infoday CallforKICs are now publicly accessible Food4Future FoodKIC,1
Europe GirlsCoding 1st Free Workshop Digital Coding Skills 4 Girls Greece EITeu Google MantalenaK StavrosMilionis ATH/TECH KEAN.gr,1
Basic info for startups - names that work! EITeu innovators and entrepreneurs take note!,1
Individual remote coaching brings results in reducing stress: Results from research EIT_Digital VTTFinland Health,1
. EIT_Digital launches measurement solution to improve blood pressure monitoring hypertension wearabletech,1
"Salvadori, insediata a Pmeccatronica, all'EuroMineExpo: unica azienda italiana selezionata da EITeu Complimenti!",1
"Looking for a date? Come speeddating at UtrechtInc, startups looking for entrepreneurs, co-founders and interns. UtrechtInc and ClimateKIC are hooked!",0
Day 2 begins. Clustersofchange: Roadmap design for an improved formula is on the agenda TheCAP ProvadisSchool BiancaDragomirD ChrisRangen ClimateKIC EEN_EU Clusters_EU ulla234 🇮🇪🇪🇺🇩🇪,-1
"Wind turbines manufactured from glued wood? Yes, we can! 💪 EITeu ClimateKIC start-up modvion is building prototypes to make this out-of-the-box vision a reality. Skogsaktuellt delves into the details of this astonishing project:",0
First day SusNatIrl BootCamp with our project Urban0yster climatechange urbanfarming ClimateKIC_UKI ClimateLaunch ClimateKICIreland global green business ideas socentie SEJumpstart devperspectives SInnovationIRL,-1
Scotland Is 'On Target' For 100% Renewable Energy By 2020 via ladbible theWSBF EU_CoR EURACTIV ClimateKIC miljotweets,0
ConorKerley huckletree forwardfooding EITeu GIANTInnovate impacthub RebelBio Ah you’re welcome! Glad it was useful,0
Just completed Cyber Security for Indentity Protection and Security and Privacy for Big Data: Part 1&amp;2. Really enjoyed completing both the parts. Looking forward for full course to be released 😎😎 EITDigitalAcad EIT_Digital,1
"🗣 KirstenCKIC, del ClimateKIC: “Recibimos financiación, entre otras fuentes, de las instituciones europeas y nuestra ambición es transformar Europa y el mundo de una forma sostenible♻️” SuperLabPorts",0
Only collaboration makes winners! EITeu KICInnoEnergy EIT_Digital,1
Check out the Greenfinance event arranged by ckicnordic &amp; ClimateKICLoCal at the nordicsolutions COP23,-1
Happy to be selected among the beneficiaries of PARSEC_EU acceleration. Let's proceed with our development despite lockdown. SpaceUpProject TnSviluppo SpaceTechExpoEU EU_EASME ClimateKIC edincubator,1
Zoltan Balog Minister of Human Capacities Hungary at launch of EIT_Digital node in Budapest,1
IBD4HEALTH 2016 students pitch their innovative projects! EITHealth EITalumni UniBarcelona UGrenobleAlpes,1
Just landed in London all set for pitch workshops 2moro with _ideachallenge finalists videocameraattheready EIT_Digital SmartCities,1
It's about empowerment and giving individuals the chance to flourish by being themselves. A great bit of feedback from InnoEnergyEU Masters Student Maryjane228,1
RT ClimateKICItaly: RT Acclimatise: Listen to the 5th episode of ThisNewClimate. willbugler explores EITeu ClimateKIC's Climate Smart Agriculture Booster that helps farmers adapt to climate change while shedding light on how European farmers have …,0
Aster_ER ClimateKIC Bologna professional short course starting on business models BolognaBSchool Rosa Grimaldi,0
Congrats to EIT_Digital Challenge winner blitab_ which is one of the 'biggest launches' in BBC overview of CES,1
"You want to Imagine the urban future? Building and rebuilding are at the heart of the European model. We discuss with Kirsten Dunlop, CEO at ClimateKIC at first of our series on visions for an urban future regionetoscana",0
.ClimateKIC Ideation Event 6th Dec. ‘16 - SmartCities &amp; Sustainable Development in collaboration with Malta Chamber of Engineers - EITeu,0
"Ignacio_CKIC tricymobi ClimateKICspain ClimateKIC ClimateReality climate_reality Thanks Ignacio! If you want more details, follow us in",0
"We present our 11 new startup teams of the current winterbatch of the ClimateKIC accelerator. Stage 1: DePoly Libattion planted SmartHelio, UniSieve, Stage 2: BloomBiorenewables, Neustark, Stage 3: AgroSustain, FenX, GaiaMembranes and Hades.",0
They are the people to rock digital innovation!Congrats EIT_Digital EITalumni mslgraduation EITeducation,1
CENunihh ClimateKIC ClimateKIC_DE I want the videooo! 😍😍😍,0
"Maria Kanov presenting WomenEIT, one of the working groups for womenintech supported by eitdigitalacademy &amp; EIT_Digital! Check HeforShe",1
"Startups wanted to fight climate change! Get up to 95.000€ w/ ClimateKIC, deadline Feb 7:",0
SCEWC16 EITDigitalAccel all screens proudly displaying Digital Cities portfolio,1
How to tackle the consumption problem will iHow in pitch 6 be a tool? At ckicnordic Open innovation Day openinnogot GoteborgsPosten,3
Adrian explains his experience like a cKIC_Alumni at ClimateJourney QuixoteJourney,0
MIREU_EU and MAP EITRawMaterials project clustering dinner started with music by Kivitaskut geologist choir GTK_FI,3
"Thanks to GregBarkerMP frucool terrytamminen TrillionFund ClimateKIC CLEANCopenhagen, Paradigm Change Capital Partners&amp; ImperialInnova",0
"If you live in StrovolosM &amp; you want your neighborhood to be transformed into the first sustainable urban mobility district of Cyprus, let us know (Greek: /English: Please RT!!!! CyUniTech CyEnergyAgency Anya_Spa ClimateKIC",-1
.ClimateKIC MissionFinance panel on the role of psychology in integrating sustainability into investing for tomorrow.,0
The future of foodsafety? A tactile expiry label 🏷️ We see a lot of big innovations within the EITCommunity; mimicalab's MimicaTouch may soon become part of our everyday 👉 ClimateKIC startups EUinnovation H2020,1
"EO4GEOtalks ClimateKIC NEREUSaisbl earsc I'm assuming it's on Croatia time zone, am I right?",-1
"Great news! EIT_Digital has a good network in France, with offices in Paris, Nice and Rennes. Let's join forces.",1
"Thanks to all participants of the 1st Stakeholder Meeting for the ""Mineral Resource Assessment Platform"" project, called MAP, funded by EITRawMaterials, last week in Oslo, together with the colleagues from NTNU, GTK_FI, NGU and Scandinavian Highlands:",3
Am 28.5. war die Energiepreis-Verleihung an innovativen Startups rund um das Themenfeld Energie bei uns in der Siemensstadt. Habe viele Neu-Unternehmer kennengelernt! Freue mich auf die Zukunft im KiezDerMacher. Danke BPW_wirgruenden InnoEnergyEU,-1
"Tonight in Budapest: ‘Building Bridges 4 Innovation’. 🇦🇹elisellison wissensministerium; László Palkovics, 🇭🇺 Minister for Innovation; Gábor Zupkó EC_Budapest; Akos Dervalics InnoEnergyEU, Martin Kern EITeu➡️ow to create a stronger innovation network in CEE. EU2018AT",1
".GeSIConnect &amp; Deloitte recently launched DigitalWithPurpose at the UN ClimateAction Summit. The report, supported by EITeu ClimateKIC, finds that digital technologies have the potential to vastly accelerate the SDGs. Read the full report here:",-1
"From Nov 19-21, we will be joining FIWARE in Stand421 during SCEWC19 with DigitalEnabler - Let's meet in Barcelona cc EIT_Digital SELECT4CITIES EngineeringSpa",1
A better way from ‘R’ to ‘D’ by Edward Jung ProSyn EITeu EU_ScienceHub,1
SDDecleve opens Climate Innovation Summit by talking about the need to reboot our economy. We must all be change agents! missionfinance ClimateKIC,0
"The first EBA250 Swedish conference took place in Stockholm last week. 100+ representatives from public &amp; private sectors joined InnoEnergy_S, Energi_mynd &amp; BusinessSweden to discuss the strategic role of Sweden in the European battery ecosystem.",2
Collaboration between the public and private sector is essential says jpasztor ClimateKIC climatefinanceday climateaction,0
"gorano_ of EITDigitalAccel SWE; we need more competence to fight cyberthreats; protect media, election+business data Almedalen",1
CymruAmByth! - fantastic to see Wales launch £6.5m fund for circulareconomy via ClimateKIC wgcs_enviro,0
".LauraSoucek, CEO of Peptomyc, is dreaming of the moment she is able to cure her first cancer patient! Find out how the EUinnovation of this year’s EIT Public Award winner supported by EITHealth will do this ➡ EITAwards EITCommunity HorizonEU",1
Team breathe wants to eliminate plastic waste ClimateLaunch ClimateKIC Greece,-1
EdnaAyme Thank you for sharing. Happy to see Italian startups progressing and joining the great European network of EIT_Digital,1
"Latest details on the new EUbudget proposal reveal plan to cut 3.2% off most HorizonEU programmes, while giving a boost from the pandemic R&amp;D fund to the European Innovation Council (EUeic) and applied research in health, digital and climate ➡️",1
"Listening to AndersWijkman of ClubOfRome here at the launch of CLC_fi joining Climate KIC: “We are in an emergency, therefore we should act accordingly.” cllimatechange CKICNordic",0
InnovativeCity1 Students meet professionals digitalcities Summer School Nice EIT_Digital EITDigitalAcad,1
"Questo pomeriggio alle 17.15 al Liceo Fabio Filzi di Rovereto si parla di cyberbullismo e del progetto CreepPro_EIT promosso e finanziato EIT_Digital, coordinato FBKcom e TNSalute",1
"Don't delay, REGISTER TODAY! REMINDER - attend the EITeu Information Day in Brussels on 13 February/ Only fours days left to register... EIT 2018 Brussels Technology Innovation EITUrban EITManufacturing H2020",1
AriemaEnergia InnoEnergyFR InnoEnergyEU cnh2_es La_UPM fCIRCE HidrogenoAragon Univ_Toulouse Sudoe5 Se juntan dos proyectos sudoe: TRNSENER y PEMFC. ¡Muy bien hecho!,2
One more ClimateKIC ClimateLaunch Greece final by Chrysalisleap,0
"EU_Startups presents 10 European start-ups driving innovation in agtech. Among them is the ClimateKIC startup AgroSustain, whose technology prevents the development of fungal pathogens in fruits and vegetables. cleantech",0
"tecnalia is in this project Manulearn which aims to deliver a programme where students, researchers and companies work together to mutually develop skills through co-creating solutions to industrial manufacturing challenges EITManufactur",1
Congratulations brillpower ChrysalixTech aeropowder Ace_Twipes - off to Oslo ClimateKIC_UKI Venture Competition BestClimateVenture,0
Greek Minister of Environment opening the launch event of ClimateKIC Hub Greece,-1
Today's MondayMotivation comes from ClimateKIC partner Danone who partnered w/ FAO to scale up SustainableAgriculture practices providing access to more diverse &amp; healthier foods. 1 step closer to ZeroHunger! Systemic change in action! inspiration,0
"""We can make Payment disappear"" Nicolas Huss, CEO ingenico Innovationday19 EIT_Digital",1
24-11-2016 is Innovation Day. Spannende innovaties in Nederland en Europa. Startups Scaleups EIT_Digital,1
"CO2Utilization! Great ideas, but how to compare? Some assessment guidelines are out now! Prof. Sick from reuseco2 presents the joint discussion with ClimateKIC, NREL and NETL_DOE in our new paper: CO2nsistent TEA LCA useCO2 NETs CCUS circeco",-1
"EITeu PhD student jobs in networking science - future network technologies IMDEA_Networks, Spain. Apply now!",1
"Remembering yesterday's Spark lectures about packaging and space saving in transportation. Thanks to CKICNordic for the plant, great idea",0
.ClimateKIC brings cities together to develop innovative solutions against climatechange in the climathon 28 Oct,0
Commissioner TNavracsicsEU EAC &amp; CoR_President visit EIT_Digital in Budapest,1
Today in Athens for AriseEurope workshop for students on entrepreurship. Let's get started with found_ationgr EITDigitalAcad,1
EU sets aside €4 million for ‘wild card’ healthtech ideas EITHealth EITHWILDCARD EITeu,1
Vi så gerne flere greentech ansøgninger fra vores nye CKICNordic partner AarhusUni til ClimateKICs start-up accelerator. Attraktive vilkår. Ansøg inden 1 Feb: dlstartup auincubator rajiv_VB Panja1,0
Venez découvrir les nouvelles innovations d'EIT_Digital dans le secteur du retail à l'occasion du 1er salon de PICOM® ‘New Shopping Experience by NSE_PICOM Paris 2017’ le 23 Novembre 2017 TransfoNum Commerce,1
"What is transformation in time? The recipe may have to do with systeminnovation: policy, technology, education and citizenships connected to one another. tommitchell_kic illustrates the deep demonstrations of ClimateKIC at CIFUK Climate_Action_ LNDClimateActionWeek",0
Self-assembled NeZeB helps you live healthier thus reducing your insurance costs homepod climatechange cleantech ClimateKIC proptech,0
Las ciudades del mañana deberán ser más para el peatón que para el coche tsavachidis EITUrbanMob CEO de EIT Urbano Mobility movilidadfutura,1
"How much do we need to invest in R&amp;D to fully decarbonize Europe? Our partners E3Modelling will tell you more: 13 Dec, 4pm at EU Pavilion EUScienceInnov COP24 UCL_EnergyIIASAVienna InnoEnergyEU CNRS",2
When it comes to cities: the next 5 years are critical to make the climate targets. ClimateKIC &amp; NSC_Stockholm ParisAgreement,0
⚡️ “EuVsVirus” - great Moment of SocialNetwork Analysis of 🇪🇺 eupean Solidarity WirVsVirus WeVsVirus euvsvirus WirvsVirusHack coroNarrative BillyLinehan GabrielMariya andytoronto DavidPollardIRL isidrolaso EUeic sapieninnovate,1
"Under normal circumstances I wouldn't be caught dead at something like pgs20. But ""Normal"" is kicked off a cliff anyway because of climate crisis, ecosystems collapse, geopolitical madness, racism etc. Hence this: cc ClimateKIC macfound FordFoundation",0
When looking at consumption based co2 emissions it is all about engaging citizens in taking responsibility SDGs iLoveGlobalGoals ClimateKIC CKICNordic,0
"Webinar ""Using AI and Big Data to Fight Pandemics: Now and in the Future"" ⏰13 maggio ore 21.00 CET EIT_Digital webinar ArtificialIntelligence BigData Covid_19 👉🏻",1
🆕JobOpportunity EITRawMaterials - full-time RawMatCop project manager➡️ the RawMatCop programme is a three-year action funded by EU_Growth /CopernicusEU which explores how Copernicus and EO data can be applied to develop solutions for raw materials.,3
"The EITeu new Strategic Innovation Agenda for 2021-2027 is designed to increasing the regional impact of Knowledge and Innovation Communities, boosting the innovation capacity of higher education &amp; launch of new Knowledge Innovation Communities More →",1
13 startup presentano a R2B2015 i loro prodotti innovativi cleantech ClimateKIC,0
"Closing the gap between demand and supply for innovative education will be key driver for the future, more DataScientists, more interdisciplinary engineers, more IoT and blockchain based education system within Europe EIT_Digital EITeu EITDigitalAcad Brussels",1
digitalumni EIT_Digital jcamposanok jeroenvlent mao_j_yu ckismuk EITalumni EITHealthAlumni EITDigitalAcad EITeu Mwaaaah to them ❤️❤️❤️,1
"Working at EITDigitalAccel in Trento can hide some nice surprises, such as how the traffic jam looks like in the Alps...",1
In first speech Anna says cities are front-runners on climate change and can show real leadership. ClimateKIC has a real partner here.,0
I have 5 mentoring sessions today. Excited to work with the new .ClimateKIC 1/15 teams!,0
"Acelera tu proyecto con EIT_Digital Challenge, consigue financiación internacional y hasta 100.000€ en premios.",1
"PROSPECT2020 Aprendiendo unos de otros cómo avanzar en la movilidadsostenible en nuestras ciudades. Hoy cerramos, con Valladolid, como mentora, un ciclo ante el gran reto de gestionar el transporte público ante la crisis COVIDー19 AyuntamientoVLL EUROCITIES ClimateKIC",0
WebChair_ SocEntNL YESDelft EIT_Digital Het ziet er prachtig uit; heel veel succes!,1
"... and for innovation, like ClimateKIC startup Pectcof climatesmartag",0
Delighted we will be working with LisaTrickett41 &amp; ClimateKIC_UKI on this in the West Midlands.,-1
rcostu EIT_Digital EITDigitalAcad digitalumni EITeu La_UPM IMDEA_Software Alvaro_DLaCruz jcontreras Congratulations!,1
Ja sols queden 24 hores per l'inici del primer Climatopelterritori d Deixaràs passar aquesta oportunitat per transformar el territori? Mira't tot el que t'espera en aquest esdeveniment únic ClimathonGANDESA ClimateKIC ClimateKICspain ajgandesa CCTerra,0
EUClimateAction TimmermansEU UNFCCC EUEnvironment EEN_EU BusinessEurope WWFEU CANEurope Green_Europe ClimateKIC EITeu Yes lets get it!!!,0
Hybrid solar panels (PV+Thermal) at TBB2017 by InnoEnergyEU. solarenergy innovation lowup_h2020,2
"We had a nice start for the day: a good introduction of EIT_Digital master school at AaltoUniversity campus by Ingrid Schembri, pvuorimaa, and current students. Next Demola Helsinki teams will continue day 2 of JAM1. demolahelsinki",1
"Position: Entrepreneurship Lead for ClimateKIC start-up accelerator program in Switzerland, Austria and Hungary",0
Thanks all for a great final EIT_Digital _ideachallenge 7Mind_de aifloo Alzhup DAMAE_Medical Moodmetric LARAcompanion sensolus,1
WillemJonkerNL vestager ThierryBreton GabrielMariya ViolaRoberto ChristophidouEU JEPaquetEU BuschRo rsiilasmaa FransAvanHouten scibus tech_eu EIT_Digital EITeu EU_Startups SEP_EU DSMeu Important👍👍👍,1
"Hello, my_innerlife delta_anderson Anglo_Am_Oils ClimateKIC TheHammerOfFact BarneyStinsonHI. Welcome! via",0
EIT_Digital hosted the redborder presentation yesterday! The RedBorder NTA and Cybersecurity open platform got many attention! Do you want to know more about it?,1
ClimateKICspain director presents ClimateKIC to marco_h2020 @ in valencia spain climate EITeu EU_Commission,0
Bezoek ook InnoEnergyEU + 9 start-ups! energietransitie,2
Get to know ducky_no - one of the ClimateKIC greentech startups selected for Slush17! CKICSlush,-1
"""Circularise allows every stakeholder to keep their competitive advantage while contributing to a circulareconomy."" Check out EITRawMaterials' article about our startup: RawMaterials ValueChain startup",3
"cocera_pilar EUeic TheWowTune GabrielMariya idearenet ICT_Energy In general we are against postponing cut off dates but if some SMEs received their ESR on Thursday and others will not get it till Monday, the difference is not few hours, they are clearly giving advantage to the first group.",1
".OriginsEarth launches in Paris the first ClimateMitigation as a service solution: a CO2 monitoring &amp; advocacy tool. Une ""météo du carbone"" pour sensibiliser les parisiens sur les émissions de CO2.👏 ClimateAction NeutralitéCarbone suez ClimateKIC",0
"FETFlagships EUeic Europarl_EN ScienceNews EvaKaili EU_Health EUScienceInnov KyriakideStella francoisbusquet FP9_EU EMA_News ChariteBerlin berlinnovation Pluristem CGTCatapult Telethonitalia miltenyibiotec ActaInnovation 3bsuminho Inserm Mashreghi_DRFZ LeibnizWGL mgracacarvalho NatureNews JEPaquetEU GabrielMariya FutureTechEU RESTORE partner inserm is dedicated to biomedical research &amp; human health. RESTORE will be a European hub where academia &amp; industry team up to accelerate innovation &amp; translation of therapies for cancer &amp; chronicdiseases, says Inserm's European Affairs Manager Guillaume Fusai",1
"Evidence for SME innovation &amp; job creation (unequally) across UK data, report by nesta_uk . ClimateKIC_UKI",-1
climate_kic_aus alicesimyo Fishburners SEI_Sydney RemarkableTech 100ResCities JarrahCohen GradientInst ClimateKIC Committee4Syd sparkfestivalau EnergyLabAU Thanks for invitation. Will try to rearrange stuff &amp; drop in tomorrow night.,0
Ne manquez pas notre prochain webinaire mercredi avec l'EIT_Digital ! Programme européen de l'innovation numérique.,1
Meet Smart Energy Startups/ Pitch -&gt; Berlin Smart Energy Community 2015 v/ EIT_Digital EITDigital cc CleantechgBA,0
Speaking at the SIF15 Insight session: Young Entrepreneurs for Low Carbon Innovation COP21 cKIC_Alumni EITalumni,0
"- 1jour1solution - Les datas centers, nouvelle source de chaleur v/ ClimateKIC cc Sparknews",0
EU: great talents&amp;ideas to be turned into startups scaleups. That's EITcommunity. karenboers eitdigital17,1
Over 400 students from 50 different countries will gather in UnivRennes1 for the start of EIT_Digital Master,1
"NGIatlantic EIT_Digital To be fair, I do owe Willem Jonker a beer, but breakfast isn't really the time for it :)",1
"Irene Benito, RawMatCop Manager introduces the EITRawMaterials consortium to the EO4GEOtalks project, focusing on the role of EarthObservation skills and CopernicusEU data in the whole raw materials value chain. EITRMAcademy",3
Emmanuel and Julia are sharing their entrepreneurial experience spark ClimateKIC,0
WHAT'S UP? News from scaleups supported by EITDigitalAccel,1
JOIN US: Work for ClimateKIC_UKI in our Business Development Team - based in London or Birmingham: jobs,0
"🌍 Climathon 24 ore di lavoro, dall'analisi dei business model agli studi di fattibilità delle idee. Quali saranno le migliori soluzioni sul palco del Climathon? FondCariplo ClimateKIC",0
"As Greta Thunberg said: “The climate crisis has already been solved... All we have to do is to wake up and change“ 🌍 Shout out to the ClimateKIC startups that are working on it! 👉🏽 Plasblock, AgroGrinTech, Spawnfoam, Scubic and builtrix 🙌🏽",0
"Great to see Barcelona along with Copenhaguen Munich Helmond &amp; Prague leading the EITUrbanMob to develop the mobility of the future. Investments, Startups &amp; quality jobs will benefit too barcelonactiva catalonia_TI",1
Johan Kortas. Nieuwe Action Line Leader Digital Wellbeing bij EIT_Digital healthtech johan_kortas,1
Are you looking to grow your business internationally? Join the virtual Open Hours of EITDigitalAccel on July 22nd.,1
digitalumni EITeu EIT_Digital EITalumni EITDigitalAcad EITHealthAlumni do not miss the opportunity to join a team of more than 100 hackers at hackathonamring on emergencyeye. visit and join the eithealth consortium 16th - 18th Feb 2018,1
"timvanderweide UniUtrecht UUCopernicus ClimateKIC Hi Tim, which project do you mean? We presented several projects yesterday.",-1
...and we are here at the 11th Edition of Generations club.digitalumni EITalumni JADEnetwork GenerationsClub SustainableInnovation,1
"EIT_Digital Fit2Perform nominated for EITeu Innovation Award16. Check eitdigital exhib 1204, Brussels.",1
RT via lizlaurence: Got a business idea with a climatechange impact? Apply to ClimateKIC Accelerator by Sunday,0
Interview: New life science concepts and Angels Fund - road model for joint investment Startups VC B_Angels17 BIONRW EITHealth EITeu,0
Join the next global 24-hour ClimateAction hackathon on 26 October 2018! Are urban green spaces a solution for a more resilient city? ComunediLecce Powered by ClimateKIC ClimateKICItaly Lecce,0
"AnaRadMo from ImdeaAlimenta an EIT_Food partner talking about integrate nutrition, health and bioinformatics building bridges between EIT_Food EITHealth and EITeu",1
milano digitale ha 4 pilastri infrastrutture servizi education skills parla robertacocco EIT_Digital launch event robi_cocco,1
Just touched back down in the UK after a fascinating couple of days in Valencia learning about and workshopping with students some great new tools virtualtoolkit with ClimateKIC we’ll be sharing them with our teachers in the New Year. bigideas systemsthinking,0
Show-time EIT_Digital Trento DeepHack Hack the Future of Shopkeeping! OlivettiOnline MarcoGMarchesi and guest judges listening to the first pitch! StoriaDiInnovazione,1
Nice overview from Nordregio on forest felling in the Nordic. Annual growth currently exceeds annual harvest - so there's opportunities for more sustainable usage of wood for e.g. buildings. BioEconomy CKICNordic,0
Climathon Shane shows he can build business around local low carbon potatoes CorkClimathon ClimateKIC_UKI,-1
Inizia EitDigital19 conference a Bruxelles sul palco WillemJonkerNL CEO EIT_Digital - siamo presenti con il progetto Cash Register 4.0 OlivettiOnline JOL_SCube TIM_Official helsinkiuni SmartRetail DigitalTransformation innovation IoT 5G AI gdt62,1
DTUSkylab c40cities DanishMFA koebenhavner ClimateKIC P4Gpartnerships DTUtweet globaltere always such a fantastic advocate,-1
Hello ioannis ClimateKIC climatelaunchpad hellas eurovision4greenstartups,0
You are the future entrepreneurs ! Patrick Hartigan Master School Director EIT_Digital EITDigitalAcad innovation mslkickoff future,1
Looking forward to a joint work in London and Malmö YoungClimathon SDG SSD Sofielund QEOP ClimateKIC jackrconnors benjaminpeter77,0
"Retweeted ECCI (EdCentreCC): LAST DAY TO APPLY! &gt; Get £ &amp; support through ClimateKIC Accelerator - the programme that helps make business dreams a reality! In year one 17 start-ups scooped 14 awards, &gt;£400k...",0
"I den nordiske del af EUs største PPP på klima området, CKICNordic støtter vi P4GSummit. Besøg Bygaard på Rådhuspladsen i dag - en startup understøttet af CKICNordic &amp; Områdefornyelsen i Sydhavnen koebenhavner. bylandbrug med brug af Grodan fra rockwooldk dkCE100",-1
"On 31 January 2018, ClimateKIC Nordic will host the first Ideation Day of the year in our partner city of Helsinki, Finland. Find out more : EITCommunity IdeationDay Finland Helsinki # Europe Innovation Climate",0
CarrigJB EUeic liaonet Labiotech_eu Is that presentation somewhere to be find on the EASME webpage?,1
"Great to meet one of the top entrepreneurs in France today, Frank Derrien JourneyToParis ClimateKIC",0
ClimateSusanne ClimateKIC Matterpension CKICNordic SkandiaSE mikkeltrym riyongkim nielsfibaek1 KajEmbren Not to mention collecting investor sustainably preferences will become mandatory for advised sales next year! A massive change is coming.,-1
InnoEnergyEU,2
We are so happy to have the chance to connect with SUSNordic participants! :) lunch in the sun! ncew2018 cem9 mi3 nordicsolutions ClimateKIC InnovasjonNorge Islandsstofa BusinessFinland CLEANcluster ClimateSusanne,0
"As is the case with climate change, COVID19 calls upon us to shift our focus from individual health towards public health. EITeu ClimateKICItaly shares new ways of working—&amp; being—together as 'social distancing' is implemented to slow infection rates.",1
.ClimateKIC accelerator rolls its unique EU Climate innovation model out in Cyprus as part of EITRIS:,-1
Congrats to attract so many EITHealth partners!excited about your success stories to shape future health education and Innovation EITeu,1
Addis Ababa leads the way at c40cities Awards 2016 ClimateKIC CKICNordic southpolegroup ClimateAction EurActiv,0
On 26 Sept join the 2nd iDeepMon User Workshop to learn more about the EITproject supported by EITRawMaterials!,3
The EUeic continues its business acceleration services in full speed! This time with an epitch in ehealth in collaboration with EBAN_org on the 29 April at 13 CET. Discover the 5 EICAccelerator companies and join us:,1
Want to decide who can use your personal data? Visit EIT_Digital Trusted Cloud booth at mydata2016 in Helsinki,1
Le Journal des entreprises - Provence-Côte-d'Azur - Sophia Antipolis. La start-up Ignilife intègre EITDigitalAccel,-1
Valence: succès pour la ville pilote du projet ACCENT par ENGIEgroup - via ClimateKIC,0
Consultancy opportunity: Current and future climate innovation clusters across the UK and Ireland ClimateKIC,0
"Timely reminder: the FutureOfFarming is now, and it is in full glorious Technicolor! Take your pick 👉 🇬🇧 🇨🇳🇫🇷🇩🇪 ClimateKIC UniRdg_SAPD CSAMOOC ClimateSmart",0
CorinneVigreux scaling with talent talk EIT_Digital eitdigital16 ambition is key4scalingup,1
"kokyriakidis EITeu Hi Konstantinos, this particular program is limited to Start-Ups. However, if you could share more information on your situation, we can see how we can help. It’s also worth checking our website’s Discover Possibilities section for more opportunities:",1
"EITeu students take the stage at INNOVEIT2015 with strong message: ""stop complaining, start innovating!""",1
Markku Rummukainen - the Coordinator of the ClimateKIC work at lunduniversity raises the hope the second Climathon in lundskommun will be part of forming a tradition of inspiring innovation,0
Collaboration between new innovative business concept the way forward from Gothenburg and ClimateKIC Nordic innovation day ckicnordic,0
"From the InnoRadarEU prize 2019 pitching session at RIDaysEU, category women lead innovation, SUPSI (CH) pitches the maintenance robots for doing cold spraying innovation. fet_eu EU_H2020 EUeic",1
"GREAT to see ClimateKIC startup e-volo in WIRED ""The 18-Rotor Volocopter Is Like a Flying Car, But Better""",0
"studiomapp Space4Europe KJScheid NCIAgency ItalyatNATO erstartup Arter_ER LazioInnova startup_italia wireditalia RegioneER RegioneLazio ESA_Italia ESA_EO ASI_spazio CopernicusEU ClimateKIC Great job! Great pleasure meeting you at NITEC19, and we’ll be in touch",0
EIT_Digital Challenge's winner Blitab will be in Vegas! Let's continue making the World admire Europe's techs,1
"In line with EITeu ClimateKIC's systems innovation methodology, deep demonstrations have four iterative and non-linear components: Intent, Frame, Portfolio and Learning PicassoJourney ClimateJourney",0
".cKIC_Alumni workshop how to make corporate buildings more energyefficient, featuring CoolarTech cabinspacey",-1
Great article about building an AI Startup! SlideShare wearekonux EIT_Digital NEA dbmindbox EITDigitalAccel,1
"Cool inspiring panel to kick off DigiEduHack director Antoaneta Angelova-Krasteva , minister of education Li Andersson, student Lumi Ketola, teacher Arjana Blazic abfromz EITeu ClimateKIC AaltoUniversity",-1
A record breaking $93bn of green bonds issued in 2016 southpolegroup Kerrclimate ClimateKIC via Enviro_Finance,-1
Jim Totty of EarthCapital Setting the scene for investments in high-impact ventures. Keep the mega Trends in mind! RMsummit2019 rocksrock connectingmatters EITRawMaterials,3
My last board and General Assembly meetings EITRawMaterials Thanks for four exciting years. I have learnt many things and think we together have accomplished a lot. Thanks especially to the CEO k_hanghoj and COO Andreas Klossek for their outstanding work.,1
Hasta el 10 de junio para presentarte a la Competición de Ideas de Negocio en Materias Primas EITRawMaterials,3
Excelentes resultados de las entidades españolas en la convocatoria fet_eu EUeic FETOPEN InnovationLaunchpad!! Resultados e información sobre los proyectos aprobados en: EsHorizonte2020,1
Michał Górzyński EITeu presents EIT 's mission&amp;priorities,1
Attending WindEuropeEvent Offshore in Copenhagen this week? Come meet us at our stand E-F6a in the Innovation Park! InnoEnergyEU floatingwind H2020 offshorewind windenergy,2
AEInnova on fire thanks to our CEO davidcomellas! This is a rocket! Let's go! nitEE2018 and CEEC10 celebrating ten years giving support to Energy efficiency in Catalonia and Spain! LIFEprogramme accio_cat Orbital40 CDTIoficial InnoEnergyEU BStartup FundacionRepsol yeah,1
Innovation and scalable solutions in cross-sector ClimateKIC building new collaboration with cities southpolegroup,0
MetClim ClimateKIC SadiqKhan LondonAir HealthyAirUK Yes. Please keep us updated about SaharanDust and other pollutants this week and we'll share news. Lots of people running in LondonMarathon next Sunday are likely to be interested cc LondonMarathon,0
Tonight the first SlushHQ smalltalks in Sthlm features EITDigitalAccel alumni evothings and Jakob_Gleechi,1
"Demostración práctica de Electroquímica EITRawMaterials de Helena, Tofi y Elena 2- ILSA_Bachillerato en la Universidad de Bolonia",3
Ping kthinnovation stingsthlm SUP_46 norrsken_org LEADdotSe EENStockholm thestartupspace breakit_se STHLMTech InfotechUmea EIT_Digital venture_cupswe TheBaashGlobal SthlmChamber StartUp_Sthlm BusinessSweden EEN_vast Sprid gärna tweets och länk ovan till företag!,1
redborder presenting NTA Cybersecurity in New Directions in Cybersecurity event organized by EIT_Digital in Berlin,1
GrowUpBox ClimateKIC CleantechBG There was a 'diesel -&gt; hydrogen from waste' company that won 3rd prize,0
Getting ready for swedenfoodtechbigmeet with Carbon_Cloud and other great &amp; creative Foodtech innovators greenUps CKICNordic,0
ICOE2018 🌊💧Meet InnoEnergyEU Corpower_Ocean MinestoAB eolos booth A125!,2
Our brainstorms resemble paintings! 🛠♻️🎨 climatejourney18 climatekic ClimateChange climatejourney18 Journey2018 CkicCyprus ClimateLaunch ClimateKIC EIT_Digital AnastNiko CyUniTech,-1
"Cool app: 404.23 PPM CO2 in our atmosphere CO2ThreatLevel: CRITICAL. Time for solutions, join us ClimateKIC!",0
"Read our interview with CEO, Dr Ray Alcorn. ClimateKIC_UKI gideonthediver SEAI_ie EI_HPSU uccgateway MaREIcentre jpemul06 baldwingas AllEnergy TheConsumerCode OceanEnergyEU ODincubator UCC_Energy ideasquares philip_wolfe TEToday RenewableUK reNEWS_ TEToday",0
Eventually accepted as ClimateKIC journey participant this year! Time to make a change summerschool journey climatekic,0
k_hanghoj CEO EITRawMaterials currently presenting at MinesandMoney,3
"Congratulations to Vilisto who won the audience over with their self-learning radiator thermostats at the Digitimmo event in Switzerland. Vilisto is supported by InnoEnergyEU, member of the EITCommunity Read more at:",0
"pamr83 gareth_wakeling ClimateKIC Still inspired after great first journey5 pitches, all stayed within time limits! climatejourney17 gareth_wakeling pamr83",0
Minister of the Future Kristina Persson speaking EIT_Digital panel on digitalization Almedalen2015.,1
Trasformazioni digitali nella nuova demo room EIT_Digital Trento,1
Watch this video: Ignition Days 2016 w/ EIT_Digital Challenge winners &amp; the EIT Digital Accelerator team scaleup,1
"Is 100 the new 80 ? How 2 use new tech.for healthy leaving, Active Ageing, healthcare ICTSpring EITeu",1
"🎬 Francisco Espada, CEO at Hovering Solutions, a startup supported by EITRawMaterials is at our booth giving interview and presenting its drone tech for underground mining! Stop by to learn more! EITRawMaterialsStartup MMHSeville innovation UAV",3
"Forum Virium Helsinki takes part in the Social Robots for Medicine Delivery -project, which started in January 2019 robotics EIT_Digital",1
8 startups s'affronteront pour la finale Cloudcomputing IdeaChallenge les 19 et 20 octobre à Rennes EIT_Digital,1
Climate snapshots by country link science &amp; policy action in Africa &amp; Asia highlighted; stay tuned to CIAT_Africa CIAT_ GACSACochairs GACSA2017 &amp; check out our climate work: UNFAO NEPAD_Agency cgiarclimate IFADnews USDA ClimateKIC SfLDialogue,0
"Save the Date! Next 20 March in Ljubljana, Slovenia 👉Collaboration Opportunities and Synergies between RIS3 and EIT-RIS SmartSpecialisation cc EITeu EU_ScienceHub",1
ZERO: Enjoy our ‘twitter moment’ for ClimateKIC_UKI highlights during beisgovuk GreenGBWeek. Click and scroll.,0
InnoEnergyEU calls for next innovation in sustainableenergy,2
"ClimateKIC ya os hablé de esto con el proyecto ""Rehogariza"", lo reanudamos?",0
Call for candidates open until 7 May: Change agents for “Promoting Sustainable Innovation”: ClimateKIC EbrahimKIC,0
"QGPAC ClimateKIC Ooh i feel jealous right now ! Wish to be in Dublin one more time , best of luck QGPAC for organizing this amazing journey for the next round.",0
"Great day yesterday, so many interesting discussions, excellent plans for the future. Very happy to be part of the LI's Climate &amp; Biodiversity Emergency Response Panel talklandscape myBCUresearch landscapecareer ClimateKIC",0
In Frankfurt on 18 June? Take part in the ClimateKIC Climathon! COP21 ClimateAction,0
"Sur le stand AMPLIFYNATURE et ClimateKIC, démo de la SMART écologie SolutionsCOP21",0
Many thanks to sheenhuxin for his keynote to our 400 new EIT_Digital MasterSchool students as an EITalumni on how he created his company matchx_iot in Europe KickOff18,1
"A. Klossek from EITRawMaterials ""we need the people to bring the ideas - the entrepreneurs of tomorrow to turnaround Europe"" 7EIS",1
.EITRawMaterials is delighted to announce that AudiOfficial will be the Raw &amp; Circular Economy Expedition (RACE) Industrial Showcase Partner on future mobility design and manufacturing. EITRACE2019,3
6 inspiring TEDTalks to spark ClimateChange solutions,0
KICing into action EITeu KIC innovation Junckerplan EFSI H2020,1
"Mr_Spock arikring deborahskyrim ristori20 c40cities MichaelEMann CeresNews ClimateKIC UCSUSA BeyondCoal Sustainia PaulHBeckwith ProfRayWills THEnergyNet PMagouirk LeonieGreene insidestat ReclaimAnglesea bannerite energycoin NatGeo Yes, agree NatGeo is pretty rubbish too nowadays, its Docs are really silly and talk to me like I'm an idiot lol. Shame, a once great brand brought down.",0
ClimateKIC Spain presente en 1st SMARTER Conference on Smart Specialization and Territorial Development,0
"The eicaccelerator call dedicated to greendeal has closed. Good luck to our very green customers, and thanks EUeic for not postponing the deadline, we should all play with the same rules!",1
"""EU lagging behind on batteries. After EuropeanBatteryAlliance launch, 260 industrial &amp; innovation actors joined. Lifecycle emissions &amp; sourcing raw materials count! Standards are important"" by AndouraSami ECThinkTank InnoEnergyEU EU2050 EnergyUnion",2
EITHealth InnoStars⭐️ representatives are participating in the 2020 EIT Awareness Day in Croatia🇭🇷 They both took part in panel discussions regarding entrepreneurship and innovation💶🤖 EITAwarenessDay EITeu,1
HSBC UK pension scheme adopts climate 'tilted' fund as DC default southpolegroup COP22 ClimateBonds ClimateKIC,0
EITDigitalAcad EIT_Digital Principles for Digital Development? digitalprinciples,1
"EIT_Digital, vinculado a la Comisión Europea, inaugura sede en Madrid para el impulso de la innovación.",1
Get an idea of the start-ups showcasing at EIT InnoEnergyEU The Business Booster by watching this video showcasing wohnwagon (systems for self sustained living): TBB2019 Sustainable Energy,2
Did you know EITRawMaterials will be strongest consortium created in world in rawmaterials,3
"OliverEscobar FutureARK DavidSamFrancis James_BG ClimateKIC_UKI It would also depend how and by whom the Assembly was convened, and exactly what the parameters were of what it was being asked to deliberate on. Broad principles? Or details of fiscal policy change? Or something in between...",0
youth4climatePH Climate_Express ClimateKIC ClimateAdapt ClimateLitigate ecowaste_info,0
EuropeanYouthEU DSMeu DigitalSkillsEU EITeu EIT_Digital ICT skills are essential for professional development. Good luck to all applicants!,1
Network Event ClimateKIC Smart Sustainable District JohannebergSP gbgftw chalmersftw,0
24-11-2016 is Innovation Day. Spannende innovaties in Nederland en Europa. Startups Scaleups EIT_Digital,1
"Thanks to barcelonactiva, accio_cat, Orbital40, FundacionRepsol and InnoEnergyEU to help to AEI to be on the top! You are the BEST",1
"Today, we discussed w/ Commissioners the Action Plan to Fight Cancer. EU_H2020's Cancer Mission will play a key role and we also aim to integrate EU_ScienceHub,EITeu, MSCActions, EUErasmusPlus as well as youth &amp; sport policies in the fight to improve lives of 🇪🇺 citizens.",1
ECO15 Berlin: Valerian Seither pitches eMio_sharing on Ecosummit TV: ClimateKIC PR_ibb,0
.CKICNordic will be looking to speak to cleantech start-ups for our Accelerator at OsloStartup Day. See you then,0
SAVE THE DATE Courses and webinars related to technical topics in raw materials sector and to business and innovation RawMaterials innovation training course webinar EITRawMaterials,3
".WillemJonkerNL at 'Horizon Europe: the future EU Research and Innovation Programme': ""we need a better transition from the lab to the market. You need a whole ecosystem to drive innovation, as we do have in EITeu KICs."" k4innovation MadeinEurope europarl",1
"HalfonJesse FabianMH SchaefflerGroup EITUrbanMob MicromobilityCo KubaFukacz asymco oliverbruce Yup. I sense lightness, see a sculptural resemblance to a golf cart, and appreciate the simple design.",3
Wirtschaftlichkeit und Nachhaltigkeit schließen sich nicht aus - Interview mit CKemfert im ClimateKIC Blog.,0
ETH_Spin_off Adaptricity gewinnt die Swiss ClimateKIC Venture Competition 2015. Herzliche Gratulation!,0
Now recruiting for the world's largest climate innovation summer school ClimateJourney18! Apply by 18 February if you want to be one of tomorrow's change makers sollazophoniasd Majakrowicki linegry ClimateKIC,0
"Register Today: We invite you to join Aurélie Faure-Schuyer,ceps_ech, CEPS_thinktank and Bo Normak, InnoEnergyEU at the “European energy and climate policy and the role of innovation” webinar, taking place on Monday, 11/122017 at 11:00 CET",2
greenUps träff om börsen och Greentech chalmersventure JohannebergSP GUVentures gbgtech CKICNordic,-1
"Estonia in November 20-22, 2017 : the Global Entrepreneurship Network (GEN) co-organized by EITDigitalAccel EU_Commission Dell",1
UK startups! Fill in the European startup monitor survey here: EIT_Digital SEP_EU via TechCityUK,1
Discover CiceroneH2020 &amp; its beneficiaries on EU_EASME data hub &gt;&gt; w/ ClimateKIC EITeu CEPS_thinktank ceps_ech ENEAOfficial EITRawMaterials CEA_Recherche WRFSwitzerland LGI_Consulting IVLSvenskaMiljo Wupperinst VTTFinland VITObelgium,-1
hubwestminster thanks for hosting ClimateKIC Climathon London! Well done Pollupla and AirBike our winning teams!!,0
Bewirb dich jetzt beim ClimateKIC Startup Accelerator - Deadline: 13. August SocEnt,0
"Apply for the EIT_Digital Challenge by Oct 8 to receive international growth support worth €100,000! tech",1
ei_westregion IrishMedtech EUeic BluedropMedical EI_HPSU BioInnovate_Ire BioExel Great news!,1
Indian fishermen take plastic out of the ocean and use it to build roads (and create a more sustainable environment AND jobs) [via wef ] ClimateKIC Ffoodinstitute GreenEconomy circulareconomy bioeconomy,0
EIT_Digital rsiilasmaa nokia FSecure And let only people who understand people make decisions that impact people? responsibleAI,1
Don't miss the deadline for your projects SDSNYouth voicesofyouth ClimateKIC ClimateReality YoungClimate,0
"Chiara Piccarado presenting how the ClimateKIC Catapult PhD summer school on wood construction went - it was a trans disciplinary, holistic, international success!",0
Aalto kicking off DigiEduHack with liandersson CKICNordic ClimateKIC EITeu AaltoUniversity EspooEsbo EspooInnovation UNTILabs 30 countries 2000 participants beyond Europe,-1
"Together with ClimateKIC and c40cities, the city of Reykjavik kicks off a new competition to build a resilient urban future! Creative minds inquire here: ✍️ ReinventingCities MatisIceland JustineVanhalst gullamar1 Dagurb bjortolafs rvkgrapevine",0
"Meet Michael Dittel, EITeu CHANGE Award 2019 winner. Michael is the Co-Founder and CEO of EIT ClimateKIC supported LeafTech_twitt, which produces virtual sensor technology for windows. EITAwards via YouTube",-1
Come to CornucopiaRest Amazing food!! Thanks ClimateKIC_UKI climatejourney17 gj8 ClimateKIC tcddublin TDC_NatSci,0
Christophe Amalric describes Vulog_cs car-sharing and tell how EIT_Digital is helping scaling up TiKris,1
Can mayors actually rule the world? MistraUrbanFut ClimateKIC CKICNordic c40cities southpolegroup cities,0
"Bonne nouvelle ! 👍 Les équipes d'InnoEnergyFR et InnoEnergyEU sont à VivaTech toute la journée ! Curieux du secteur de l'énergie, entrepreneurs dans l'âme, venez nous voir ainsi que nos start-ups stand M31 ! VivaTech",2
€95.000 und mehr für grüne Start-ups. Jetzt bis zum 29. Juli 2018 bei ClimateKIC bewerben! NoEquity Cleantech Greentech Startup,0
EU proposes more regulation for web platforms including a ‘20% European content’ rule for Netflix via EITeu,1
Once in a lifetime: Pitched my work project Digieduhack at slush18! Europe is going solve challenges of digital education 3rd of Oct 2019-stay tuned! learning digitalization AaltoUniversity xedu_co ClimateKIC XcitED18,-1
geotermia apuesta sostenible de futuro proyecto pathfinder innovacion E-USE con ITC_ceramica ClimateKIC,0
Harvesting the intelligence of photosynthetic microalgae to de-carbonise futurecities. via ClimateKIC,0
Amira Bentahar ENGIEgroup explains how ClimateKIC ACCENT project accompany cities in energy strategy journey2015,0
"3 days time, cKIC_Alumni will be beach cleaning. Great chance to network and meet fellow EITAlumni.",1
Exciting and impressive participation in the opening video of ClimateKIC's Climathon tomorrow!!! It brings hope and inspiration for us to find solutions to climatechange. More info at,0
"Kirsten Dunlop of ClimateKIC perceiving climate change as a strategic risk leads to transformation of business models and identities, consisent with the emerging world. / The biggest future stranded asset will be our unlivable and abandoned cities. ecca2019",0
Very concerning - hoping to make a modest contribution to this debate... lovesmallwoods ClimateKIC cKIC_Alumni,0
Promising. Soon to start my EITeu Journey. rethinkTomorrow hcid cognitiveDesign businessStrategy,1
Dr. etiennebouyer from CEA_Recherche talking anout their battery recycling project with EITRawMaterials at our Workshop on circulareconomy of ElectricVehicle batteries,-1
Thanks ClimateKIC GlasgowCC HeriotWattUni The_Lighthouse gsc1 HillheadHS,0
Are you a public buyer with specific needs for sanitary crisis? Take part in this EUeic opportunity! Read all the information in the Procure2Innovate story: ICT COVID19 innovation,1
¿Tienes una idea para luchar contra el cambio climático? Participa en ClimateLaunchpad hasta el 06/05 AVAESEN ClimateKIC,0
Great report written by our new CKICNordic partner Material Economics with the support of Sitra &amp; Climate-KIC Per-Anders Enkvist siras3 Circulareconomy Materials,0
"Through our Deep Demonstrations, EITeu ClimateKIC is focusing on transformation to a net-zero emissions, resilient future through a demand-led approach working with city authorities, regional bodies, governments and industry leaders for a sustainable tomorrow. EITFestival",0
Funding of €164 million (over £148 million) available to startups and SMEs with tech ideas and innovations that can tackle the Coronavirus outbreak - funded by EUeic COVID19,1
Kenyan CLP18 contestant Cactigas converts an invasive cactus into a renewable fuel ClimateLaunch ClimateKIC,-1
Day almost over - long meeting full of knowledgesharing &amp; bestpractices to improve all the communities of our beloved EITeu family ❤️🇧🇪 Ready 4 connect18 to meet our friends from EITHealthAlumni cKIC_Alumni InnoEnergyEU &amp; EITRawMaterials Alumni! 😍 Now off to FRAARG,1
EIT Rawmaterials North AB öppnar kontor i Luleå EITRawMaterials ArcticIncubator,3
"Want to know more about the calls on EICPathfinder &amp; EICAccelerator programs? Access2EIC &amp; the EUeic are teaming up for a webinar. opencalls 🗓️ March 25, 9:30-12:30 CET 🔗 Full agenda &amp; registration:",1
"ClimateKIC Hey, Climate-KIC, thanks for the follow - What can we do for you?",0
".AVAESEN i ClimateKIC llancen ClimateLaunch 2019. Si la teua idea està relacionada amb les energies renovables, eficiència energètica o qualsevol altra manera d'afrontar el canvi climàtic, participa. AjuntamentVLC Cleantech_Camp 🌳inscripcions:",0
InnovationGame EITDigitalAcad,1
"EITeu Challenge, al via la call per innovatori deep tech. In palio 750K 5 le categorie in gara le due migliori imprese riceveranno un anno completo di sostegno dedicato dell’EIT Digital Accelerator grocco4",1
“Do you want to explore climate entrepreneurship? Join the pre-incubator programme ClimateKIC while working or studying ” climatechange startups Entrepreneurship innovation,0
Dutch Startup Storro Launches Safe Dropbox Alternative - The Hague Security Delta eit_digital HSD_NL,1
SkittlesSpace PowerLedger_io ClimateKIC MeaganCojocar AimieRigas Too funny.,0
"Das europäische Innovationsnetzwerk EIT_Digital hat die besten europäischen Deep Tech Startups ausgezeichnet, darunter im Bereich Digital Cities: understandDotAi aus Karlsruhe! 😍 startup_valley KarlsruheDigital",1
Can´t wait to go !! EIT DigitAlumni I´m so proud of being part of this Community !! digitalumni17,1
Delhi driving restrictions in force from New Year's Day in bid to clear pollution ClimateKIC c40cities ICLEI,-1
+InnoEnergyBN+InnoEnergyIB+InnoEnergyCE+InnoEnergyBN +InnoEnergyD+InnoEnergyFR+ClimateKIC_DE+ClimateKIC,-1
"Good to be part of it EIT_Digital ! And good to have you, EITeu here, in Budapest!",1
"Don't forget it! Next 24th Oct, InnoEnergyEU Webinar, Micromarkets and EmpowerH2020, by polaceo and asumper",2
ClimateKIC second prize in the competition is Michael. Cool cool woohoo,0
Hopefully you also visited EIT_Digital: the bridge to EU wide digital innovation including Digital Wellbeing EssersEIT hightechcampus,1
Likewise - a great day at obforum with many good insights &amp; inspirational messages from BarackObama as the hightlight of the day in Norway. CKICNordic will be back at OsloIW &amp; support Oslokommune as GreenOslo2019,1
"IPPP, la via di EIT_Digital per ridurre il consumo di carta nelle fabbriche - Industry40 Cefriel",1
Happy to announce our collaboration with ABBSuomi as part of EIT_Digital funded project TAKEOFF. Integrating simulators with control systems for finding the optimal selection of system components. digitaltwin optimization simulation engineering,1
CKICNordic ClimateKIC EITeu AaltoUniversity malmostad lunduniversity All the best to the participating groups,0
.IEEEsmartcities expert rsaracco of EIT_Digital discusses a new shape memory alloy for prosthetics:,-1
“Legislation needs to be innovation friendly.” JEPaquetEU EUScienceInnov on creating the frameworks for a strong digital Europe.​ EITeu RosalindeEU SophiePTJ nat_droz JavierespFT LauKaya vmanancourt fraguarascio FlorinZubascu Video 👉,1
The Business Booster de InnoEnergyEU regresa para acelerar las innovaciones en energía sostenible,2
"EIT Digital Conference: l'Europa ha competenze giuste, università e capitali per trasformare l'industria. StartupItalia EconomiaDigitale zeta3 EIT_Digital",1
WindFloat is one of the projects you will discover at the InnoEnergyEU stand at the WindEurope Conference &amp; Exhibition!,2
slpng_giants_SE EIT_Digital slpng_giants_eu 👏👏👏👏👏👏👏👏👏👏👏,1
"ClimateKIC UN GeSIConnect Deloitte EITeu Beware of anything promoted as ""smart"". ""SMART"" is an acronym for ""Satellite Monitoring And Remote Tracking"" / ""Self Monitoring Analysing &amp; Reporting Technology"" / ""Secret Military Arranged Residential Termination"" / ""Secret Militarised Armaments in Residential Technologies"".",0
"Future education for Renewables Integration, Prof Johan Driesen Treintje1312 EnergyVille InnoEnergyEU uniset2017bxl",2
Want to learn and discuss about Europe &amp; the future of Education? It’s happening in 5 minutes at The Studio at The Egg ! DigitalTalks eitdigital18 - EIT_Digital,1
The EITDigitalAccel Challenge - explained: Apply now &amp; scale up your startup!,1
"We are a member of EIT_Digital and would like to invite you to their Innovation Day hosted on December 5th in Paris, to talk about fintech and customer experience. Registration -&gt;",1
Interesting findings on uni-biz coop in Silicon Valley and a lot of opportunities for Demolanet SJSU IBMResearch EIT_Digital Tekesfi,1
"The European Institute of Technology (EIT) and its partner, the Fraunhofer Institute for Secure Information Technology (SIT) guide you through the process of assessing your CyberSecurity risks and ensuring compliance with the GDPR. EITDigitalAcad",1
VHoffmannEU met with EITALumni today and got inspired by their stories on EIT education. Next step? Help higher education🎓 accelerate their innovation capacity. INNOVEIT,1
Europe Accounts For Over Half Of $22.89T Global SRI Assets As Sustainable Investing Takes Off forbes CKICNordic,-1
Beaucoup d efferverscence pour ce 1er jour climatejourney17 ClimateKIC SoAnn bymaddyness Ddurables LesEchos,0
ClimateKIC helps launch the world’s first climate impact rating for funds! climatefinance climate,-1
La aceleradora en cambioclimático Climate-KIC Accelerator abre su convocatoria para este año ClimateKIC AVAESEN,0
Brilliant start to my 1-2-1 sessions as part of the InnoEnergyEU TheGCIndex Coaching programme yesterday...looking by forward to more tomorrow 👍🏼 coaching ChangeTheGame clarity nextgenerationworkforce,0
"AdamRogers2030 ClimateKIC Marco_vdRee UNDPClimate ScheuerJo HelenClarkNZ nytimes evankirstel kashthefuturist Shell NLatUN iceskatingworld iceskating ZirkusElune RichardMunang arikring KirkDBorne Elfstedentocht The tour is held only when the natural ice along the entire course is at least 15 centimetres (6 in) thick sometimes on consecutive years, other times with gaps that may exceed 20 years Weissensee is the perfect location for the alternative Elfstedentocht!",0
"Former ClimateKIC intern, now student assistant Beatrice Mazzali and her team was awarded the Blue Dot diploma by our partner university DTUtweet for their innovative food product called the Bug Bar. Congratulations &amp; Keep up the good work! EITeu",0
CKICNordic walking the talk nordicsolutions COP23 EU_CoR miljotweets AndersWijkman GDenergi ICLEI usmayors,-1
"Day two of Morecovery EITRawMaterials project meeting. Hosted by uhu_global with team SavoniaAMK, GTK_FI, ltubusiness and UniEastFinland",3
"I guess we do have the, here in Europe, isn't it ClimateKIC ?",0
From being a scientist to a startuper via EITDigitalAcad and create a '6th sense' feelSpaceBelt womenintech,1
ClimateKIC 24hrs to develop Green Entrepreneurial Skills &amp; make cities sustainable Climathon EU4Greenskills,0
"""The EITeu can have a big role in advancing educational activities, and being at the center of European innovation!"" according to TNavracsicsEU (Tibor Navracsics, EU Commissioner for Education, Culture, Youth and Sport). INNOVEIT EITCommunity HorizonEU H2020",1
Our team GalwayClimathon How can you reduce your food waste at home? MScCCAFS_NUIG tech_innovate ClimateKIC RyanInstitute Tokelo_Shai,0
¡Qué buenas noticias para la investigación sobre el cáncer de páncreas en Europa! ¡¡Enhorabuena AbilityPharma sois muy cracks y es un lujazo contar con vosotros en AseBio !! EUeic eicAccelerator,1
congratulazioni Angela e Leonardo!cc CopernicusEU ESA_EO EO_OPEN_SCIENCE ClimateKIC ClimateKICItaly airbus AirbusSpace ArtificialIntelligence,-1
"Want to grow your sustainable energy startup? ⚡️ InnoEnergyEU offers tailored support incl. tech development, market access &amp; €100,000 for the best idea. Apply by 19 Dec 2019! 👉 👉 👉 RenewableEnergy EnergyEfficiency ClimateChange EnergyStorage",2
Takin' it to the masses - our cabin with our hemp insulation in Glasgow demonstrating best circulareconomy &amp; lowcarbonbuilding design Funding ZeroWasteScot CircularGlasgow Support EdCentreCC scotent ClimateKIC unlockingambition cleantechtop30,-1
New report on Nordic climate policies launched today with panel discussion between IdaAuken karolinaskog and Peter Birch Sørensen. Read the Nordic Economic Policy Review 2019: Nordic_Climate CKICNordic SEIclimate stateofgreendk,0
Pioneers into Practice call is open! A unique exchange programme for climate experts and organisations powered by ClimateKIC,0
"Weniger Verkehr, geringere Kosten und weniger CO2-Emissionen in der Logistik? Unser schweizer ClimateKIC Start-up pickwings macht es möglich! Erfahrt, wie das effiziente Transportmanagement funktioniert, bei ""heute und hier"" SRF: Digitalisierung",-1
"ETR 9/25/17: Paycheck Plus raised employment, child support payments and tax filing by low-income participants in NYC MDRC EITCommunity",1
Dal GlobalClimathon capitolino un team tutto al femminile studia la prima rotatoria “antiallagamento” per la cittá di Roma ClimateKIC twittitrentatre,0
How will futureinternet push schools to teach better? Discuss with Willem Jonker at netfutures16 EIT_Digital,1
Our founder attends workshops to Identify the right patterns in the supply chain to mitigate climate change and reduce risk ClimateKIC homepod startups buildings architecture iasi romania sustainability sdg climatechange frankfurt ProvadisSchool germany,-1
TokaGemini EITRMAcademy Błędne tłumaczenie nazwy Politechniki Wrocławskiej w jęz. angielskim,1
Just do it! Build your capacity through smart cities live smartcitieslive CKICNordic MistraUrbanFut ClimateKIC,0
"""The moment of truth is very close. I will soon know if my dream comes true!"" - LauraSoucek from Peptomyc, a project supported by EITHealth. INNOVEIT EITAwards EITCommunity HorizonEU H2020",1
Have you registered yet? Join on 15/10 to learn about how EITeu will boost innovation in 🇪🇺 culture and creative sectors 💡,1
ClimateKIC event opendays2015 interesting case study from Helsinki city,0
26 Unis. 57 Ideas. 1 Community. FIVE ideas nominated to pitch! Join and cheer them on: gruenderszene ClimateKIC,0
"If you're a cleantech entrepreneur from Europe, the ClimateKIC accelerator program can fund and nurture you! oslostartup oslobizreg",0
SteliosYiatros ClimateKIC CyUniTech chrysalisleap I wish you a fruitful meeting!,-1
LAST DAY TO REGISTER! On 24 November in Riga meet the EIT Innovation Communities and learn how to become a part of them! EITCommunity innovation rawmaterials ConnectingMatters,1
Innovation at the service of the EUGreenDeal 🇪🇺 EUeic is supporting climate-neutral innovators and helping bring the EU Green Deal to life. EUeic Learn more about the opportunities that will soon be available for companies with breakthrough ideas!,1
Do you know what EITeu is about? It connects education ↔️ research↔️innovation. More here →,1
PCRec NoI EITRawMaterials meeting in Krakow with a lot of interested Polish industrial partners,3
¿Y qué si mañana es lunes y se ha terminado el fin de semana? ¡Cada vez falta menos para festivalvesos! ClimateKIC,0
"We are hosting Tech Transfer webinars with our EITRMAcademy partners in Spain , Sweden and Italy . FIRST WEBINAR June 10th: Targeted at Tech Transfer Professionals: SECOND WEBINAR June 11th: Targeted at Researchers",1
We want to innovate industry! See how EIT_Digital works for digitalisation &amp; technologicaltransformation watify,1
"LEDS GP event COP23: Ruth Ndegwa - Kenya Climate Innovation Centre has 'bootcamp' that incubates green business ideas of young people, reaches out to universities Environment_Ke greengrowth ClimateKIC",-1
"Helt enig med at potentialet er stort for øget brug af træ i byggeriet - det arbejder vi på i CKICNordic i nordenen finansieret projekt om at øge byggeri med træ i Norden - ikke kun til gavn for klimaet, men også den lokale økonomi. skovkonf2018 dkgreen dkbyg",-1
"Don't miss out! Apply for this unique accelerator program for early stage biomedical founding teams. Apply by 1st March with your start-up idea OxfordSBS OxUInnovation &amp; BioM_Munich EITeu BioEntrepreneurship Lab, apply here",0
9Livingstone EITRawMaterials RWTH ugent LeuvenU UniversiteLiege brainstorming at the EITRawMaterials Doctoral School on Circulat Economy with challenges proposed by Agoria,3
A fire forest risk change-ipccAR5-climatescenario 2041-2070vs baselineclimate1965-1990 climatechange ClimateKIC,-1
"We're in Oslo preparing for tomorrow's NorskIndustri conference! On the agenda is the GreenShift and its dependance on scarce mined resources presented by k_hanghoj, CEO and Managing Director at EITRawMaterials. sustainabledevelopment minerals",-1
"Today we are at IMDEA_Networks to present Ofion, the invoicing solution for pymes in collaboration with EITeu In AtosResearchInnovation we are committed to cover the gap between Academia and Industry.",1
foxTN gvarisco franzbona speckandtech Zatomas FBKcom EIT_Digital cyber No sembra giusto! Grande Fox 😃,1
ClimateSusanne CKICNordic gggi_hq Wow Susanne! Great news and good luck to you as well. It has been a great pleasure to get to know you and work with Climate KIC.,0
"Welcome to InnoEnergyCE new blog series about the trends in cleantech sector 🙌 Also, If you're an energy mobility smartcities cleantech cybersec smog startup and you have an innovative project, find out what the powerup2018 competition is!",2
Amazing ! A new way to create clothe and make more sustainablefashion ? ClimateAction ClimateKIC circulareconomy,-1
"🥁Join our FB livestream event at 8:30 am CET today!🥁To learn more how AI is transforming healthcare, so how can Europe's brightest technical and medical minds use it to improve patient quality of life? HealthInnovation McKinsey EITHealth jorgejuan mdelgadolla EITeu",1
NEWS &gt; ECCI backed social enterprise launches mega sale on recycled uniforms for new school term. ClimateKIC alumnus apparelxchange_ is dedicated to sustainable clothing and the re-use of school uniforms.,0
"DYK that our unique EUinnovation network powers over 1250 madeinEurope ventures? As vf_institute’s digitisingEU summit partner, EITcommunity will present 🇪🇺one-stop shop for innovation 👉",1
ClimateKIC KirstenDunlop sorry that should be KirstenCKIC.,0
"FutureFood for ClimateChange! Ffoodinstitute is realizing the hugest world tour to fight climate change, that is at the end of our forks, as BarackObama said. Please RT and join us! ClimateReality ClimateItalia ClimateKIC FAOclimate YaleClimateComm FF4CC FIGM18",0
But what a womenentrepreneur FloJVGschwend from the ClimateKIC_UKI Accelerator ClimateImpactBattle CKICSLUSH SlushHQ,0
prosparefrance SylvainHermange eRSE_net you should check OriginalRePack with the ClimateKIC,0
[12-14 de l'Arbois] Accélérer sa startup : Rencontre avec ClimateKIC &amp; InnoEnergyFR le 2 mai &gt; Info &amp; Inscription,0
The team Re-Innovation presents a new solution to make it financial possible to renew the heating in houses ClimateJourney UniUtrecht and ClimateKIC_NL UUCopernicus ClimateKIC,0
gtoublanc EIT_Digital Thank you ! So happy to have join one of the best ranked Accelerators ! :),1
KIC_Madeleine will talk about ClimateKIC Education to end today's presentations.,0
Original Yo-Kai Watch headed to smartphones later this year via EITeu,1
5 reasons why start-ups join the Highway InnoEnergy_S ChalmersIndustr idDynamik energy BusinessDevelopment,0
"🔵Keolis Rennes participe à la table ronde ""chercheurs/entrepreneurs, regards croisés"" avec EIT_Digital. j_champen, responsable innovation témoignera de notre approche de l’innovation avec des startups et les universitaires. 📅 Aujourd'hui, 18h30 - Campus de Beaulieu. Rennes",1
¡Felicidades 👏🏼👏🏼👏🏼! Oscillum Biotechnology gana los 🏆 premios agroalimentarios EIT Food Innovation Prizes en España PcientificoUMH EITFood,1
"The EITeu ClimateKIC Circular Cities project finds, develops and showcases concrete examples of what is going on in the world’s cities. “Cities are the catalysers for making the change” - Peter Vangsbo WCEF2019 circulareconomy circularprocurement",0
"Journalists from the CE countries met at the PowerUp press conference at ImpactCEE with our Gold Partners DTEK dtek_en, ZSE, RAFAKO and Jakub Miler, CEO of InnoEnergyCE to talk about the values of InnoEnergy network.",2
R2B2018 twittitrentatre la nostra Innovation Lead ClimateKIC indaga nei businessplan delle startup per colpirne i punti deboli... e trasformarli in meravigliosi opportunitá! opponent HIT_trentino TnSviluppo Aster_ER,0
"If We Don't Take Care Of Mother Earth This MothersDay, She'll Take Care Of Us. Team4Nature300 jodotcom Tumderest BonniBK MtnMD mterr337 KertDavies MikeHudema c40cities ClimateReality 350Vermont dhlovelife eni Vestas edfenergy RobertLlewellyn ClimateKIC dalef3",0
. InnoEnergyEU invertirá €12 millones en España y Portugal,-1
The Future of the EITeu : Strategic Issues and Perspectives LERUnews JoseMLeceta Moedas DavidMGann Alea_LdSR,1
"ClimateKIC We are better educated and trained , have far superior technology then why did we stop learning ?",0
.EIT_Digital Challenge pitch at slush16: Exipple can detect people's gestures using Artificial Intelligence AI machinelearning Wow!,1
"EmilyRHumphreys YourFutureSA ClimateKIC OpenStateSA Not ""every system"" …THE System which depends on perpetual growth &amp; enforces it thru land enclosure",0
EITDigitalAcad The Winter School just started in Eindhoven. 44 students will work during the weekend on the business cases,1
"The future is now and here EITeu, hence allwomenpanel.",1
Read our latest on the Green Deal for Europe! EITRawMaterials ConnectingMatters MakingInnovationHappen EU_Commission TimmermansEU eugreendeal,-1
".EIT_Digital's strives past “fix it when it’s broken” approach, with predictive service for printers:",1
Inversiones💰 InnoEnergyEU y everis crean un fondo de inversión para acelerar la TransiciónEnergética i_deals Para saber más ↪️,-1
"EUDigitalEdu EU_Commission simonapetkova7 pankampylis eu_schoolnet EITeu EU_ScienceHub eTwinningEurope CodeWeekEU DSMeu EUErasmusPlus EdChatEU “A1” EUDigitalEducation EduSummitEU I have experimented with online learning environments that support reflective inquiry practices by providing students access to (a) scientific data, and (b) scaffolding tools to complete their own project (usu. driven by a relevant question)",1
"📢 EITeu lanza la EITCrisisResponse: 60M€ para ""Pandemic Response Projects"" en health climatechange digitisation food sustainableenergy urbanmobility manufacturing rawmaterials ▶️ education innovation unizar UNavarra unirioja UdL_info",1
Financement pour des projets de recherche collaboratifs interdisciplinaires avec un objectif technologique clair: les appels FET-Open fet_eu sont désormais repris sous l'EIC Pathfinder EUeic eueic 🇧🇪 roadshow,1
An urgent vision for adapting to climate change in Europe: via ClimateKIC,0
WDD18 Looking for a solution to manage and prevent t2diabetes? Let’s meet up and discuss at MEDICATradeFair Hall15 E60. EngineeringSpa EIT_Digital FBKcom imec_int EITDigitalAccel diabetes coaching WorldDiabetesDay2018 WorldDiabetesDay DigitalWellbeing healthcare,1
Please take time to vote for the Smart City Leader of 2017 BristolFutures EIT_Digital futurecitiescat techUK SmartCitiesMENA,1
"ClimateLaunch Congratulations! This is very gratifying to read and a key motivation for serving on the jury, coaching a number of Impact startups and moreover having worked for ClimateKIC - climate and impact innovation is marketable and scaleable!",0
Excited to have the European Institute of Innovation and Technology EITeu as one of our awesome community partners at DataNatives2015!,1
Why is innovation difficult in health and care? EITDigitalAcad summerschool digitalhealth ehealth wellbeing,1
"A follow on story from the announcement of MarosSefcovic regarding EU Battery Alliance, with quote from LeadingEdgeMtls. A strong mining industry supports a strong battery industry graphite lithium cobalt InnoEnergyEU EITRawMaterials BusinessSweden",2
360° - 3D Repo Office at EITDigitalAccel via YouTube,1
Thanks thedancingflea Pumped to be ClimateKIC partner for Ireland,0
nainaydoo ClimateKIC climatetalent Maeroooo 😭💙,0
How is it helping your Business if we BLOCK all of you? Stop paying Twitter to SPAM our Timelines with your ANNOYING Paid Ads! AppApe_ General_Devices Consult_NB PitLiquor CynthiaLIVE stevebarha RaveMSafety venturelab_ch EITeu eirhealth GetTheHellOffmyTimeline,1
"jaime_izquierdo SantiagoRaT Joaquin_FLP La_UPM ClimateKIC montes_mnatural arubiosa srgalvarez a_rolalla David_s_Alvarez What?!! You DO want more reasons!!! Ok, here you have! 👉 4-5 December, a Sustainable Entrepreneurship Forum will take part to show you how to succeed, to help you to develop your idea. GrupoTragsa co2revolution COPADE asapia_abejas enaltotajo FSC_Spain ClimateKIC and +",0
Amazing work by everyone at EUeic we !! 1! IC,1
innocent ClimateKIC Thanks! Will do.,0
Apply now EITDigitalAccel,1
Ilmanlaatua ymmärtämällä parempaa hyvinvointia. Quasimodo-projektissa parannetaan kotien sisäilmaa ja luodaan ilmanlaadun personoitu varoitusjärjestelmä. Mukana mm. EIT_Digital helviestinta ilmanlaatu sisäilmanlaatu,1
EIT_Digital 3cixtyDigitalCitiesInnovationDay we are Landing in paris,1
Fagmand opfinder letopsættelige solpaneler med store besparelser cphftw ClimateKIC sustainabletech,-1
ClimateKIC EITeu I'm more concerned by pollution than climate. Pollution is something we as a species can do something about.,0
"Absolutely. CKICNordic &amp; its Swedish partners would welcome Canadian solutions as well, if any.",0
The EC´s public consultation on the EITeu interim evaluation is open! innovation LERUnews,1
Joining the ClimateJourney18 ! Super excited! Summer school for Innovation and enterpreneurship I'll be at the Utrecht/Budapest adventure! ClimateKIC,0
Join us in San Francisco as we expand the EIT_Digital Silicon Valley Hub into the EITeu Silicon Valley Hub. Excellent part-time opportunity at the intersection between the EIT Knowledge and Innovation Communities as we reach out beyond Europe!,1
JosepBordonau InnoEnergyEU KU_Leuven Well done JosepBordonau ! 👏,-1
ClimateAction is Unstoppable This Week’s 10 Biggest ClimateChange Stories by ClimateKIC YourPower Crowdfunding,-1
Today is taking place PRIMER2 in Brasov. We are happy to see startups eager to change something in the energy industry. Many thanks to our partners: InnoEnergyEU GreenEnergyRomanianInnovativeBiomassCluster REPOM innoenergy startups energy renewables,2
"There are a lot of steps that have to be taken to get closer to a circulareconomy, one of them sounds so easy: repair! But obviously its not.... CiceroneH2020 RepairCafe iFixitEU EITRawMaterials",3
"After having supported the ""birth"" of ec2b_mobility CKICNordic looks forward to following your progress",0
Färsk rapport om svenska hälsoappar mhealthapps presenteras av EIT_Digital och mobilbusiness i Hälsodalen idag,1
"The revised Strategic Agenda of EITRawMaterials responds to the current challenges in the rawmaterials sector, it is in line with the EUGreenDeal objectives and supports education, innovation and entrepreneurship for green, circular and sustainable future of Europe.",3
one of the best moments during summer school SintraWalking DigitalWellbeing summerschool lisbon EITDigitalAcad EIT_Digital,1
ClimateKIC accelerator in one image. entrepreneurs investment,0
THANK YOU to all that voted for us for the EITeu InnovEIT EITAwards - we’re a Public Award Finalist: 3rd place (out of 19 competing). It means a lot to us to have the public behind what we are doing! Thank you EIT_Food for nominating us; we’re a proud RisingFoodStar. :-),1
Thanks to all the participants and to our amazing speakers for your contribution to our discussion on Regions and HEIs collaboration for a more innovative Europe. Special thanks to KirstenCKIC manuela_bora ruicoutinho ElwiraRycaj EURegionsWeek ClimateKIC HEInnovate,-1
"1 WEEK LEFT TO APPLY! ClimateKIC Accelerator Stage 2 for up to 20,000 euros funding and support. D/L 25/8",0
"More ""Whether you are thinking of entrepreneurship or starting as an entrepreneur, you need to constantly innovate. The moment you stop innovating, you are dead."" Rahul Bansal iRBansal ClimateKIC wPOWER2017",0
Amsterdam 🇳🇱 Airport Schiphol will expand its involvement in hyperloop &gt;&gt;&gt; - via EITeu,-1
Delighted that we’ll be present and talking about the new INJECT_en startup for digital creativity in news journalism at the EIT_Digital Innovation Day in London on 4th December. More information to follow,1
EIT Digital launches new IoT courses » Horizon 2020 Projects EIT_Digital iot,1
“Innovation always comes from necessity” LeonardoMeeus kicks off the session w start-ups iGrid18 EDSO_eu InnoEnergyEU tmrowco elaadNL,1
"European Innovation Council-funded INFARMBerlin has raised €88M from atomico. Infarm got €1.9M in ‘16 from EU_Commission &amp; raised €20M in ‘18. EIC at its best filling equity funding gap,de-risking innovative SMEs &amp; attracting private investors.EUeic",1
.CopernicusEU Journey participant FrancescaLaros1 explaining the project developed during the climatekic summer school of 2018! Fabulous job by BalanceShift! Tune in live: EITeu sollazophoniasd ClimateSusanne MarosSefcovic EUCommission1,-1
"Delighted that our new project to launch the INJECT_en startup in the news media sector in 2020 has received confirmation of its financial investment from EIT_Digital. Thank you, danke, merci e grazie",1
"Great to have Simone Accornero, CEO of flexidao &amp; recipient of EITeu 2018 CHANGE Award on stage at eventhorizonx, presenting the flexidao approach to renewable energy certificates, created with the energywebx EventHorizon2019 RECs InnoEnergyEU",-1
"Wie kann Europa nachhaltige Investments fördern? Die Antwort von Kirsten Dunlop, CEO von ClimateKIC, lest ihr hier:",0
"Event Non perdete le immagini di MarcoGMarchesi, al DigitalIndustry Kick-off meeting EIT_Digital di Berlino, per il progetto Olivetti Cash Register 4.0 gdt62 cirant68 Innovazione DigitalRetail SmartRetail InnovazioneItaliana TIM_Official jol_scube liuha_petri",1
"ClimateSusanne shares CKICNordic's perspective on and ambitions for reaching the SDGs, and SDG9 in particular at CSR_LINK's sust debate",0
bjornhovstadius thanks for coming - hope you've had a great time! EIT_Digital,1
Bringing electricity💡to remote areas with the help of decentralised renewables? All possible! Take a 👀 at this exciting project accomplished by InnoEnergyEU Master students in Sustainable Energy Systems on the island of Sumba🌴in Indonesia 🇮🇩. 👉,2
hazel_moore EIT_Digital ..thank you Hazel. Very honoured and humbled to be selected as the winner.,1
"WBG_Environment Like ours ClimateKIC ! Social, economic, policy and environmental impacts are key!",0
"Don’t miss Space Data for the Digital Economy today at 13.00 (BST), the EIT_Digital &amp; EdinburghUni webinar with PamCAnderson discussing space-based solutions for downstream digital applications. spaceisawesome digitaleconomy spacedata",1
"Whether we're talking about the EUeic or the ERC_Research we see that science should always be thought out as a long-term investment. It's a marathon that we should not take for granted. From the perspective of EIC, you can see that in our stories on EICPathfinder projects.",1
EIT_Digital to showcase its best digitalcities innovations at SmartCityexpo SCEWC16 smartcities Europe,1
EITeu Loved the foodie photo so I posted it on,1
"EEN_EU EUeic We could develop first in class COVID19 dub and rndp inhibitors. Should we? We need support, suggestions, collaboration, and solid funds.",1
Call for applications: EITeu ClimateKIC is looking for an organisation and/or professional(s) to facilitate activities within the project “Finding innovative solutions for water scarcity in Southern Europe” in 2020. Learn more:,0
Daniel and Anders close the 1st day of the ClimateKIC Forestry workshop and many thanks for who participated and to our moderator Adrian,0
"kolarjana EU_EIC EITeu Se abs. strinjam. Ta točka je v našem gosp. programu. Vabljena k sodelovanju pri razvoju tega ukrepa. Vendar pri predlaganem Tehnološko-razvojnem skladu gre za specifiko, kjer je rigidnost pravil EU omejujoča. Potrebna je kombinacija različnih virov za specifične razvojne cilje.",1
Innovative financial tools are key drivers for systemic change and climateaction. We are proud to have riyongkim representing ClimateKIC's voice at the SB50Bonn! UNFCCC EITeu sustainability,0
Tune in next week! Learn more about how EITeu ClimateKIC's DeepDemonstration Longtermism is rethinking our notions of value:,0
"Allí estaremos, el 14/2 a las 9:30 en una mesa redonda sobre las Oportunidades de Negocio y Emprendimiento a través de las KICs del EITeu✍Registro EIT_Health_es CrossKICSpain EIT_Food EIT_Digital EITRawMaterials InnoEnergyEU ClimateKICspain",0
Year report from our president este_tapias CKAAGA2015 ClimateKIC AngelaHowarthCK AnastNiko EITalumni,0
234 startups from 25 European countries are in the running for EIT_Digital Challenge 2016 via PRWeb,1
"What did our team from CERTHellas &amp; Musimap do to produce popularity-oriented results for artists, tracks &amp; genres? Check our latest blogpost🔗 FuturePulse digitalmusicnws EUeic dmwnews MusicTechMag midem EUScienceInnov DSMeu",1
L'occasion parfaite pour discuter innovation dans le nucléaire et mobilité internationale avec les équipes en charge du Master EMINE d'InnoEnergyEU Phelma_ecole ! 🎓,1
1st ever MOOC on E-waste open NOW for registration w ASteiner video intro ClimateKIC unep,-1
"Cheap battery storage means it's becoming easier to adjust electricity supply from wind and solar to global demand, even when there's no wind nor sun 😎🌞🌬️♻️⚡️🔌 renewables EnergyStorage Sustainability Via ClimateKIC DailyPlanet",-1
Tomorrow morning is your chance to hear ClimateKIC circleeconomy EU_ENV govSlovenia + ICLEI_Europe discuss how circulareconomy can be part of distributing value more fairly in the economy even in a time of crisis!,0
The EITCommunity at a glance: ☑ 1000+ Leading Partners ☑ 2000+ Business Ideas ☑ 300+ Innovative Start-ups ➡ Innovation Business Startups Technology,1
Nederlandse Scaleup Quantoz een van de beste Fintech scaleups van Europa. Quantoz EIT_Digital,-1
"European deep tech startups you can win international growth support with EIT_Digital Startup Contest - Deadline for submission : June 14, 2018",1
RT CKICNordic: Would you like to learn how sustainability science + research relates to business creation and entrepreneurship? Apply for the ClimateJourney18 by 18 February! greenbiz summerschool Sustain_UCPH ClimateAal…,0
"At EITeu ClimateKIC, we are working to re-wire finance via systems innovation. Our COP24 EU Pavillion events will explore the public sector's potential to catalyse increases in the development &amp; adoption of cleantech. MissionFinance EUClimateAction EUeventsCOP24 COP24",0
"jaripilati intervista Kirsten Dunlop, CEO ClimateKIC CKCIS17 What wonferful news: StayTuned",0
"visionscotmag TheScotsman Lawscot lornabjack ffworkscot The_IoD ZeroWasteScot IainGulland BrodiesLLP DeloitteUK AAB_Accountants ScotlandsTowns AcumenFP BITCScotland Thank you visionscotmag and TheScotsman. Aye, well. Very nice, but a whole lot of what we are involved in is threatened by the clusterbourach brexit. Isn’t it ClimateKIC_UKI HubClimate EdCentreCC RichardLochhead?",0
EBA in Sweden. Peter Carlsson Northvolt presents the needs for batteries. angstromABC northvolt Energi_mynd InnoEnergyEU,2
"Participants from 4 different continents attending our Entrepreneurial University workshop at Amsterdam Science Park now, including EITalumni Deakin AUTuni QatarUniversity univ_indonesia UKZN UniOulu HFT_Presse",1
ColinJ_Keogh EITeu TCDTangent EITHealth_UKI HSELive tcddublin DavidPollardIRL nnovick KenFinnegan EIT_iDay Big thank to you and DavidPollardIRL for facilitating!! And have a fab fab day tomorrow!!,1
EITRawMaterials AMCO Project on Automated Microscopic Characterisation of Ores meeting at cobrelascruces UniversiteLiege La_UPM Our innovative ore microscopy technique is coming closer to the market,3
Join InnoEnergyEU and EnergySystemsIG with industry expert LienSchepdael for an engaging live webinar on how you can adopt the right mindset to leverage your business in the energy market. Register here -,2
NEFCO is co-hosting the Nordic Finance Day 2 at COP23 - Tuesday 10-11.30 with nordicsolutions cop23 at the Nordic Pavilion Kommuninvest ClimateKIC CKICNordic c40cities CDP ClimateBonds Kerrclimate NefcoNordic nordenen EURACTIV ClimateSusanne,-1
"Innovators mobilised for EITeu Information Day in Brussels.The EIT Information Day was held for the 2018 Call for Proposals for two new Innovation Communities, EIT UrbanMobility and EIT Manufacturing. More via Connector: bleddyn_rees JulienVenne",1
Last day of Geometallurgy Short Course EITRawMaterials UniversiteLiege M Reuter sharing perspectives for efficient metal recycling UNEP,3
"Are you safely home? EITeducation programmes not only educate🎓 students👩‍🎓, but also show what to do and how to solve real life problems and GlobalChallenges. Take advantage of this &amp; develop your skills with an EITCommunity online course➡️",1
Empowering women to take positions of leadership will ensure the success of businesses EITawards EITcommunity EIT_Food EITeu,1
"EIT_Digital Challenge is looking for fast-growing European 'deep tech' companies, handing out 350k in prizes deeptech Europe EU Digital TechNews startup startups startupnews entrepreneur business TechnologyNews",1
Our partner at beBerlin Smart city EIT_Digital SCEWC15,1
How does our hybrid solar panel work? Find it out at TBB2017 by InnoEnergyEU solarenergy solarpanel energy,2
ClimateKIC WitracRTLS LexingtonBC Great Job! Congratulations WitracRTLS for making the list! Awesome work supporting them ClimateKIC. We love hearing stories like this! Innovations,0
Such a Nice view on the City or Paris climatejourney18 ClimateKIC,0
DigitAlumni See you there cKIC_Alumni ClimateKIC,0
"A new investment framework can help investors quantify the impact of their emissions-saving investments. The tool can help significantly accelerate the low carbon transition: Pamlin, 21st century frontiers. ClimateKIC Enviro_Finance",0
WHAT'S UP? News from scaleups supported by EITDigitalAccel,1
"One aim for EITManufactur is to act like a one stop shop for innovation, something VolvoGroupSE sees as a great opportunity. They wish for a good bridge between research and industrial production. EITmanufacturing EIT innovation business education chalmers",1
Congratulations to urgenda - this is pretty incredible. The Dutch Government are now legally obliged to protect its people from the climate crisis. Was an honour to hear marjanminnesma speak at ClimateKIC last month 🙌,0
Important lateral thinking linking solar energy and sustainable wildlife. ClimateKIC,0
cKIC_Alumni: Refugee Ideation Workshop from CKAA! refugeecrisis refugeesolution WM_RIC impacthubzurich EITeu,-1
World's most water tight unit - check it out InnoEnergyEU Intersolar A3 240 Intersolar2017 BeONenergy,0
Looking forward welcoming you at the EITeu 🇪🇺- Nasdaq Stockholm event of tomorrow! Powering unicorns 🦄,1
"Such amazing 2 days in Budapest! What a great honor not only to be among the nominees of the EITAwards, but actually among the winners! Our CEO, KBeronius, won the 2nd place of the EIT Woman Award 2019 and we, at Addressya, couldn’t be prouder! Thank you EIT_Digital! INNOVEIT",1
¿Tienes una empresa de rápido crecimiento basada en tecnología digital? Esta es tu convocatoria 👇 EITDigitalAccel,1
"The accidental history of Niantic’s Pokémon Go, as told by John Hanke via EITeu",1
"⚡️ We're thrilled to announce that 4 EITeu ClimateKIC community members have been nominated for EITAwards: Michael Dittel, LeafTech_twitt, Luca Giovannini, DEDAGROUP_ICT, David Pistoni, zeleros and Anastasia Hofmann, KITRO_FoodWaste. Vote for them:",-1
TNavracsicsEU languagesdude EUErasmusPlus EuropeanYouthEU EITeu EU_ScienceHub MSCActions SenatoreMonti liandersson EU2019FI eTwinningEurope The EU must discourage certain countries whose languages are widely learned &amp; promoted in home country of student including huge gov investment from proposing/selling EUErasmusPlus programmes in English to Irish and others ....,1
Innovators meet up in Budapest EITeu today follow the stream,1
Faculty AntwMgtSchool omohout in the jury of ClimateLaunchpad 2015 ClimateLaunch ClimateKIC cleantech BeTech,0
"➡️ COP25CL – 2/13 December, Madrid 🇪🇸 Many GACSA Members will hold SideEvents. Click the videocalendar 🗓️ below see the scheduling! Refugees wbcsd CIFOR ICRAF ClimateKIC DanishMFA DutchMFA CTABrussels CATIEOficial USDA_ERS GACSAatCOP25",-1
RT ClimateKICItaly: Il Programma Certified Professional di ClimateKIC ti aiuta a certificare con uno standard europeo le tue competenze imprenditoriali. Invia la tua candidatura gratuitamente entro il 30 giugno 2018.,0
"""In Italia non crediamo nei nostri giovani e nei nostri imprenditori. Sono in molti a chiedermi perchè?"" MBP1961 ITD16 EIT_Digital",1
Congrats to the winners of Frankfurt climathon from CKICNordic,0
Hemos participado en la presentación del EITeu CrossKICSpain hoy en Forinvest de València. ➕➕ Sumar nos hace siempre mejores 👇,1
5 percent of electricity generated is used in data centres! According to Swiss Vault at ClimateLaunch ClimateKIC EdCentreCC CLP18 . I had no idea. Astounding.,0
Twingz war Teil der 1. Runde des MunichRE ERGO SideCall im ClimateKIC Accelerator Jetzt für den 3. Batch bewerben: €95k noequity. Deadline: 29.07.18.,0
Great discussions with LvNistelrooij EvaKaili Franc_Bogovic TomZdechovskyEP PaulRuebig in Strasbourg on future of innovation and how EITCommunity can power more entrepreneurs across Europe!,1
"Farewell speech of John (Hans Joachim) Schellnhuber, former Chair of the Governing Board of Association ClimateKIC",0
L'Europa della ricerca! EU_ScienceHub M_Vespe EITeu europainitalia ForumNGiovani AgenziaGiovani,1
"Great to read! ""Even though you should start small, you must think big from the beginning""! weareKONUX EIT_Digital",1
"Ed_Miliband Hope it's going well! Don't know if you got my email re: speaking to us at ClimateKIC one day, would be great to have you!",0
"AI braucht solide Fachkräftebasis. Es wird nicht weniger Arbeitsplätze geben, aber haben wir die richtig ausgebildeten Fachkräfte, das ist die entscheidende Frage. Angela Merkel digitisingEU. EITeu arbeitet genau in diesem Bereich.",1
REVYEnvironment Participated in HelloScienceIO organised by jaagarnaut novozymes grundfos on 27th Feb at Bangalore under collaboration with CCAMP_Bangalore CKICNordic. BIRAC_2012 venture_center Villgro gsbtm IIMCIP ZoneStartUpsIn startupindia STBI_DSTGoG YESBANK,0
Discussing a way forward for Valletta as a SmartSustainableDistrict with ChristophMazur ClimateKIC Valletta Malta environment,0
This week’s ten biggest climate innovation stories - 24 May - Daily Planet via WYeates ClimateKIC AndersWijkman andersegelrud mattiasgoldmann BarrySheerman sampweaver usmayors EU_CoR EURACTIV innovation for climateaction ICLEI_advocacy,-1
"EU behind US in energystorage, needs tough targets: investor Peter Carlsson ex-Tesla SonjaVanRenssen InnoEnergyEU",2
Hemel Hempstead set to welcome 'world's most sustainable residential tower' miljobloggen EurActiv ClimateKIC...,-1
Best medical reports and best coffee at medicusai booth 15F42 at Medica2018 :) winner of the EIT_Digital Challenge 2018,1
Congrats from CKICNordic. We look forward to coaching you and bringing your idea further,0
Swedish marine energy developer and InnoEnergyEU supported start-up MinestoAB has received a 1.17 million euro grant from the Swedish Energy Agency. Read more: Tidalpower EITeu InnoEnergyIB InnoEnergyFR InnoEnergyBN InnoEnergyCE InnoEnergy_S,2
Learning from each other. Nieder-Olm goes ClimateKIC CKCIS2016 NKI,0
Absolut. Det blev tydeligt illustreret af AnnaDenell Vasakronan på the Green Finance Workshop. Se via ckicnordic,-1
"Las Jornadas Castelló Renova-t, que se celebrarán los días 15 y 31 de octubre en Castellón y girarán en torno a las EnergíasRenovables y... EnergíaGeotérmica Formación Fundacionf2e ArquitectosCTAC EITeu NaturgyClientEs UJI_noticies",0
"The webinar hosted by ugent &amp; BusiSource project is now available online. Learn about the challenges related to better WEEE management ♻️ and how it can be achieved in organisations, with a specific focus on Belgium. EITeu EITRawMaterialsProject",1
European Companies Leading on Cleantech Revenues via ClimateKIC,0
.GreenOslo2019 is the frontrunner city. CKICNordic is delighted to run a project financed by nordicinno on zeroemission construction sites engaging the other Nordic capital cities of koebenhavner Stockholmsstad &amp; HelsinkiSmart MiljoHeidi bellona COP24 AndersVJensen,0
"ClimateKIC NAP_Network tommitchell_kic Build a portfolio approach to adaptation, with learning at the forefront. Private &amp; public finance are blended with the systemic shift - tommitchell_kic DCDays19",0
"Participez au Paris City Challenge 2018 de eivp_paris , Paris avec la ClimateKIC : présentez votre solution innovante pour la ville de demain ! Faîtes-nous part de votre solution urbaine innovante avant le 1er mars !",0
DAWN OF DEEPTECH: 279 scaleups from 33 European countries are ready to face each other at EIT Digital Challenge 2019 🥳 DeepTech Scaleup Europe EITDigitalAcad,1
Looking forward to the final pitches of ClimateKIC Journey2015 by our entrepreneurs-in-making at TUMunich,0
La nueva promoción Pioneers ClimateKIC ya trabajando en crear soluciones para una lowcarbon economy,0
Brainstorming meeting of EITRawMaterials funded MAP project completed in sunny Uppsala. MineralResources Thanks sguSverige for hosting!,3
✋🖐🖐Hi entrepreneurs check EITRawMaterials Business Ideas Competition in rawmaterials innovation: 👌🏆💶,3
GabrielMariya EU_H2020 EUScienceInnov EITeu EU_ScienceHub EUClimateAction EU_ENV Energy4Europe ERC_Research REA_research Science for curiosity and impact! Good that H2020 will also specify the goals of the EUGreenDeal.,1
TCignatta EUDigitalEdu EU_Commission simonapetkova7 pankampylis eu_schoolnet EITeu EU_ScienceHub eTwinningEurope CodeWeekEU DSMeu EUErasmusPlus EdChatEU Hey Tiziana great to hear! Etwinning is the most powerful community of teachers of Europe,1
Amazing finnish design at EIT_Digital co-location centre in Helsinki. newworldofwork,1
Postazione pronta per EIT_Digital InnovationDay2019 a Trento Siamo presenti con il nostro cashregister40 OlivettiOnline JOL_SCube SmartRetail DigitalTransformation DigitalTransformation innovation smartpayment IoT BigData AI DigitalFutureNow gdt62,1
"Stay on 🔝 of 🇪🇺's innovation &amp; tech scene! Subscribe to our newsletter 🗞 to get the latest EITCommunity news, events, achievements &amp; opportunities direct into your inbox📲💻. 👀👉",1
Join ClimateKIC on entrepreneurial climate education climatejourney17 during ReimagineHEdu in Philadelphia kate_ckic sollazophoniasd linegry EbrahimKIC,0
Internationalization for Scale-ups: Meet the experts from EITDigitalAccel in the on 20th Jan,1
RT ClimateKICItaly: RT ClimateKIC: ⏰ Registration for GlobalClimathon is open! Climathon is empowering citizens &amp; city officials to collaborate on solutions to local climate challenges through a thrilling hackathon. Join now—as either a city or…,0
Green business idea? Bring it to life. Join the ClimateLaunchpad competition and apply before MAY 12: CKICNordic,0
The Madrid InnovationDay18 just started. Our local Node Director jcontreras opens the morning session welcoming the attendants with our EITDigitalAcad unofficial tag line: “there is no innovation without education”,1
"Is our green recovery possible? Looking forward to Cov360com event on our planetary crisis with AndersWijkman Honorary President ClubOfRome and of ClimateKIC, Good_Policies; MarthaMcph Green Economy and Sustainable Growth IIPP_UCL; Ria1S1 of WFP",0
BT CEO presents Britain’s digital future rolling out EIT_Digital g.fast broadband innovation,1
"After a year-long search for a new permanent director of EITeu, the Commission has finally handed over a shortlist of candidates: Innovation Research HigherEducation",1
Félicitations à La scaleup Alumni d'EIT_Digital JulieDesk pour sa levée de fonds //,-1
"Encouraging cleantech startups from Romania, Moldova, Serbia, Croatia, Slovenia, Ukraine and Baltics to join ClimateKIC Marketplace, where they could gain visibility from Angel and VC communities. Kudos to Biomyc from Bulgaria for being featured!",0
ClimateKIC_UKI Aurora_Cons GlobalClimathon We might *have* to after Brexit :-o Growing and sourcing more locally is just the right thing to do. Good work Aurora_Cons,0
Using AI and IoT to enable a new level of asset utilization! utum_muc UVC_Partners DigitAlumni munich_startup TechMunich dbmindbox,1
"Economia circolare: ecco 9 startup per l’innovazione sostenibile, tra cui JunkerApp e phononic vibes già accelerate anche da EITeu ClimateKIC EconomyUp",0
GreenSolutions Awards 2018 - AndersVJensen de la CKICNordic introduit le Grand Prix Infrastructure Durable,-1
"Big events unite, inspire, innovate – &amp; also pollute. It's a good thing event sustainability is trending! We're working with cdmgoldstandard to offset emissions from ClimateKIC's MissionFinance so parties can InnovateOpenly &amp; sustainably: FC4SEurope",0
🔴NEW🔴 LLLP submitted an entry for the public consultation on EITeu 🇪🇺 Great emphasis in the strategy on skills investment and lifelong learning! But what’s the role of civil society? 📥 Read our feedback 📥,1
"JernejPikalo EITeu V razpravi na temo strateškega pristopa k mednarodnemu sodelovanju na področju raziskav in inovacij se je minister dr. JernejPikalo zavzel za odprtost programa EU_H2020 ter za družbeni odgovorno ravnanje, ki na prvo mesto postavlja človeka.",1
"The final in our series of EITeu Award nominee profiles, meet Ioannis Tarnanas, who is an EIT - European Institute of Innovation and Technology Innovators Award Nominee with Alzheimer's Disease Prediction Service (ADPS). More about the awards ➡️",1
.ClimateKIC €Billions EU imports linked to illegal deforestation &amp; KillerPalm Is EU 2020 pledge achievable ?,-1
EITeu has teamed up with Bosch to release a new initiative to develop sustainable and practical paper-based food packaging in order to reduce the world’s plastic pollution.,1
cc ClimateKIC,-1
sapience_eit agriotlab createnet FBKcom Agribologna pregiuliano ClimateKIC,0
U2 the European Union's climate innovation agency ClimateKIC is organising its annual Climate Innovation Summit 6-8 Nov. 2018 in Dublin and since you will be in town we wanted to see if we could invite you to speak on the importance of taking action on climate change.,0
"Let's talk European Battery Alliance! 🔋 InnoEnergyCE is going to ImpactCEE mobility rEVolution in Katowice, Poland next week! 🇵🇱Bo Normark will be our keynote speaker, you cannot miss it! mobility energystorage efficiency smartgrids automateddriving transport",2
Congratulations dutchstartups CoblueCS won the 3rd prize of EIT_Digital _ideachallenge CyberSecurity:,1
"Fast-track your idea to manage climatechange! The 2nd sidecall of ClimateKIC, MunichRe and ERGOGroup is kicking off. Apply from 18 Dec to 25 Jan &amp; receive up to €95K for your cleantech start-up respond2CC",0
Obaji_007 Brodah_Ayo BiffoAbdulkadir EITRMAcademy PTDF_Nigeria realFemiOtedola AMADICHIMA AlikoDangote herde_yinkar da_moxy _solutionn Boss.. Shey make he send Aza 😂,-1
Register by 3 April for the course on Circular Residue Usage in the Metallurgical Industry! Organised by LTUniv UniOulu KU_Leuven swerim_ LKABgroup EITRMAcademy EITRawMaterialsProject,3
ClimateKIC will be at SIF15 as well. See you there! COP21,0
soann Merci d'avoir sélectionné le journey2015 ClimateKIC vous êtes la bienvenue pour venir échanger avec les étudiants cette semaine !,0
ClimateKIC Join us for the first webinar of the year! (&amp; get an insight into what to expect ISGW2015,0
ShamimMalekmian diarmuidfoley1 forachelP drg1985 pwrhungry InnoEnergyEU Energy4Europe Energy4Humanity paulbmelia Sure! ShamimMalekmian,-1
"The ClimateKIC forestry workshop helps ideas to come alive: in 2025 we have forests with great biodiversity, resilient, reliable data etc",0
"El jueves analizaremos distintas iniciativas regionales para promover la transición digital de las industrias con casos de Cataluña, Lombardía y Rhone-Alpes. Además conoceremos las experiencias de GREENOMED_EU y EITManufactur Consulta el programa AdvanFactories Eurecat_news",1
romankrznaric StephenF55 GeorgeMonbiot NewYorker collectcartoons kendrasita PabloSurGames BUPardeeCenter ClimateKIC RCClimate janot_reine Debt can be cancelled as it's been created.,0
"ClimateKIC Climathon Hello, global cities! Winterthur is ready for the climathon to start tomorrow 11 am CEST.",0
"Our community member, oxipitAI co-founder Jogundas Armaitis, during European Institute of Innovation and Technology (EITeu) interview explains how the idea of “Oxipit” came about and what problem the startup solves. 💬",1
CKICNordic c40cities EITeu ClimateKIC,0
Journey2015 j8 bologna today visit at CAAB and project ClimateKIC agrifood,0
.EITRawMaterials: 1st Greek RawMaterials Community Dialogue is over! Thanks to all the participants for their contribution and spirit!,3
Amazing finnish design at EIT_Digital co-location centre in Helsinki. newworldofwork,1
Another success story from the EITCommunity! EITDigitAccel alumnus 3YOURMIND raises EUR 10 million. 'Being a part of EITDigital’s ecosystem helped us a lot' said co-founder stephan_kuehr. Their story here EUinnovation H2020 GEW17 GEW GEW2017,1
AlbuferaES cicenergigune JoaqChacon KristinaEdstrm2 2030Battery InnoEnergyEU mincoturgob EERA_SET DelGobPaisVasco julianaresin ¡No faltaremos!,0
"Climathon Wałbrzych over! Thank you to all of our 48 participants, City of Wałbrzych and Old Mine Art &amp; Science Centre!! ClimateKIC",0
First day of ClimateKIC accelerator TCDTangent representing dula_bio ✅ Feeling good about this next wave 🌊🙌circularbioeconomy irishinnovation for climate change mitigation,0
Meet InnoEnergyEU’s InnoVoice &amp; student Samuel Akpobome,2
Which top innovation should win the EIT PUBLIC AWARD 2018? You can vote now! 🏆 EITCommunity EITAwards,1
The 21days challenges the alumni of cKIC_Alumni committed to taking to tackle the UN sdgs during GACKAA2016,0
ClimateKIC Aster_ER CKICNordic,0
Climate change: Earth's giant game of Tetris - JossFong via YouTube laplandvlm CKICNordic JKuylenstierna miljotweets EURACTIV usmayors WRIClimate ICLEI,-1
Our partner skeleton technologies skel_tech in his element with EITeu InnoEnergyEU EIThouse,1
More and more scaleups and early scaleups Wittkamper EIT_Digital eitdigital16,1
On my way to visit CopSonic exhibiting at StartupOle - one our great EITDigitalAccel supported companies,1
"The euenergyweek side event ""Cities, Can we deliver the EUGreenDeal"" is about to start. We'll discuss the key role of cities in the transition towards GreenRecovery. With annalisaboni2 CitiesSharing IRISsmartcities skopjelab SmartAntalya ClimateKIC ComuneMI EUSEW2020",0
"Pioneers call for applicants! Operating in over 20 locations across Europe, Pioneers is ClimateKIC’s professional mobility programme that fosters systems innovation in the fields of sustainability! Apply here before 11 April! YourPathYourFuture",0
I’ll be happy to contribute to your event. I was the EIT founding Board Member and for 6 yrs served as Member of Executive Committee and Chairwoman of Entrepreneurship Working Group. Always happy to help EITalumni &amp; EITeu achieve more impact for FutureOfEurope.,1
"Riitta Keiski, UniOulu, presenting the Advanced Materials doctoral program supported by EITRawMaterials education rawmaterials",3
Check out the cKIC_Alumni COP21 simulation climateaction Paris2015,0
"“Harnessing the power of place to deliver a sustainable transition” Nick Robins presenting the FC4SEurope at the ClimateInnovationSummit, in partnership with ClimateBonds, southpoleglobal, I4CE_ , imperialcollege and the support of ClimateKIC missionfinance",0
Nu kör vi Kompetens för den andra maskinåldern. Följ oss live på tvalmedalen.se openalmedalen IITalks EIT_Digital carlheath ericsson,1
The last version of nrclive serie circular economy in contribution with ClimateKIC In discussion about the power of co-creation,0
Follow KIC Climate JKuylenstierna mayorslead ClimateKIC,0
Grateful to be nominated for the EITeu Woman Award! EITWomanAward EITAwards womeninnovators FutureofEurope,1
Great evening eithouse EITeu InnoEnergyEU,1
🌍 Save the date &amp; the earth: ClimathonRuhr am 25. &amp; 26. Oktober – Der Klimaschutz Hackathon zum Thema CircularEconomy. Kreative Köpfe zum Mitmachen gesucht! GlobalClimathon ImpactHubRuhr efanrw ClimateKIC NRWBANK Essen_Ruhr climathon,0
Bror Salmelin from DG CONNECT talks about Open Innovation 2.0 and how to create future policies. 7EIS EU_Commission EITeu k4innovation,1
EU_Commission simonapetkova7 pankampylis eu_schoolnet EITeu EU_ScienceHub eTwinningEurope CodeWeekEU DSMeu EUErasmusPlus EdChatEU Q1 How do you use digital technology in the classroom? Reply with “A1” + EUDigitalEducation EduSummitEU,1
I welcome the EUvsVirus challenge and initiative. Good work EUeic and Commissioner GabrielMariya for ramping this up quickly! Of course will be ready EITHealth to support winning teams!,1
.UnivRennes1 will open a Master´s programme in CyberSecurity for EIT_Digital Master School EITDigitalAcad education EITeu Students can apply until 15 April 2018 to enter the cohort of 2018-2019 For more info see here ➡️,1
Apply now for EITeu ClimateKIC Startup Accelerator! Deadline is 3 July 2017 cleanTech EITris climate,0
Great day with exaptive and ClimateKIC. So excited to be taking our community visualisation to its next iteration. Stay tuned and I'll post when updated!,0
Listen to the 5th episode of ThisNewClimate. willbugler explores EITeu ClimateKIC's Climate Smart Agriculture Booster that helps farmers adapt to climate change while shedding light on how European farmers have suffered under recent drought conditions.,0
EIT_Digital carie_ferg hervedespois BalkanOutsource Hi - What are the pros/cons of using interns to run your social media campaign?,1
How to build innovative finance solutions to meet necessary Climate Targets? Meet the leaders at the ClimateKIC event Climate Innovation Summit missionfinance in Dublin MarkWatts40 SasjaBeslik miljotweets BarrySheerman JKuylenstierna AndersWijkman,0
Kirsten Dunlop of ClimateKIC sharing her thoughts on tackling climatechange as a community. Climate is one area where we need to accelerate innovation which requires buy-in from all stakeholders because THERE IS NO PLANET B. INNOVEIT EUinnovation HorizonEurope EITeu,0
Formula E in Paris - mattiasgoldmann Euractiv ClimateKIC TfL smartcitieslive,0
EITDigitalAccel SomaAnalytics is also hiring a marketing intern:,1
bertrandpiccard InnoEnergyEU InnoEnergyFR EU_Commission solarimpulse ENGIEgroup Imagine we would not need polititians to drive everyone of us to innovate for a better future ... intrinsic motivation innovation,2
InnoEnergyEU CommUnity in Action! Support this amazing initiative by Crystal Ghana by EITalumni ! PHollberg LEDsafari EITeu,2
Merci à AOCLanguedoc pour cette dégustation de vins locaux. Le vin est un excellent liant pour nos participants et leurs idées. viticulture ClimathonMurviel Climathon ClimateKIC_Fr ClimateKIC GlobalClimathon MurvielM,0
"Découvrez Agrisource, 1re plate-forme européenne d’innovation ouverte et gratuite pour l’agriculture climato-intelligente! ClimateSmart EITeu Inra_France Cirad UNFAO",0
ClimateKIC part of ground-breaking WBCSD Low Carbon Technology Partnerships initiative launching at COP21 via,-1
CleliaMussari EmilianoVerga FIWARE EIT_Digital cityenabler Cefriel lmarasso androm Carmela_oltre i2make fabiobiccari Stefano32847521 AerariumL Camera_Monza ti illumino di immeso Ambiente in città se ho capito,0
"EITRawMaterials presente en el ""XIV Congreso Internacional de energía y recursos minerales"" de Sevilla. Destaca la importancia de la producción de materias primas DENTRO de Europa para generar EmpleosEstables, riqueza e independencia de manera sostenible. MineríaBienHecha",3
Thats a good step apple -theWSBF c40cities usmayors JKuylenstierna AndersWijkman unglobalcompact GDenergi ClimateKIC miljotweets Miljodep James_Hanusa climateaction sampweaver 100 percent CrowdWeek,0
Bonjour! Here's our updated infographic on How to Start Your Startup in Paris: francestartup EIT_Digital,1
"EITRawMaterials KarelVA on Circular Economy challenges: improve reusability, dematerialize &amp; substitute. I say ""slow down the loop!""",3
.ritter_mary on .ClimateKIC model_deigned to address societal challenge sustainable cities land use_production systems&amp; climate finance,0
"Esta iniciativa forma parte del plan de la ComisiónEuropea para apoyar la estrategia del EITeu durante el periodo comprendido entre 2021-2027, que supondrá además un aumento del 25 % del presupuesto, llegando a los 3.000 M€. INNOVEIT EU_Commission",1
AI-augmented coaching app for a more honest doctor/patient relationship. The HumanTouch behind the AI DMCoachTeam pratolar MaMe71 EngineeringSpa GameBusApp FBKcom EIT_Digital EHTEL_Symposium diabetes T2DM ehealth lifestyle gamification T2Diabetes coaching,1
biomival ClimateKIC Gracias por la amabilidad!!!,0
GabrielMariya EITeu EUScienceInnov EU_H2020 EUErasmusPlus MSCActions EU_ScienceHub EU_Commission If I told you there was a way to make some money and have some fun - without changing your schedule - would you want to know more about it?,1
"BBC News - The rise, then fall, then rise again of cleantech, featuring fnauta climatekic",0
Future cannot be pure education or pure research or pure innovation. It has to be at the interface of three…..recent debate at the EuropeanParliament Suggestions on developing synergies? CopernicusEU MSCActions ClimateKIC cKIC_Alumni @,1
.EITeu EITcommunity EITHealth and EIT_Food also welcome the steady increase of the budget: with EUR &gt;130M earmarked in 2019 they will be able to keep delivering on TartuCall commitments to promote and support healthier lifestyle for all European citizens. TNavracsicsEU,1
Today we are at the World Sustainable Energy Days OOESV WSED2019. Come an see InnoEnergyEU in the Exhibition Area with some of our exciting portfolio startups!,2
"’Women founders have it tough. Women in ‘hard tech’ have it tougher’ according to FastCompany. EIT Digital gathered all women-led deeptech companies, support the initiative by sharing it! Learn more: EITeu womenintech StandUp EITcommunity",1
It was pleasure to say the opening remarks Privrednakomora and provide support at the event honoring activities of EITeu and its models of support for innovation startup education EU Belgrade,1
jilleeeebean: .ClimateKIC DEVASTATING effects of KillerPal...,-1
Anche il nostro WiseTownProject tra le trasformazioni digitali. EIT_Digital FIware finodexproject SmartCity civictech egovernment,1
SmartCityexpo here we come! giaiello &amp; AntoninoSirchia will be waiting for you by FIWARE's booth (stand 421) to discuss all about smart urban revolution! EIT_Digital SELECT4CITIES EngineeringSpa SmartCities SCEWC19,1
The EITcommunity grows as EITRawMaterials opens a new Regional Center in Freiberg:,3
.ClimateKIC launches first climate impact rating for equity funds,-1
Very inspiring talk about working on systems change from Joerivds here at ClimateKIC - definitely needed with systems change for a sustainable future.,0
Look forward to participating at the AarhusUni launch &amp; presenting CKICNordic collaboration with cities,0
For our French readers: CopSonic rejoint EITDigitalAccel GS_Mag,1
Charlotte Thiery of EITeu ClimateKIC supported Inclusiv_EV is eligible to win the EIT Innovators Award &amp; the EIT Public Award. Learn about how she's working to bring affordable &amp; accessible electric share vehicles to outer city communities. EITAwards,-1
GREAT NEWS👏Over 100 game-changing research and innovation ideas from across Europe have been selected for EUeic support totalling €344 million. EICPathfinder EICAccelerator ➡,1
A cool tool by ClimateKIC &amp; FT: the climatechange Calculator for COP21,-1
Registration for the Climate-KIC Alumni Association GA 2016 opens in 2 days! Stay tuned! CKAA EITAlumni cKIC_Alumni,0
"dhofstetter_x MazzucatoM ClimateKIC IIPP_UCL CarlotaPrzPerez IPCC_CH snowded AxiloSpace exaptive EITeu 10/ Prof Panos (nick name)Berlin Tech Uni have just developed a Grid sized H2 - O2 with steam turbine this is very similar &amp; approx 50% of R&amp;D of my concept. I am having to look at Crowd fund this as funding for innovation is more Corporate Welfare, than true innovation",-1
"Our vision is to make the process of building sustainable and energy efficient properties, simple. homepod startups cleantech ClimateKIC",-1
".GeSIConnect &amp; Deloitte recently launched DigitalWithPurpose at the UN ClimateAction Summit. The report, supported by EITeu ClimateKIC, finds that digital technologies have the potential to vastly accelerate the SDGs. Read the full report here:",-1
EVB221 EU_Growth EITeu EuroGeoSurveys Maybe you will be able to get a debrief from CSIROnews colleagues that are amongst the speakers.,1
Ongoing: The ClimateLaunchPad 2019 Regional Finals at KSMSKenya in Nairobi. The regional finals has brought together 30 startups from 10 African countries Irish_Aid IrlEmbKenya KenyaCIC EU_Commission emungai_m AfricaSustain1 ClimateKIC wesustainafrica CLP19 CLPKe19,0
IntelliDigest thanks to EdCentreCC ClimateKIC_UKI edcraigecci CharlotteWaugh AndrewMitchell kmaxwe for all your amazing support,0
Luisa_Berlin EIT_Digital Perfect competition for all scaleups ready to enter new markets. I can recommend to have a look! Would be awesome to find also startups from Ruhrgebiet among the winners! Gruenderallianz RuhrHub ruhrgruender startport_ruhr uh_accelerator tu_startup,1
"Darius Nassiry: finances key to rapid transition to low carbon cities, at green finance conf Gothenburg. dnassiry ClimateKIC KajEmbren",0
Guido Sonnemann speaking on environmental impacts of materials. UniBordeaux EITRawMaterials BKTUDelft LDE_CfS suscritmat. Sustainable materials action in the Alps.,3
"JOIN US - amazing people start talking 5pm -&gt; Sarah from CareBoutClimate, MarianRondorf gmc2business &amp; Sumit Kishore ClimateKIC winner",0
Wellmo wil de Nederlandse werknemer gezonder maken! Hun lancering start 13:30 EIT_Digital hightechcampus 31. Read:,1
Useful diversity EITalumni crossKIC PeerFeedback round on binee prototype @ INNOVEIT in budapest - thx guys!,1
For our French readers: CopSonic part of EITDigitalAccel signs with Parisian RATP for pedestrian alarm testing,1
"Advances in AI, IEEEsmartcities expert rsaracco of EIT_Digital explores:",-1
Mit dieser Challenge erobern Gründer Europa EITDigitalAccel EIT_Digital,1
thanks ClimateKIC_UKI thanks for the recent follow. Much appreciated :) ➡️Want this 🆓❓,0
Encantada de haber podido clausurar la jornada informativa sobre EUeic organizada por een_madrid madrimasd CamaradeMadrid. Gracias a todos los ponentes y participantes y en especial a mis compis. ¡Seguimos ofreciendo apoyo de calidad a las empresas e instituciones madrileñas!,1
.EITeu welcomes ScienceMediaEP EvaKaili PaulRuebig EP_ThinkTank STOA. Connecting entrepreneurs &amp; their innovative solutions with citizens is crucial and media facilitates this! EITCommunity EUinnovation Europarl_EN,1
Goda nyheter SwedishAlgae får stort anslag från InnoEnergyEU för att skala upp tillverkning av silica från alger för användning i solceller. Grattis till SofiAllert som drivit detta projekt sedan start där medel från IKChalmers var ett litet bidrag,-1
"Before friday, take on this digitaleducation challenge! How to support learners’ intrinsic motivation, well-being and enthusiasm in school? DigiEduHackEspoo DigiEduHack oppimisenuusiaika EITeu edutech UN_CITO UNTILabs",1
Kirsten Dunlop on how innovative approaches to sharing risk information can improve riskmanagement ClimateKIC SCOR_SE,0
Are you the next top innovation team offering sustainable products or services in the raw materials sector? Fast-track your business with the EITRawMaterials Accelerator! Phase 1 (invent💡) is open👉,3
CKICNordic will support c40cities on this &amp; we look forward to working more closely with the Nordic participants- Oslo &amp; CityofReykjavik,0
"AndersWijkman Draxnews KajEmbren Svebio GFI_org EIB ClimateKIC WRIClimate miljotweets DefraGovUK SasjaBeslik SthlmExergi ddwg The notion society, gov or biz would want or allow land use change on that scale is laughable. We should be supporting BECCS as part of the solution, particularly where land use change is not an issue, instead of jumping to worst case scenario and hiding behind it.",0
Here you see one of the winners!! Whoho!! nordicideation CKICNordic,0
"📌 Take a look at this poster and learn about EITRawMaterials project INNOCAT, a joint effort to substitute critical rawmaterials in public authorities’ vehicle catalysts ⬇️",3
"The ""Data driven energy ⚡️ services, how to engage consumers"" workshop is taking place today, 21 January in Brussels. Organised by the Commission and supported by InnoEnergyEU AIOTI_EU ENTSO_E Agenda &amp; more ➡️ energytransition energyconsumers",2
"Emanuel Forest, Board Member of EU_Commission Mission on climate-neutral and smart cities is convinced that cities should not be working in silos, mobilize citizens and take efforts in many areas to transform to smart cities and become carbon neutral InaugurationEITUM EITeu",0
I així es com l'bcn_ajuntament seguirà matant Barcelonins per aplicar les mesures menys pioneres i valentes com és la zona de baixes emissions o per haver estat una setmana superant els límits de partícules sense restringir el trànsit. EITeu janetsanz,0
"Dr Bo Møller Stensgaard, EITRawMaterials Themaic Officer Exploration, opening EITRawMaterials Day at the_PDAC! Join us in room 203B!",3
We're hiring ClimateKIC :,0
GpdpEu2018 Inconscio digitale di de Kerckhove protagonista del convegno “Uomini e Macchine Protezione dati per un’etica del digitale” anche Punzi ne sottolinea l’importanza. ddek EIT_Digital frasisam,1
Action! AkroLars' energetic start of the Accelerator Intake's 2nd day!🤸‍♂️Love it! ClimateKIC mikkeltrym haxh chalmersventure ntnuaccel ekofolio Mycorena_AB NoquoFoods PurCity1 TotalCtrlAS theapplegirl_ NZbioinno EON_SE_en climateWWF lunduniversity ClimateSusanne,0
The EITDigitalAccel Challenge - explained: Apply now &amp; scale up your startup!,1
Meet Europe's next generation cleantech entrepreneurs via ClimateKIC EurekAlertAAAS,0
EITDigitalAcad Completed both part 1 and 2 of Security and Privacy for Big Data. SP4BD was great in providing both technical and administrative methods in securing BigData from the threats that comes with it.,1
ustwo Mills was amazing DigitAlumni ...digitalalumni17 TheEggBrussels,1
4 days left: Don't miss your chance to apply for the EIT_Digital Challenge 2017 - deadline 8 Oct midnight sharp!,1
Excited about today's climateKICspark thanks to eondanmark for telling us about accelerateCPH + inspiring CKICNordic community,0
365ACTNOW Incite Ventures - Labs and Politics the gamechanger - Hoping to Fight climatechange Struggle as Other Tech Firms Cash In - More at SasjaBeslik ClimateKIC KirstenCKIC AndersWijkman incitedotorg JKuylenstierna,0
Day 6: backcasting at the climatejourney17 gj8 can we embrace and envision a better future? ClimateKIC ClimateKIC_Fr,0
JEC2018 alumni and program winner Brillpwr is currently fundraising €1.8M on the ClimateKIC marketplace.,0
Team freapp...yeayyy climathon Frankfurt climatekic,-1
10/4 termine ClimateKIC Startup Accelerator Italy 2017 programma europeo ClimateKIC idee contro cambiamenti clima Aster_ER EITeu,0
Greenhouse alumni sarahpantershop is named start-up of the month by Engage 🙌 Founder Sarah Elise Gjemdal entered ClimateKIC's pre-incubation programme in Dec 2016 and opened her secondhand store 3 months ago in Trondheim! esntnu NTNU SustainNTNU,0
Anna-Karin Ahlflood Head of aquisition ericsson diskuterar kompetensbehov 29/6 kl15 med oss i Almedalen kistascience EIT_Digital IITalks,1
"EITRawMaterials ClimateKIC CircMatConf EcoCircular EITRMAcademy CircularCity rethinkcircular CircularCities SmartCityexpo EITeu EITalumni This looks it's going to be a great event. You can also upload your upcoming events in the Events section of the new CEC website, to let the CEC CircularEconomy community know about it.",-1
".PWeihed, ltunyheter, on how EITRawMaterials can contribute to and support universities in education, innovation and business creation",3
"Projektet 'Access Cities' skal på vegne af dkbiz skabe bånd til købestærke byer i udlandet. Projektet udføres med stateofgreendk, DanskIndustri, QuercusGroup, thetradecouncil, CKICNordic, ICDK_CPH, koebenhavner og AarhusKommune. Læs mere her:",0
Kommt vorbei! 03.02.2015 in Dresden mit HolgerDieterich von ClimateKIC über den ClimateKICAccelerator mehr unter,0
"In Brussels now, getting ready for EatingTheGap with a_macready: sustainable food and healthy diets SciFoodHealth EITeu",1
NovakGregor paulee6809 CellProthera EUeic EU_H2020 Great,1
1st pitch by 3dTrust EITDigitalChallange DigitalIndustry EIT_Digital EITDigitalAccel slush16 scaleup startup,1
Day 2 of SlushHQ. Still full of energy 2 get into dialog about the great possibilities of our mhealth platform. Join us EIT_Digital booth,1
"We are awarding 89 pioneering start-ups with up to €50,000 each to drive innovation in healthcare across Europe. Our Headstart support will break new ground in COVID19 and in treatment of cancer, geriatrics, ophthalmology and more. EITeu",1
.EITDigitalAccel opent fintech innovatiecentrum,-1
sidcorte EITRawMaterials We are open for all applications from students who hold a relevant MSc or PhD! Even UGent students are welcome! :-),3
"Deputy Health Minister SvetlanaYordano “science and innovations play an important role in securing sustainable food systems. Multisector cooperation is key” EITFood shares this vision, working together with over 50 partner across the food system",1
"De belles découvertes sur les bergesdeseine : Pretapousser, ClimateKIC, AssociationESF et d'autres COP21",0
It is a huge honour to have MoF_Cyprus CyMOApress CyprusMFA support CyUniTech EITeu events in Cyprus. Special thanks to Georgiades_H CostasKadis Christodulides for their support. More info &amp; to register for FREE at,-1
"""Système d'Avertissement sur Mobile"", est une application développée par la RATP, en partenariat avec la startup CopSonic cc EITDigitalAccel",1
"Europe’s young entrepreneurs finished in Lisbon EIT_Digital’s Wellbeing SummerSchool after pitching great innovative solutions and high Q business cases for longer independent living. And the winner is SLP, a sleep apnea solution📣",1
RT EITeu: Save the date 🗓️ EIT Innovation Forum on 15 October in Budapest 📍 INNOVEIT Join us to find out more about how EITCommunity powers innovation across 🇪🇺 &amp; meet top innovators delivering ground-breaking solutions to 🌍ch…,1
WELCOME &gt; Stephanie / MD of West Mill Water International ClimateKIC Accelerator water filter made fr upcycled glass aimed at NGOs,0
Thanks to cKIC_Alumni for making this photo available freely on unsplash 🎁,-1
Together with AMS_institute we are stronger to tackle climate challenges Marco van der Ree ClimateKIC pointed out during our meet-up Let’s explore our opportunities by starting our collaboration today!,0
Comenzamos a trabajar en Equipos para desarrollar la Brújula de la Circularidad. Poniendo en práctica la EconomíaCircular AIJU_Tecnologi ClimateKIC,0
El patron cristobalalonso preparing to host swggetaway at CampusMadrid. Thanks to EITeu and Microsoft for support,1
EITRawMaterials Event »Competitiveness in Lithium Industry« 11.-12. Okt. 2017 am Fraunhofer_ISC.,3
"Thanks for the coverage pvmagazine - a great, inspiring read about InnoEnergyEU's PhD student and his work in developing countries.",2
We need new thinking and new solutions and that is why Climathon is important dagurb ClimateKIC rvkclimathon17,0
CassieRobinson saltsea AnnasQuestions CJAOurPower ClimateKIC_UKI Climate_Action_ Causing or preventing?,0
Coming up! On 11 Nov - New approaches for nutrient recovery from manure &amp; wastewater by dpp_ev &amp; EITRawMaterials,3
"¡Una gran noticia para Barcelona! El EITeu la ha designado para liderar a empresas, universidades y ciudades europeas en el desarrollo de soluciones tecnológicas hacia una MovilidadUrbana más inteligente y sostenible (via LaVanguardia):",1
Desmystifying Intellectual Property by s_amarger at EITDigitalAcad digicitiessschool in Paris,1
".c40cities is seeking creative minds with a vision for a greener urban future! Intrigued? 👉 👩🏽‍💻👨🏻‍💻👩🏾‍🔧 ReinventingCities ofo_bicycle, ClimateKIC",-1
The roadmap of clean energy CKICNordic southpolegroup smartcitieslive c40cities CSR cleanenergy via GreenBiz,0
blendedlearning courses from VUB and UGent EIT_Digital covering IoT software and hardware,1
"The list of nominees for EITeu EITAwards 2018 is finally out! 😍 And we are so proud to see 4 (!) faces from the EIT_Digital Alumni community in there: congrats sheenhuxin from matchx_iot, Maria for womeninSTEM, MahmoudKhodier &amp; dorapalfi from imagicase! 💡Good luck!",1
Die Steinbeis 2i informiert im webinar über EU-Fördermöglichkeiten im Europäischen Innovationsrat EUeic von Horizon2020 am 29.01 KMU über Förderungschancen für ihre Forschungs-&amp; Innovationsvorhaben. Anmeldung unter Das Webinar wird gefördert von WM_BW,-1
"Ecopreneur oder TechInnovator? Dein Startup entwickelt Lösungen für den Klimaschutz? Dann bewirb dich bis zum 22. Juli für den ClimateKIC Accelerator von MunichRe und ERGO! Gewinne bis zu 95.000 Euro, Coachings und mehr: NoEquity Klimakabinett",0
PeterHeadCBE ResiliencBrokrs ClimateKIC Have you seen this?,0
EssersEIT introducing the winner of EIT_Digital business challenge innovation day Blitab: innovator of the first tablet for blind people,1
interlocker WestMids_CA BhamCityCouncil ClimateKIC_UKI Hurrah. Plain English. 😎,0
'Nothing compares to what humans are doing to the planet' SIF15 sponsor ClimateKIC Chairman on climatechange,0
Day 1 of the ClimateKIC ClimateJourney completed. Today was all about introductions &amp; I'm impressed that it's possible to learn the names of 42 people in a single day!,0
"Miło nam poinformować, że WiseEuropa została oficjalnym partnerem Climate-KIC. ClimateKIC ClimateKICPL",0
Europe takes first step toward clarifying booming ‘green’ finance EURACTIV CDP Kommuninvest c40cities GreenFinance GDenergi NiklasNrdstrm CrowdWeek WorldResources WRIClimate ClimateKIC AndersWijkman,0
EIT is in the center of .TNavracsicsEU vision 'cause what's in the heart of EITeu are people trishwarsaw at CallforKICs,1
"💊+🤖=🚀! Check out this true EITeu Alumni Success Story of Julia Wache, Alumna of EIT Digital and EIT Health Germany! EITalumni digitalumni Hoeller K_Ladewig EITHealth coconsonni",1
Win tickets to WebSummit and invitation to the VIP Investor Dinner from EIT_Digital and BGI! Apply for Connecting - contest for digital startups from ARISE countries - by October 7th. investors,1
TNavracsicsEU EU_Commission EuropeanYouthEU EUErasmusPlus EU_ScienceHub EITeu MSCActions europe_creative EuSport Am interested How can I apply,1
The ClimateJourney18 cKIC_Alumni event just in Limassol CyUniTech am amazing presentation for the ckic Alumni by AnastNiko! SteliosYiatros a_charalambides sust_energy_lab CkicCyprus,0
City Representatives talk Resilience via YouTube ICLEI_ResCities ICLEI c40cities ClimateKIC southpolegroup,0
"Begoña Pérez Villarreal, EIT Food South Director y Leire Bilbao, directora general de Innobasque dan la bienvenida hoy al Foro de Innovación Alimentaria de EITfood FoodInnovationForum",1
ClimateKIC is there any way that Ooho blobs might help the wildfire displaced koalas in Australia - savethekoala ?,-1
"The Business Booster event, held annually in different European cities offers a space for 800+ attendees from 40+ countries network with 150+ of the world's best sustainable energy innovations. Find out more: TBB2019 InnoEnergyEU is funded by EITeu",2
Charles Wessner innoveit innovation EITeu,1
"Crowds are driving the future of innovation across Europe! EIT InnoEnergyEU supported startup ecoligo raises €1,000,000 through crowdfunding to finance SolarEnergy projects ➡ EITCommunity H2020 HorizonEU EnergyTransition",2
EIT_Food &amp; EITHealth joining forces together at our partner KoppertNL to kick-off our long-term cross-KIC EITeu collaboration. Talks by martinkoppert angelovermeulen peter_jens pepsico_uk PlantLab Biopharma foodinnovation healthinnovation foodforthought,1
".TNavracsicsEU EIT alumni have important role in putting EITeu on the innovation map - bringing business, research &amp; education together.",1
"👉""Avec ces programmes, l'Europe sera capable de faire des pas supplémentaires en terme d’innovation et elle le fera avec ses partenaires stratégiques, notamment avec l’Afrique "" M.C Russo EU_Commission EU_H2020 EUeic EV2019 cooperation sciencepreneurs",1
Beautiful memories from the ClimateJourney18 at NTNU and Stokkøya. Thanks to all contributors! summerschool entrepreneurship ClimateChange sustainability ClimateSusanne ClimateKIC Marco_vdRee ClimathonTrheim,0
"Conviction essentielle que nous partageons et appliquons à EITeu ClimateKIC : l'urgence appelle une accélération et une intégration de l'action, non une panique paralysante. ClimateKIC_Fr alaingrandjean",0
"Sustainable Agricultural Practices and Incentives for ENvironmental Care Ecosystems EIT ClimateKIC Pathfinder project. Deploying IoT technologies to monitor agricultural practices, it incentivises and rewards virtuous behaviours. sapience_eit giaffred",0
Smart Sustainable Districts aan de kade van de Seine! Benieuwd? Kom langs als je in de buurt bent ClimateKIC,0
We received applications from every continent! Thanks to our partners and supporters that helped promote the competition. GGFclimat ClimateKIC StartUpGET nalas_eu Fedarene RCREEE USTART_de OfficeAee Connect4Climate,0
New year new chances for your business idea?We S2i WM_BW provide you with information on funding programmes of EUeic in our next webinar on Jan 29!Can’t wait until then?Visit our website &amp; check your innovation potential with our experts innocheckbw,1
Join us for the ReinventingCities competition launch event in Reykjavik next week!This c40cities competition aims to transform underutilized urban sites into examples of sustainability and resiliency. ClimateKIC's own sollazophoniasd will be moderating - see you there? 🇮🇸,0
Join the COP21 Climate Negotiation Simulation! June 26 in London Berlin Paris Zurich by cKIC_Alumni EITalumni,0
AhmedAbusin2 InnoEnergy_S InnoEnergyEU energybroseph cnwadia EIB Am afraid not -,2
"EY, startitrs i EITeu organizuju radionicu za devojčice - „Preduzetništvo i start-up ne znaju za barijere“",-1
Star team of facilitators for ClimateKIC alignment workshop greaterthxn Ouishare,0
ActuÉcole Si les données satellites permettaient d’éviter les risques ferroviaires liés au changement climatique ? C’est le principe du projet qui a permis à nos trois IPSAliens de remporter la finale du climatekic 2019 Un très grand bravo à eux ! 👏,0
A thoughtful leadership - insights and change SDGs2030 ClimateKIC Eco_Inno_ALL ContChange InnovaForum vinnovase JKuylenstierna AndersWijkman LeadershipMatters,0
Looking forward / Excellent Sustainia! cc SustDevConnect ClimateKIC ClimateCoLab,0
Brainstorming en ClimathonGandesa para determinar soluciones que mejoren la gestión del agua en zonas rurales ClimathonTA Climathon GlobalClimathon ClimateKIC,0
"Sean Lockie of ClimateKIC points out that retrofitting can improve the value of buildings, as well as air quality, standard of life and human health 🧑👨 PrioritisePeople",-1
Sting &amp; EIT_Digital Test Drive final about to start! It will be exciting evening 🤩🙌 testdrive STHLMTech startups,1
Starting the second day of the first EITUrbanMob Online Scale-Up Boot Camp! eiturbanmobility powerhub urbanmobility smartmobility mobilitysolutions acceleratingsustainablemobility,1
CKICNordic ClimateKIC Looking cool! Congrats for the new ClimateKIC website! 🙌 /Amy,0
"Moteur européen de la transition énergétique, l'accélérateur InnoEnergyEU sera au CES2019 sur le stand ENGIEgroup, la concrétisation d'un partenariat de longue date.",2
Aaron Best who helped give life to ClimateKIC now making rather wonderful photos - see Desire Lines,0
RT DataMoove : Lancement du projet EIT_Digital PasTime avec nos partenaires: EURECOM frbruneteaux l_bottero,1
PaulJCDoyle talitaholzer waytoB_ EITHealth_UKI EITalumni DavidPollardIRL genemurphy akwyz TCDTangent you will do it Talita ! 💪🏽,1
SDinPraxis PCANcities Acclimatise e3g dee_are_dee katehamptongray KateRaworth GrainiaLong ResilientHague INETeconomics jasonhickel ResilienceFirst climatemorgan Resilient305 ResBristol Smithster76 meganrowling Milan is a key part of ClimateKIC’s programme on creating Healthy Clean Cities through innovation and transformative change. Great to see leadership.,0
".cutworkstudio is an EITeu ClimateKIC-supported is an award winning architecture and design studio founded on industrial technology, specialised in designing coworking and coliving environments. SlushHQ Slush18 MissionFinance CKICSlush ABBgroupnews",0
lightweightautomotive challenges in vehicles gestamp in EITRawMaterials conference at Circuitcat_es,-1
Happy birthday to _ChantalGarnier ! EIT_Digital,1
Confident about our future after intro statement of oikos presidents at makeeducation matter ClimateKIC,0
Europe's largest cleantech business idea competition over 28 european countries! ClimateKIC ClimateLaunch,0
Team Solar-Pott presents a win-win-win-win solution! 💪☀️💚 Climathon ClimateAction ClimathonEssen solarpower GlobalClimathon ClimateKIC ClimateKIC_DE,0
Johannes Mayer pitches Blue Inductive on Ecosummit TV at ECO16 London. wirelesscharging fundraising ClimateKIC,0
La FValenciaport se suma a la Convocatoria abierta a Start-ups de la Aceleradora de EIT ClimateKIC AutPortValencia,0
Handy new Transport_EU / EU_ScienceHub doc on 6700 EU Transport Research Innovation💡exploitable projects😎👀 Good to see inea_eu &amp; Horizon2020 incl. but I miss interregeurope &amp; keep an eye on EITUrbanMob BUS/EDU/RES innovation programmes!,1
PGS20 session with edgeryders alberto_cottica ladyniasan frankboons ClimateKIC: Resilient Livelihoods &amp; Behavioural Adaptation to COVID_19: What can we learn from the strange economy of the Messina district and other case studies? ⏰Today from 17.15,0
Come and visit ClimateKIC at our GreenZone stand at COP22!,0
"🌊🌐Ocean Energy: InnoEnergyEU, MinestoAB, Corpower_Ocean attend ICOE2018 🤝Meet us booth A125 ➡️ seanergy2018 ENR MarineEnergy RenewableEnergy eolos",2
"Team formation! The energy is building to find solutions to prevent, reduce or reuse waste from fashion, food and singleuseplastic! Climathon waronwaste climate_kic_aus ClimateKIC",-1
Actualización del Programa H2020 con la aprobación de ayudas: ☑️+ financiación para proyectos frente al coronavirus. ☑️convocatoria destinada a ‘green deal’ de EUeic ☑️apoyo a la investigación e innovación de iniciativas de universidades europeas.,1
Thanks ClimateKIC Valencia for hosting the marco_h2020 plenary meeting where we discussed taxonomies for the climateservices market!,0
El EITeu ha anunciado en el INNOVEIT 2019 celebrado en Budapest que apostará por el desarrollo de startups creativas y culturales de cara a 2021,1
Check out this interesting Spark lecture on plastics leading up to the Climathon hosted by Lund University siras3 Andreu Campos Candel Henrik Søndergaard linegry sollazophoniasd Climate-KIC EITeu CKICNordic,0
A punto de empezar la jornada de Nuevas fórmulas de electro movilidad aplicadas al sector turístico del proyecto europeo Electrotour organizada por ClimateKIC itenergia,-1
"Welcome to our jury! Karin Ebbinhaus from Almiinvest, Jeanette Andersson angle investor, Haakon Brunell from katapultimpact, ClimateSusanne from ClimateKIC Nordic, Johan Söderblom from WWF Climate Solver are ready to rule.Thanks for the great energy!mikkeltrym haxh EITeu",0
"Thanks to all supporters, sponsors, and partners so far! AITtomorrow2day EURightsAgency IACR_News ifipnews ForumPrivatheit EIT_Digital CredentialH2020 prismacloud LIGHTest_trust SECREDAS VIRT_EU FENTEC_Project BonseyesProject",1
We're thrilled to be part of ClimateKIC at the beautiful EdCentreCC.,0
The new economic models that determine city success GreenOslo2019 OSLO c40cities MarkWatts40 UCLGCongress MistraUrbanFut UrbanGateway via Mayors4Climate BarrySheerman ICLEI_ResCities ICLEI_advocacy TheEIU_Cities ClimateKIC LeadershipMatters,0
Really enjoyed our working session yesterday with the ClimateKIC Landscapes and Policy Innovation teams on new innovation paradigms and new economic thinking - read more,0
.ClimateKIC €Billions EU imports linked to illegal deforestation &amp; KillerPalm Is EU 2020 pledge achievable ?,-1
EIT_Digital Workshop Fit2perform kicks off with Jean Gelissen postexpo in room Oceanie. Programme till 14.00 hrs.,1
Peptomyc omomyc peptides against cancer ! JTN2017 EIThealth_FR EITeu EIThealth_FR startup pitches to Journalists Agoranov_innov,1
2 days to the ClimateKIC Masterclass Lean Startup by bernharddoll and Sven Asmus - register now!,0
Happy to be selected by the EITRawMaterials Accelerator Phase 2 after graduating successfully from the first phase. Sencept is extremely grateful for being supported by EIT Raw Materials team. smartmining autonomousvehicle,3
Slowly turning the ClimateKIC HQ into a jungle 🌴🌳🌿 GreenYourOffice Thanks hellopatch!,0
EU_Commission EITeu After countries like ITALY HAD NO HELP from the EU; now they are spending €60 million of YOUR MONEY TO APPEAR INVOLVED. StrongerTogether ButOnlyAfterItalyFoughtAlone!?,1
"sailtothecop GlobalClimathon ClimateKIC Be careful. Most eco-yachts have a ""Maximum Capacity of Twelve Baristas Onboard"" sign on them.",0
WeTek was featured once again at aicep news. We were 11th on Portugal 's best scale-up ranking by bgiaccelerator and EITeu.,1
"RT ClimateKICItaly: RT mikkeltrym: There is a real buzz going on at the ClimateKIC stand.. startups, investors, corporates... come by! CKICNordic NordicMade MICleanEnergyRD SlushHQ slush2018 cphftw",-1
"CLC Central meets Terra Nova Développement (TND), startup supported by EITRawMaterials! We wish loads of success to the team! tantalum",3
You are the future entrepreneurs ! Patrick Hartigan Master School Director EIT_Digital EITDigitalAcad innovation mslkickoff future,1
"EITeu Corrine Vigreux of Tom Tom tells INNOVEIT conference we don't have R&amp;D, everyone innovates at Tom Tom!",1
Equiping the Future Climate Entrepreneur ckicnordic ClimateAction. Thanks to FFEYEdk for support.,0
Contact us today to learn how EMP_HERACLIS can improve your organizations’ capacity to conduct trainings and evacuation operations NEO 🇨🇾 .eu_echo .eu_eeas .OSCE .EUeic,1
From yesterday's EITeu INNOVEIT showcase: theelectricfeel software to manage e-bike fleets! ThrowbackThursday EU,1
'This week’s ten biggest climate innovation stories' via ClimateKIC,-1
"Changing the world, one invention at a time winners Nerdalize ClimateKIC innovation",0
DYK that 70% of Europeans live in cities &amp; that urbanmobility accounts for 40% of all CO2 emissions of road transport? EITUrbanMob will give citizens an active role in the transformation of mobility to explore innovative solutions! EITCommunity H2020 EUInnovation,1
Presenting our circulareconomy for construction waste ideation project next Monday in Nicosia join us! CkicCyprus ClimateKIC,0
EIE19 ClimateKIC EdCentreCC it’s eco morning here at EIE!! BoxergyLtd IntelliDigest 4 out of 8 pitches if I count right....,0
OnePlanetSummit WorldBank will not finance upstream gas exploration from 2019 great news 😃👏 GAEFKENYA.IUCN. IUCN_business. andersen_inger. unep AfricaCRP.CKICNordic. dw_environment.EU_ENV. GCF_News. ARCapacity. AfDB_Group. adaptationfund,0
.EIT_Digital brings together 41 students from 23 different countries to apply their skills to real world challenges,1
What is your dream? startup amsterdam dreams ClimateLaunch ClimateKIC,0
MT siliconvikings: helyes NesteGlobal NOLLA minimal emissions cabin is the Finnish journey to a zero-emission future. By BINordic NordicMade NordicCleantech nordiccleantech cleantechfinland CKICNordic CTScandinavia CLEANcluster CleantechFIN,-1
Authorities and businesses can prepare for a new coronavirus outbreak or a completely new disease. Coronavirus covid19 BigData AI LocationIntelligence germandeeptech UltraHack EIT_Digital,1
This is what impact looks like. This is what can be achieved. Joining forces EITcommunity EITeu.,1
Un progetto ClimateKIC!,0
"A few things to ponder from futurice LSC: lean vs waste, service vs. thing, creation vs. plans EIT_Digital SummerSchool Helsinki",1
.Sensefinity is an EITeu ClimateKIC-supported start-up that is a 360-degree complete IoT tracking solution for businesses enabling end to end supply chain visibility. Meet them at SlushHQ! Slush18 MissionFinance,-1
Idea phase... 14 hours to go! Climathon helsinki GlobalClimathon CKICNordic,0
"edhesse79 AnaTrbovich wef gridsingularity EITeu Sorry Ed, Yes i watched that Video 🤩🔋 But Found that sentence on this article .. :/",-1
"What are the challenges of global training in the wind sector? The discussion is on now at the Safety, Skills and Training zone at WindEurope. Tomorrow, InnoEnergyEU will be on this stage to explain the skills evolution in his field. WindEurope2019 buildingtheworkforce",2
And thanks a lot bgiaccelerator for organising such interesting visits EITDigitalAcad summerschool Lisbon,1
"Gran éxito de participación en el Infoday H2020 de aaconocimiento y OTRIUMA sobre Tecnologías Futuras y Emergentes (FET)"" EUeic con el evaluador Manuel Ojeda de InfoUMA y NCP nicojeda77 contándo novedades de aplicacion de GreenDeal a los temas de InteligenciaArtificial",1
Et stærkt felt af grønne startups er klar til kamp i Gøteborg ClimateKIC cphftw sustainabletech BRGgoteborg,0
Inside Lukoton solution that won the Elisa Innovation Challenge competition at Slush 2016 EIT_Digital,-1
"Plastic is history! Booming global resurgence of traditional natural fibre crops like hemp. We use it to make healthy, high performing, low carbon buildings. Thanks scotent EdCentreCC ClimateKIC ZeroWasteScot AnaGallardo_SE ScottishEDGE UnlockingAmbition CircularEconomy",-1
Policy team pitching - direct shuttles! Climathon ClimateAction CSULB ClimateKIC cleantech innovation LB4Sustainability longbeach,0
EURACTIV FriendsArena miljotweets COP23Bonn Sustainability ClimateKIC,0
'Data is food for Artificial Intelligence' via EIT_Digital:,1
ktowens FreddieMartyn silvereconaward Roxane_Roth_ eu40 hadviger AllisonMColbert EITeu carmenpaun T_U_Nhu EsHuchet swheaton Done as well :),-1
"Tomorrow! The 2nd climate startup night from ClimateKIC, Europe's biggest cleantech accelerator at loftberlin!",0
ClimateKIC Un nuevo curso muy activo!,0
Find out more about the newest member of the EITeu Community EIT_Food -,1
Great to see fellow imperialcollege and ClimateKIC startup XiaobinZhao1 pitching at the HiStar_CHIEF finals,0
It's starting EdCentreCC ClimateKIC_UKI ClimateLaunch,0
This people from EIT_Digital really know how to do networking,1
More ExtremeWeather events will probably increase the number of landslides in parts of Europe already susceptible because of their steep hills and geological subsoil. ClimateChange Adaptation 🌞🌍🌡🌩🌪🌊 Via ClimateKIC DailyPlanet,0
Congrats to Anders Wijkman from ckicnordic on the appointment as Chair of the Governing Board of Association Climate-KIC.,-1
"UN chief praises China, US climate change deal via Reuters miljobloggen c40cities MistraUrbanFut ClimateKIC",0
Great to see 5 start-ups from the CKICNordic Accelerator as part of the Climate-KIC CleantechTop30 - You can meet them at Slush mikkeltrym haxh Ville Luukkanen PetriAllekotte Lars Gjølme Thomas Rundqvist,0
"📢👏 Big success for SilviaScaglione, coordinator of breast2bone FET_EU project: she recently won the best innovator prize by itwiin 2019! 🏅💡 👉🏼 Read more about B2B project: FET_eu EICpathfinder EUeic",1
"CLP17 help making the right decision. Your only concern should be,will you or your business idea profit from joining? BootCamp ClimateKIC",0
"EITDigitalAcad. EIT Digital Academy, a role model for the education of entrepreneurial engineers and doctors. A role model for cooperation in EuropeanUniversities networks.",1
3 years ago in Rotterdam ClimateKIC prototyping innovation,0
Our ClimateKIC_DE alumni startups take 1st landpack.de 2nd &amp; 3rd mycitytree at the NextEconomyAward ClimateKIC,0
"Are you a student or professional interested in emerging technologies, innovation and entrepreneurship? Join EIT_Digital SummerSchool to upskill and get hands-on experience of digital technology-based business development. Apply till 7 June 2020. More➡️",1
tech_eu had a look at our submission numbers tech startups EIT_Digital,1
GreenRoundTable Congrats gggi_hq 10 anniversary Happy to present EUgreendeal - chance not to be missed with COVID__19 spending for next generation BanKiMoonUNSG in attendance ClimateKIC tommitchell_kic MOFAkr_eng theGCF yannickglemarec FrankRijsberman DKAMBinKorea,0
"PeterFatelnig, Minister-Counsellor for the Digital Economy at EUintheUS, main organizer and co-host together with EITeu/EIT_Digital and open_austria at the EU/US event on AI in SF. Thanks for the good collaboration - I look forward to the next opportunity to work together!",1
.CKICNordic is happy to be hosted at the AaltoDesignFactory - a space known for great innovations NordicIdeation,0
Meet the European Institute of Innovation and Technology and see how they can support your business and innovation: EITeu,1
kalameko wants to gets plastic straws out of Greece! ClimateLaunch EITeu,-1
📢Today at 11h join the EUeic EUvsVirus award ceremony livestream with GabrielMariya. Let's find out the best solutions coming from the EUvsVirus hackathon! HackforEurope StrongerTogether 🎥,1
Opening of the EIT_Digital Digital Cities Summer School in Tallinn. Looking forward to great projects by the students for the Helsinki Tallinn FinEstBayArea at the heartofeurasia,1
Welcoming 76 DataScience students at mslkickoff. The biggest major between all EIT_Digital EITDigitalAcad EdnaAyme,1
"FREE ONLINE COURSE: Sign up for 'The Future of Farming' on FutureLearn today. Delivered by UniofReading and supported by ClimateKIC, the course will build your understanding of how farming will have to change to adapt to and mitigate climatechange:",0
Job: We're looking for a Business Developer for the ClimateKIC Building Technologies Accelerator,0
Pleased to see that the partnership to set up EIT_Food has been selected. Innovation &amp; education vital for Europe’s food sector EITeu,1
Opportunità per le Start Up nel settore del riciclo promossa da EITRawMaterials e il gruppo VeoliaDE Adesioni entro l'8 settembre,-1
Over 44 talents from 16 countries have benefited from Health Venture Lab Reactor programme. This acceleration⏩🚀 programme was created by GEHealthcare with the support of EITHealth. Find out more &amp; join this EITcommunity of international innovators:,1
". InnoEnergyEU invests in solutions in the area of energy, cleantech, mobility and broadly understood smart technologies. Thank you to Impactmobility rEVolution'18 PARTNER for the support!",2
Gipuzkoa ahonda en la gobernanza de EEGipuzkoa junto a ClimateKIC bajo el modelo de gobernanza anticipatoria del observatorio OPSI de la OCDE y con la participación de vinnovase,0
"We have some amazing news as we welcome another member of the EITalumni community, the EITHealth Alumni! Welcome!!",1
"10X Factory amazing, I want recommend this to everyone looking to scale their business and become a more confident specialist. deepusnath ande456 new_user_e768435e21 clydeleverett alebailly digitalumni",1
Electric trucks are necessary and coming anyway and this is not a Fake story read EURACTIV mattiasgoldmann AndersWijkman ICLEI_advocacy ClimateSusanne miljotweets PLarshans ClimateKIC usmayors ICLEI_USA sampweaver BarrySheerman transport,0
EU_Commission awards more than €278 million (both in grant as direct equity investment) to accelerate the growth of European companies with ground-breaking innovations. The largest funding round so far under the pilot phase of the EUeic EICAccelerator,1
𝟲𝟬 𝗺𝗹𝗻 𝗲𝘂𝗿𝗼 na krótkoterminowe projekty bezpośrednio dotyczące kryzysu związanego z pandemią - o Inicjatywie Reakcji Kryzysowej EITeu napisał serwis naukowy naukawpolsce coronavirus EITCrisisResponse 🇪🇺,1
"Así es!, concepto Scaleup como evolución de una Startup!. Así nos han considerado en Estocolmo en el EIT_Digital challenge 😁",1
"Go AntonellaBongi5, go! Antonella, coordinator of ves4us is now presenting the project on the 1rst EVsClusteringEvent. EICPathfinder. EUeic FutureTechEu REA_research IndexProject ves4us, evFOUNDRY FET_Gladiator MindgapO StampaCnr unibs_official UCYOfficial ISEP",1
"StephenF55 GeorgeMonbiot NewYorker collectcartoons kendrasita PabloSurGames BUPardeeCenter ClimateKIC RCClimate janot_reine davidgraeber StephanieKelton Thanks for this. I think it's also important to distinguish between national debt and international debt. The burden of international debt repayments on low-income countries is huge and hampers investment in health care, education etc for future generations.",0
It's day 2 at the EUW_live EUW17 Initiate Pit. Another great day ahead with our fab cohorts and the MSc Students from InnoEnergyEU.,2
"Hoy, nueva sesión online con sost_cdti sobre el instrumento de financiación Explorador o Pathfinder bajo el programa europeo Horizonte2020 EUeic 👉para proyectos disruptivos, que solucionen problemas/retos sociales con tecnologías radicalmente novedosas",1
Climathon Maria Bezzina DAAAHaus how to create furniture out of waste material vallettachallange ClimateKIC,0
"We are happy to announce a capital increase of 1,175,000 euros with the entry of Basarro 2005 SL in our shareholding. In the same operation, InnoEnergyEU , which already collaborated with us, has made a commitment as a shareholder. More info in:",2
"🇨🇾Cyprus can be a test-bed for opportunities around knowledge&amp;system transformation, demonstratng a possible future through ecosystem innovation,in a land sourranded by enormous territorial challenges.KirstenCKIC ClimateKIC, today in Cyprus, Designing innovation ecosystems! 🇨🇾",0
Breaking: EITDigitalAccel scaleup streamrinc deploys smart contracts on their data streaming platform via ethereum. Read full article:,1
"sthlmtech Ingmar Rentzhog, Cofounder/CEO WeDontHaveTime0, inspired by algore is riffing on MeToo to save the climate. By BINordic NordicMade NordicCleantech nordiccleantech CKICNordic CTScandinavia DKCleantechHub CleantechFIN",0
Startup SmartCat from Novi Sad has won the second InnoEnergyCE PowerUp! competition in Serbia with its innovative software Optimus Power for optimization and control of electricity consumption.,2
So endlessly proud of these guys - and glad that ClimateKIC supported them on part of their journey:,0
.ClimateKIC €Billions EU imports linked to illegal deforestation &amp; KillerPalm Is EU 2020 pledge achievable ?,-1
"bendotvc EUeic This is how we understand capitalism in the EU. If something doesn't work,we set up an institution about it so that at least some EU officer gets paid while it still doesn't work.",1
Have your say on the future of the EU &amp; how we power innovators &amp; entrepreneurs across the 🇪🇺! ThistimeImvoting EUelections2019 EUandMe Europarl_EN EP_Budapest ClimateKIC EIT_Digital EIT_Food EITHealth InnoEnergyEU EITManufactur EITRawMaterials EITUrbanMob,1
.JMDBarroso's EITeu concept was visionary. From day1 vested interests in MS and EU_Commission tied it down badly,1
weareKONUX DigitAlumni EdnaAyme utum_muc NEA,1
ClimateChange in 4 minutes by ClimateKIC Chairman Schellnhuber via EUClimateAction,0
Our ClimateKIC_AT alumni making the big news. climateKIC EITeu wohnwagon A €3m Designer Eco-Village Is Coming To Austria's Lush Alpine Hills via forbes,0
The 1st smart glove for industries – interview w/ EIT_Digital Challenge winner ProGlove via EU_Startups,1
Well done Adam on an excellent Climate KIC pitch! Hoping to see a speedy renewable energy transition adamwoodhall ClimateKIC EbrahimKIC,0
"New ClimateKIC sustainable event with ideation, new knowledge, networking &amp; fun! Tak Peter Skov &amp; Lars van Hauen EONDANMARK ! climatekic",0
CalmarZil EUeic I fully see your Point. It really seems they might turn this once excellent programme step-by-step into a lottery,1
.ClimateKIC despierta el interés de empresas y startups. En unos minutos el turno de AVAESEN,0
"Many LERUnews congratulations to Martin Kern, (finally) appointed as EITeu director ! Very much deserved ! Success Martin ! Kurt",1
Moments before the inauguration of EITManufactur at Nano-Innovation in Paris-Saclay. Bienvenue dans la famille KIC EITeu ! Welcome to the EITeu KIC family! ClimateKIC ClimateKIC_Fr,1
We're ready to start EITRawMaterials Breakfast Talks at SlushHQ 2016! rawmaterials slush16 startup entrepreneurship funding EU,3
CityOmeters and EventOmeters by Fluxedo_app at expo2015milano. Thx LSpallino fuorisalone EIT_Digital bigdata,1
helsinkiuni SlushHQ nokia pvesterbacka alexstubb MercedesBenz Nasdaq liaonet algore awscloud HeForShe juan_diaz_diaz talouselama bbcrussian kazaston 500Startups katjapresnal jeffpulver esa hsfi ClimateKIC redpuntoes CoolPastPics twiitit andy_woodfield Keep up the good work helsinkiuni! We have one of the best education systems in the world – thousands of reasons to tweet about it. 👌🏻 Slush17,-1
AdrienDockx MaximoTorero DrSineadFurey juliadehm latrobelaw DavidJWatson82 andreaisabeldc n_zerbe paulkeenlyside malilae TheCode_Doc MickieTheMasher soilfoodsociety teralytic MisrakYifru Nahuatal manueloteroIICA GreenpeaceUK Ju_LeGall ClimateKIC CSABooster,0
Join ClimateKIC MayorofLondon UAL and UKFT to develop future ideas for London's fashion industry - deadline is Monday 20th Nov - hurry! CityChallenge CLimateKIC_UKI,0
ClimateChange in 4 minutes by ClimateKIC Chairman Schellnhuber via EUClimateAction,0
Our entrepreneur Rajai Aghabi talks to EITeu to about the latest development of EOLOS.,1
"AideenODoc RichardbrutonTD ClimateKIC He talks a good game, let's hope he can deliver. I read the previous iterations and was so excited to see a section dedicated to culture and behaviour change. Pages talking a good game but only a mention of one intervention, the Green Schools",0
Nature Based Solutions like the Bosco Verticale in milan Greening the city of utrecht presented during the ClimateKIC media tour,0
"Marlene Haas schildert in ihrem Erlebnisbericht den Verlauf des Climathon 2017 in Frankfurt/Main, mit dem Motto ‚Plastik – Reduce.Reuse.Recycle.‘. climathon ClimateKIC",0
"EITeu well done Europe, what happened to manufacturing? A big disappointment for the community,",1
"Friday evening read: TheMemo about saying ""Sorry"" in 2016 and EIT_Digital supported startup SorryAsAService",1
Alle 500mila persone che hanno manifestato al suo fianco GretaThunberg ha ribadito che la speranza sono loro. E che non si arrenderanno. Cop25Madrid2019 COP25 COP25 ClimateKIC,0
How The Paris Agreement’s Mysterious Article 10 Could Solve Climate Change krptndr ClimateKIC,0
Willst du innovative Ideen für die Energiewende umsetzen? ClimateKIC‘s Open Online Course hilft dir dabei!,-1
Ari Virtanen giving Kone (EIT Digital partner) key note about the Best People Flow EIT_Digital Helsinki Results Day.,1
gemmamilne thoughtforfood_ ClimateKIC RAEng_Hub Lindy Fishburne Katrin Burt,0
"Ocean thermal energy remains one of the world’s largest untapped RenewableEnergy sources. BlueriseBV, a climate-kic start up, is generating utility-scale electricity through Ocean Thermal Energy Conversion and therefore on the EUTop50 list 9EIS ClimateKIC",-1
"Gran iniciativa de dipuAlicante , y de su técnico Jorge Blanco, parte de la comunidad ClimateKIC y de PIONEERS El compostaje comunitario puede ser clave en la gestión de residuos municipales: reduce tratamiento y transporte, y valoriza el resíduo",0
"”We need change in business-as-usual and systemic transformation in economic, social and financial systems to achieve climate-neutral societies” Kirsten Dunlop, CEO EIT Climate KIC in Nordic Partner Day. ClimateAction ckicnordic helsinkiuni",0
"Join the other Nordic cities of Oslo, Malmö, Aarhus, Copenhagen &amp; Trondheim. CKICNordic is ready to assist.",0
"Our exclusive WeStandTogether webinar for ecosystem enablers that aims to create an open discussion on funding for EU projects w/high profiles speakers from EUeic; TechBBQ; BalticSandbox; and FRdigitale is one week away! Don't miss out, apply now:",0
Japanese Technology at its best: Innovations at Tokyo Olympics ClimateKIC c40cities CA2016Summit ICLEI_Europe,0
We are looking forward to October when our inspirational ClimateKIC Startups navlandis and hawadawalabs have their chance to win the EITAwards for the venture category! ClimateKIC_DE ClimateKICspain climate innovation,0
"Kern Interim Director EITeu presents EITFood as real success story👏 EITday. Thank you 🙏, glad 2 be part EITcommunity. Research4FutureEU",1
Today we're attending the InnovationDay18 at EIT_Digital London. Stay tuned for the latest on deep tech scale-ups and the trends in the UK digital innovation sector.,1
Bristol commits to be carbon neutral by 2050 reports Mayor right now at COP21 SIF15 ClimateKIC JourneyToParis,-1
The latest The Yircx News! Thanks to EITDigitalAcad SailCoach AhsenNaseerPK startup startups,1
Join us on 4 April in Stockholm to discuss how SmartSensors and DataAnalytics can improve physical training performance and motor recovery! wellbeing gamification BegonyaOtal Wahslen Racefox_coach MichaelCollaros KineticAnalysis…,1
"ROCKWOOLInt ClimateKIC BPIE_eu c40cities anthesis_group ECDArchitects TeicosGroup CitiesAlliance EU_BUILDUP IFHP HLArchitects Wow this is ironic! So Rockwool, how come you want to dump all your pollution on the children of West Virginia? 🧐",0
The winner of InnoEnergyEU Powerup Turkey Final. sucool inoventventures SabanciunivALP,2
"El ClimateKIC es la mayor iniciativa europea para la innovación en acción climática. El Pleno del Ayuntamiento acaba de respaldar por unanimidad la adhesión de MADRID. Clave para nuestra ciudad, donde se coordina desde el Área de Internacionalización.",0
Flying taxis are real! ClimateKIC supported startup Volocopter gets $30m investment EITCommunity innovation,0
RT ClimateKICItaly: Finanza Piergabriele Andreoli Aess Grazie agli strumenti finanziari oggi possiamo coprire 85% di un investimento a scala di condominio per efficienzaenergetica e sicurezza. Neighbourhood Economics ClimateKIC,0
"jakobsteen CKICNordic voltrics_uk TimoNurminiemi You've been quoted in my Storify story ""SLUSH 2016""",-1
"The EITeu Digital Challenge 2020 invites digital deep tech scaleups across Europe to apply. Apply now to pitch your solutions at a corporate and investor event, receive 12 months of tailored support, and a chance to receive a cash prize of €100,000:",1
"Got a great low carbon business idea? Apply by Thu for &lt;€10,000 + dedicated support from ClimateKIC Accelerator",0
9 InnoEnergyEU RenE MSc will receive their degree today Polytechnique renewableenergy renewables,2
CAREERS &gt; Carbogenics is recruiting! ECCI Ideas Lab and ClimateKIC alumni Carbogenics is on the hunt for a biotechnical engineer for a new ZeroWasteScot funded project. Closing date is 21 July:,0
Well done to all of our nominees who have done amazing work so far. Best of luck in the upcoming EITAwards 🤞 INNOVEIT Healthcare Europe EITCommunity,1
WAKE UP .. Inget jävla ---&gt; Köns apartheid Nationalism Extremism Krig Terror Jämställdhet fixar allt ovan. sen ----&gt; Klimatet hotet behöver all uppmärksamhet.. miljö ClimateReality ClimateAction miljö CKICNordic klimat mat WAKE UP ... WAKEUP WakeUp,-1
The BeeHive Univercity pitching Climathon ClimateAction CSULB ClimateKIC cleantech innovation LB4Sustainability longbeach,0
Couldnt help a selfie with Fearlessgirl and theofficehubIE from SusNatIrl before the kick off of MissionFinance climateKIC Climate Innovation Summit!,0
ClimateKIC I've got an idea. Using Hemp for all paper &amp; wood products. Synthetic wood is stronger &amp; lasts longer. You can even make clothing from hemp. Hemp is regrown every year vs 10-20+ yrs for trees. Then we save the trees for cleaning our air. Simple &amp; saves lumberjack lives.,-1
What a day in Malta! Interesting discussions on how the EITCommunity can help local innovators expand their ideas across Europe! 🇲🇹🇪🇺 Learn more ➡ H2020 EUInnovation HorizonEU,1
SFTBoox thedancingflea AstonUniversity ClimateKIC ImpactHubBrum poczero New St has some catching up to do!,0
Inspiring IoT CTIT17 UTwente peterlangela HinkeMulder WPontenagel EIT_Digital DutchBW pitching,1
American Mega-Fund invests in ClimateKIC Cloud Heating Start-Up,0
RT edwardmeinert: Common themes in bigdata for health eHealthImperial imperialcollege EIT_Digital,1
EITalumni digitalumni EITeu WEHealthEIT EITRawMaterials EIT_Food StartupEventsEU InnoEnergyEU EITHealthAlumni cKIC_Alumni Paris_code DataScientest__ DigitalSkillsEU DSMeu SAPNextGen ortfrance wef rosenbergann SandraMoerch ceabec,1
Martin Kern EITeu opens session on 'Open Innovation in an Open World' STOA,1
Cloud4Drones: Echtzeitdaten von Drohnen auswerten. Entwickelt von EIT_Digital mit Reply,1
Tillit till digital datahantering nödvändigt för innovation – GDPR och säkerhet EIT_Digital Innovation day 7/12,1
"EITeu Stop importing poverty in europ, that would improve our health and Future.",1
shortcourse masterDIA HealthAging innovation on new ingredients UniBarcelona crai_ub Prof Torres from CSIC DPE_CSIC EITHealthAlumni EITHealth EIT_Health_es EITalumni,1
First meeting of the Ireland-Spain team at tcddublin to develop the MOOC mammi_tcd funded by EITeu womenshealthaftermotherhood SagefemmeSB FAMEmatronas amartinarribas,1
"Fast-track your idea to manage climatechange with the support of ClimateKIC, MunichRe and ERGOGroup! Apply for the 2nd sidecall until 25 Jan &amp; receive up to €95K for your cleantech start-up respond2CC",0
Very efficient investors take 3 sec to decide investments KenPMorse at masterclass ClimateKIC cleantech startup,0
1 day to go. Don't miss out. Hackathon-in-a-box Cluj EIT_Digital,-1
Mmm breakfast time in Birmingham - healthy and climate friendly just like our Climathon challenge!! ClimateKIC_UKI,0
Europeos_CSIC en el Proposal day for Eit Raw Materials EITRawMaterials 🇪🇺🇪🇺,3
Muchas gracias a EIT_Digital por asesorar en esta MAWsaludOnline a cada uno de los proyectos seleccionados sobre innovación,1
We are expanding our network to provide better support for energy startups in Turkey. SUCOOL team @ EITeu InnoEnergyEU Hub Summit in Riga.,2
Daily Planet: Cleantech Stocks Soar — COP21 Women — Climate Angels ClimateKIC hubculture JourneyToParis,0
"🗳️Vote &amp; share with family and friends with just one click to make Zeleros win one of Europe's most popular recognitions, the EITeu Venture Award! 🏆 You can vote here: hyperloop transport Europe INNOVEIT EUinnovation sustainabletransport",1
"Josep M. Piqué, maestro de ceremonias en Lightweight in Automotive de EITRawMaterials que empieza mañana en Barcelona!",-1
"[Debate] An EU industrial strategy towards climate-neutrality Join Ifri_energie and InnoEnergyEU for a day of roundtables about the human, policy and financial dimensions of the shift towards climate-neutrality. 🗓️ Thurs., Nov. 21 📍Brussels",-1
Day 1 innoenergyEU GCIC is over. Who will win xtngroup's Challenge. Our winners board with XTN Group CEO bjornbekkevold,2
"Innovation in SmartCities of the future - Part XI, FutureCities En EIT_Digital",1
"Join SPARK! organised by ClimateKIC next week! MikiBallester &amp; jkluijver, CtheLoop founder, will be speaking.",0
FelizViernes! Ya queda menos para la celebración del 1er Congreso Internacional sobre urbanismo sostenible. Hablaremos del futuro en RethinkingCities con amigos de la talla de ClimateKIC UPV IDEASUPV AVAESEN TU_Muenchen itenergia Obremo_ES,0
Do you feel urged to dig deeper into energy related projects? Have a wish for constructive dialogue with the consortia partners in EnergyLabNordhavn? 💡 Come join us on 27 February! Sign up now! EITeu ClimateKIC runekirt stateofgreendk,-1
TUDelft Rob Fastenau adresses the need for Life Long Curiosity to keep up with the speed of changes by the EIT_Digital Transformation,1
EITeu willemjonker G_P_Dimitrov EU_Commission EU_ScienceHub EU_Growth EIT_Digital EITHealth EITManufactur SoeHaaEU my twitter account is being used in your name. Please get EITeu to correct it,1
Site visit to Infraserv with ClimateKIC PhDSS17: At the heart of the chemicalindustry in Frankfurt talking waste and energy demand,-1
"Participants in the ClimateLaunch bootcamp this Thursday and Friday at KCIC are bringing innovative ideas for watermanagement, agribusiness and more. ClimateKIC CLP18",0
Estonian Scaleup DigiFlak Joins EIT Digital Accelerator to Boost Global Expansion EIT_Digital EITDigitalAccel,1
Congratulations to our InnoEnergyEU KU_Leuven MSc Energy for Smart Cities alumni and his start-up flexidao for winning this award!,2
Join EIT_Digital in Hungary. We are seeking a CLC Manager,1
"Apply now for Europe’s largest cleantech business idea competition, a ClimateKIC programme, before 04/30 ugent",0
Our founder attends workshops to Identify the right patterns in the supply chain to mitigate climate change and reduce risk ClimateKIC homepod startups buildings architecture iasi romania sustainability sdg climatechange frankfurt ProvadisSchool germany,-1
Neb is battleground over fate of Keystone XL pipeline project via guardian ClimateKIC lizsalandar 10223335,0
So happy to be inside! PioneersIntoPractice 2016 ClimateChange ClimateKIC EITeu,0
Straf cleantech idee klimaatverandering? Realiseer je idee met ClimateKIC accelerator en win €10.000. Deel op CLP17 vóór 01/05/2017!,0
Excited to see Z1MMERMANN compete for the EIT Change Awards tomorrow at day 2 of INNOVEIT 2015 EITeu ClimateKIC,0
"Interesting panel ClimateKIC MissionFinance on how SME sustainability engagement, greenloans &amp; microfinance could be game changers in the energytransition towards a low carbon economy.",0
"Joaquin Arias, from EIT_Digital and IMDEA_Software , presents his plans and ideas for his PhD dissertation.",1
EIT Festival at Aalto Oct 2nd discover EIT innovation communities in Finland. Event organized back to back EU Presidency events for Sustainable Circular Economy eitfestival PetriAllekotte AaltoUniversity InnoEnergy_S CKICNordic ClimateKIC EITeu,-1
"EITRawMaterials Summits_World Hello EIT Raw Materials team, looking forward to connect to the concern person to be communicated to in this regard.",3
"Digihacks awards session | The winner for the challnege: ""make ICT accessible for all"" DigiEduHackMainEvent DigiEduHack FITech_ EIT_Digital AaltoUniversity AaltoOLE education EUDigitalEdu UltrahackHQ",1
"groninty ichthion innovateuk KatapultOcean UKSINet EduSuperiorEc PhDenEcuador ClimateKIC_UKI WestLBusiness Grantham_IC imperialcollege Nina_Jensen Felicitaciones nuevamente, un megalogro! orgullonacional",0
.InnoEnergyEU lanza una convocatoria para startups de almacenamiento eléctrico. El plazo está abierto hasta el 30 de octubre y hay un premio en efectivo de 100.000 euros,1
ClimateChange is a global challenge which affects people from all over the world. This is a motivator for many climatejourney participants to tackle this issue and restore the health of our planet. EITeu ClimateKIC ClimateAction,0
Aaand one more climathonlund article! 👍🏻 climathon CKICNordic,-1
"The goal of gridscaleio, scaleup finalist EITDigitalChallenge EITDigitalAccel, is to be the worldleader in enabling autonomous datacenters. Ambitious opening of a pitch. Let’s hear.",1
Our founder attends workshops to Identify the right patterns in the supply chain to mitigate climate change and reduce risk ClimateKIC homepod startups buildings architecture iasi romania sustainability sdg climatechange frankfurt ProvadisSchool germany,-1
Great portrait on former EITDigitalChallenge winner &amp; EITDigitalAccel supported scaleup Tinnitracks (in german),1
digitalumni EITDigitalAcad AndreyICT EITalumni EITeu EIT_Digital EITHealthAlumni Ooooh how sad.,1
Climate resilience &amp; mitigation innovations under development in the Galway Innovation District at Galway Climathon 2018 hackathon run by nuigalway ryaninstitute in portershed with tech_innovate ClimateKIC,-1
"The voting for the Top100 Swiss Startup Award is now open! Some ClimateKIC startups and alumni are also represented, such as AgroSustain carbondelta SwissVault GaiaMembranes and GRZTechnologies. Vote for your cleantech favourite:",0
Climate -KIC Urban Challenge event is kicking off in Malta! We are very excited to hear all the pitches ! ClimateKIC gonkademir,0
The ClimateKIC Daily Planet returns:,0
"idilgaziulusoy RSDSymposium Yet not for any lack of connecting to these programs, as FlourishingEnt has a continuing relationship with ClimateKIC for ex, it takes time to infuse design research through projects.",0
"The power of local action, in 40 inspirational examples from all over the world: welcome to the new ClimateKIC report in our knowledge library! municipalities cities CEStakeholderEU",0
Mwemz from Treebags Africa which manufactures biodegradable plastics from cassava. CLPKe19 CLP19 ClimateLaunch ClimateKIC wesustainafrica,-1
"ClimateKIC doctorow ExtinctionR edgeryders EITeu Check out the work of KateRaworth for a science-based ecological economics - a world where business excels, humans flourish *because* nature thrives FYI Dlc6David",0
"Loves new ways online bespoke shirts will be consumed, prosumed and produced! follow Effra roadmap EFFRA_Live MFjoin EITManufactur",-1
Visit to MUSE!! TOPSTARS HIT_trentino EITRawMaterials,3
"Après un 1er jour intensif, la climatejourney17 se poursuit avec la construction de busines sur models bymaddyness climatekic sfoucart",0
ClimateSusanne it was great to have u and hear how you are boostimg climate innovations across Europe ClimateKIC,0
DEX_IC DanubeAccelerator DEMODAY final pitch: Health Inspect introduces their surveillance services to help to seniors in emergency situations. Interreg_Danube Interreg_CZ startups tyinternety czechcrunch Lupacz DSMeu EIT_Digital LibereckDrbna Libereckykraj,1
"Well, that's exciting: 40 cleantech startups from all over Europe are meeting in Vienna to pitch their ideas in front of the impacthubvienna community ClimateKIC RIS",0
Climate-KIC Master label programme kick off in Paris! Good luck to the future climate entrepreneurs! ClimateKIC_Fr ClimateKIC I4CE_,0
WHAT'S COOKING? - From top EU incubators &amp; accelerators of tech startups w/ EITDigitalAccel SpinLabLeipzig,1
EIT_Digital EITDigitalAccel can't wait to see gettanker video! VivaTech,1
Voting closes soon for the 2018 EITeu PUBLIC AWARD! EIT Digital nominee Maria Kanov needs your support to win in the WOMAN category! Vote here: Find out more about her @: EIT_Digital EITAwards EITCommunity,1
Herzlichen Glückwunsch an SirPlus_de: Das Startup aus dem ClimateKIC Accelerator wurde als bestes Startup beim BSP GründerCampus 2018 ausgezeichnet.,0
The IMDEA Software Institute and EIT_Digital as organizers of the chainrEaction hackathon would like to thank the TezosFoundation for sponsoring the monetary prizes for the winners. Your help has been fundamental for us and for the participants❗️,1
"Three years ago I tried to explain the Lilium jet concept to a group of of engineers from a German Car manufacturer - ""Technically impossible!"" Congrats to DanielWiegand_ and the team for sticking with their dream! vtol emobility ClimateKIC EITeu",-1
ClimateAction India builds roads with plastic waste. ClimatChange SDG2030 Planet People Kamatacha Droit_IA jblefevre60 AliceVachet chboursin _SChmielewski andi_staub HaroldSinnott ArnaudLeRoux Alex_Barillet willsmith ClimateKIC india,0
Well done AkitakaFujii Walk The Talk! IF2015 ClimateKIC,0
GET IN THERE!: Apply by 24 January to start your climate-positive career path with ClimateKIC. Edinburgh startup accelerator or preincubation Greenhouse,0
"Nida Ozbolat from Joint Research Center (EU_ScienceHub, S3Platform ) explains the collaboration mechanisms between RIS2 and EITeu NERDAbxl",1
"Use your last chance to counter ClimateChange &amp; apply for Europe's largest CleanTech Accelerator ClimateKIC by July 29! 🌱 €95k, coaching, network - no equity taken! tech accelerator",0
"Our rules&amp;norms will make us extinct. We ‘conserve’. Only what we see. Only what benefit us We need system accounting, maintenance focused finance, civil servants participatory capacity🐝🍄🌳 Honoured to have joined TreesAsInfrastructure workshop. DarkMatter_Labs ClimateKIC",0
Retweeted Climate-KIC Nordic (CKICNordic): JustineVanhalst liquid_us Aurora_Cons gullamar1 You've been...,0
"Unicorns are growing, expecially in the software sector, IEEEsmartcities expert rsaracco of EIT_Digital explains:",-1
"Sustainia ClimateKIC Thanks, eimii_au Sustainia !",0
Congratulations TrucksOnTheMap on winning the Climate Impact Battle at SlushHQ! It was great working with you this week in Helsinki. CKICSLUSH CKICNordic slush17,0
"Initiate! EUW19 inspiring students’ ideas on communities engagement for energy transition organised by InnoEnergyEU - various media to be used, platforms",2
"MISSIONFINANCE Minister for Communications, Climate Action &amp; Environment RichardbrutonTD takes to the stage to launch the Financial Centers for Sustainability Europe FC4SNetwork in Dublin with ClimateKIC SusNatIrl climateweekireland",-1
"RichardbrutonTD ClimateKIC Dept_CCAE campaignforleo RichardbrutonTD believes that ""engaging with citizens through the citizens assembly has been very valuable in Ireland"". So why not listen to their recommendations on climate? carbontax climateactionnow",-1
.ClimateKIC: European regions unite to strengthen push for lowcarbon innovation,0
Thank you so much. Amazing group. Good luck with your ideas everyone ClimateKIC_CH ClimateKIC ETH,0
"bjornhovstadius RT: ""At sthlmtech with our wonderful team of EIT_Digital biz devs",1
"Are you ready to scale up? 🚀 Visit: Apply for the 7th edition of the EIT_Digital Challenge, the pan-European competition for deep tech scaleups, and become the next European success story!",1
SET TechFest19 exhibiting startup: DABBEL_Ai: The AI Building Management System that turns your building into green and healthy spaces in just two weeks. They will be exhibting along with ClimateKIC on April 9th in Berlin. Tickets online now,0
Pitch by johantoll Nasdaq on blockchain internetofvalue only spend it one time connect2capital gbgftw chalmersftw ChalmersIndustr InnoEnergyEU,-1
TradomGlobal TabiJoda1 YouthEnergyTech YouthSDGs UNEP UN_Water Waterpreneurs biomassconsult Ayushchopra24 franknno guardianeco BBCNews PlanetEarthBBC shyamchaturvedi AmicusHQ sethbannon ClimateKIC giz_gmbh EBRD satyatripathi ObamaFoundation elamadej Thankyou TradomGlobal,0
Debating about purpose and values of cKIC_Alumni in CKICheroes17 EITalumni ClimateKIC Rotterdam,0
Tech startup fighting climatechange? €95k+ no equity up for grabs ClimateKIC Accelerator. Apply until 13.08.17,0
Climathon ValenciaPort The Wave GlobalClimathon FValenciaport AutPortValencia ClimateKIC,0
Nordic Urban Way at EurActiv GlobalUt JKuylenstierna barbaraevaeus miljobloggen CKICNordic MistraUrbanFut,-1
Join us in Bologna for the EITeu ClimateKIC Catapult PhD autumn school on urban resilience! Apply now: sustainability climatechange urbanplanning,0
Challenges for future mobility in urban cities tackled by the best knowledgeable country towards green mobility EITRACE2019 EITRMAcademy cyrclemagalini dloisga,1
Looking forward to the British/Irish EITHealthHS16 in Dublin :) EITHealth EITeu,1
".EITeu ClimateKIC, in partnership with ABBgroupnews, will showcase its 6 finalists &amp; 24 more of its most promising cleantech ventures at SlushHQ during the finals of the Climate Impact Battle on 5 Dec. Reserve your spot now! Slush18 MissionFinance",-1
"🍓Access to healthy, affordable, fresh food has always been crucial, but especially during the challenging time as this crisis. Thus, we are now keeping the deadline open until 31 May! Take the chance to make a difference🥕🍽️ EIT_Digital DeepHack",1
".EIT_Digital is aligning w/ FIWARE to empower global impact, Europe based, within worldwide digital market FIWARESummit WillemJonkerNL",1
Kirsten Dunlop CEO Climate-KIC in Helsinki inspiring pathway to tackle climate change at CKICNordic event ClimateAalto helsinkiuni,0
Congratulations to Ioannis Tarnanas from altoida on winning the 2018 EIT INNOVATORS Award! Learn more about this innovation supported by EITHealth ➡ EITAwards EITCommunity EUInnovation HorizonEU H2020,1
Great Job! karinoostt My Dutch Colleague opened Wellcome Address of the EIT_Digital MSL kickoff17,1
Kicking off the EIT_Digital school year at Aalto University. :) eitdigital aalto TechForABetterFuture,1
Αύριο το πρωί στο Τριτο του cybc_com_cy (09:30) ο SteliosYiatros από το CyUniTech θα μιλήσει για το ClimateKIC ClimateJourney ! Συντονιστείτε! Αιτήσεις στο,-1
Mike Cherrett EITeu Climate KIC innovation Framework: This is how we work,0
Launch of the brand new Fabtotum Core. Supported by EIT_Digital startup scaleup 3Dprinting 3dscanning milling laser ops...😉,1
"For the past weeks, we have been fortunate to follow a group of changemakers participating in the ClimateJourney 🌍💚 Interested in knowing what these young minds have been up to? Have a look! ⬇️ EITeu ClimateKIC ckiclearning uni_copenhagen",0
"sebsoleille ClimateKIC Indeed, in case corporations would (1) commit to a Quantitative Statement of GHG Reporting Completeness and (2) accept some LegalLiability for the QSC, SelfReporting could be effective. SmurfitSchool cojotheo riyongkim txarlinestx CarbonBubble SusNatIrl ClimateKIC",0
datascientist is the best job in America EIT_Digital EITDigitalAcad,1
"🧑‍🔬 susanasolisp, ponente de RenewEurope en el informe EIT, defiende un EITeu que impulse la capacidad emprendedora en la UE ""El EIT se diseñó para ser fábrica de crecimiento y empleo. La innovación no es un lujo, sino una necesidad, y catalizará la recuperación sostenible""",1
EIT_Digital create future tech talents by combining Innovation &amp; entrepreneurship skill sets with academic skills tech london davebarna,1
AnthonySalcito mentioning bridging job needs to adaptiveLearning paths to create this merging of the best of AI and learning (fits InnoEnergyCE project I am addressing from the educational side,1
Local and regional leaders summit in Bonn - a summery ClimateKIC ClimateSusanne malmostad SharingcityGbg GlobalChamCPH Stockholmsstad nordicsolutions at cop23 GodmorgonSthlm SR_gmvarlden svpol AndersWijkman abjartnes usmayors EUROCITIEStweet,-1
The ClimateKIC champions present their solution at COP21 congratulation ROCKWOOLInt DTUtweet VELUX COWI,-1
"ICOE2018 will probably interest you, your members, students, researchers, companies ENSM CentraleNantes ENSTABretagne IUTStNazaire EnergieSorbonne PRESSECEREQNeopolia_ PoleMerBA PoleMerMed IRTJulesVerne Min_Ecologie InnoEnergyEU InnoEnergyFR SGMer Spread the word!",2
Empowering women to take positions of leadership will ensure the success of businesses EITawards EITcommunity EIT_Food EITeu,1
Find out which Climate-KIC student has been nominated for the EITeu CHANGE Award innovEIT EU education,0
Welcome members EIT_Digital VTTFinland antropiaessec startinpost iconiclabvc indigramLabs startup_mission vcatsindia 01Booster CubicalServices mzehub TheNestiO GazaSkyGeeks BIOCANT1 TheClothingBank ISDI_edu neapolisvng MWCapital Agora2030 studiognmsu TowsonU,1
"Digital Assembly 2018 Sofia; Europe steps up its Digital ambitions. A lot has been achieved, much more ahead: AI, Cybersecurity DigitalIndustry DigitalSkills DA18eu GabrielMariya ViolaRoberto EIT_Digital",1
"EITeu thanks for sharing EIT, have a great Wednesday :)",1
Hoping to find interesting tech companies for our EITDigitalAccel and our EITDigitalChallenge at StartupOle,1
Cu tomorrow EITDigitalAccel!,1
Excited to meet cleantech start-ups from all over Europe this week. Parity Platform will attend ClimateKIC international bootcamp in Frankfurt on May 08-11. Newsletter Website fintech finance energy startups investments,0
EITdigital18 Ecco tutti gli espositori all’evento sull’ innovazionedigitale in Europa Appuntamento a Bruxelles l'11 settembre EIT_Digital,1
Continúa abierta la convocatoria del Consejo Europeo de Innovación EUeic para financiar proyectos innovadores de pequeñas y medianas empresas frente al coronavirus. ➡️164 millones de euros en financiación. 🗓 Hasta el 18 de marzo 👉,1
Competing at today's Swiss BestClimateVenture LEDsafari Carbotopia WATTELSE younergy zgHeinrich Adaptricity GOOD LUCK! ClimateKIC,0
kate_ckic ClimateKIC sollazophoniasd fabienne_ckic pamr83 linegry PeterKoziel GlobalClimathon CopernicusEU EbrahimKIC cKIC_Alumni EbrahimKIC iRBansal are popular on social media now with 12k likes..... More than LeoDiCaprio RealHughJackman 😎😎😎😎,-1
"AlexRonda LIDIAGULLON FGP_ETSIME EITeu Mining_Barbara ayma_mining Y con comentarios como estos de nuestros visitantes, poco más nos queda decir, sino gracias a Europa School Sevilla",3
COP23Bonn UNFCCC ClimateKIC AndersWijkman ClimateSusanne WRIClimate CDP c40cities EURACTIV,0
You can catch up with the webinar recordings from the Resilient City Infrastructure Network here And join in the conversation| With ResiliencBrokrs ICLEI_ResCities imperialcollege ArupGroup Rezatec DFID_UK ICLEI_Europe ClimateKIC ResilienceIO,0
Smart Sustainable District Utrecht als case tijdens ClimateKIC journey2015 met CU2030 GemeenteUtrecht en usi_nl,0
"We can't afford the cost of inaction against climate change. A culture of risk is needed; risk implies responsibility. Innovation must work for the greater good. Passion yes, but with conscience and collective intelligence. ClimateKicStartupsMedia ClimateKIC ClimateKICspain",0
CLP2016 paneldiscussion fnauta TheCarbonSink ClimateKIC ivarsiimar centerforcarbonremoval climateKIC estban,0
"Excited to be working with EU-backed InnoEnergyEU on Vulcan's globally unique, combined ZeroCarbon Lithium and geothermal energy project. elonmusk mcannonbrookes EUClimateAction cleantechnica EV_Research",2
Just did my first module of reimooc! Nice intro to the climate change challenge. climatekicstart ClimateKIC,0
EIT_Digital el_pais TNavracsicsEU Here is one!.,1
Thanks katborlongan for sharing the news alert for the call EUeic JEPaquetEU GabrielMariya JeanDavidMALO1 EU_Commission EUScienceInnov DSMeu,1
Are you interested and able to help? Then join EIT_Digital efforts to develop COVID-19 contact tracing using physical tokens,1
An energetic start of gj4 ClimateKIC climatejourney17 Now at the zandmotor dezandmotor.nl,0
Met remcovvd andrebosman en tamaravanark op bezoek bij YESDelft en ClimateKIC programma. Klimaat- en energie startups bezoeken!,0
"Les équipes de InnoEnergyFR et InnoEnergyEU sont sur VivaTech cette semaine ! Rencontrez-nous stand M31 jusqu'à demain soir, et discutez avec nos start-ups enosis_energies solarisoffgrid, Duschkraft et TriggerSystems 🚀🚀 Nous vous attendons ! 👏 VivaTech Vivatech19",2
Great stuff. coldplasmatech and EITHealth (and the other EITAwards winners are really inspiring. More brilliant work from the EITeu Community!,1
Ready to roll! climatelaunchpad Denmark 2018 boot camp is ON! clp18 mikkeltrym ClimateLaunch EITeu ClimateKIC,0
Journey to Trondheim. Going to be discussing innovative project ideas for transport decarbonisation today with partners from CKICNordic Should we talk about aviation perhaps? nordicIdeation,-1
Thanks to recent funding from ClimateKIC EdCentreCC and HWUEntrepreneur we have installed new sensors to develop our flat-pack olar collector for developing countries. Fingers crossed for some sun!,0
Innovative epi_guard got EUeic funding in May 2019 for its Epishuttle pods that now save lives by safely transporting COVIDー19 patients More EU projects+funding opportunities: 👉 eicAccelerator eicPathfinder EU_H2020 EU_Commission GabrielMariya,1
Jetzt bewerben! Nur noch fünf Tage bis zum Bewerbungsschluss am 27.1.2019! €85k (95k beim Sidecall!) + Coaching &amp; Services. NoEquity Cleantech renewables Mobility startups ClimateKIC EITeu ERGOGroup MunichRe,0
""" ... the marketing goals for which the data are being gathered are taken into account in the process of synthesizing, thereby carefully trading off the loss of information with the gain in protection."" CyberSecurity360 EITDigitalAcad via HarvardBiz",1
"Susanne Pedersen, director of ClimateKIC of nordics talks to edielush hubculture COP21 COP21Paris about cities",0
"""Doing research for the sake of it isn’t enough. You have to think about how your work will have impact in the real world."" says Simone Accornero, CEO of FlexiDAO, a startup in the cleantech sector supported by EIT InnoEnergyEU. EITCommunity ➡",-1
"Looking forward to our very own KerstinKolumna working with Moedas, the European_Commission EUeic EUScienceInnov team and other board members on the future of EU_eic support for disruptive innovation! 🇪🇺 👏 niceone EU EC",1
"Check out all the pics of EBANSofia Annual Congress event in Sofia, Bulgaria! ABANAngels FiBAN_org _EVPA_ UBS CorkBIC HaloIreland 1millionstartup EU_Commission EU_EASME InnoEnergyEU",1
.IEEEsmartcities expert rsaracco of EIT_Digital explores new disease detection technology:,-1
EIT_Digital MasterSchool EITDigitalAcad came close in the final. Congratulations to Windesheiminfo ...,1
"Design, build and manage your own city in Lumen: City Challenge! We've worked with KU_Leuven and InnoEnergyEU to create a city-building simulation for a greener future. Download now at",-1
Professor from DTUtweet is giving the CKICNordic students the latest in SolarHeating climatejourney17 gj5 KbhUniNyheder,-1
Co_wheels_Brum IncyBwincy Bham_FOE ediblegardensBM GroOrganicUK ClimateKIC BrumHour BEPvoice andyreevo WTBBC amy_watson,0
Nederlandse Scaleup Quantoz een van de beste Fintech scaleups van Europa. Quantoz EIT_Digital,-1
Our CKICNordic partner annaclark001 from Trivector_ sharing lessons from the cross-European cycling innovation project at ITSWC18 NordicSolutions,0
The 'Tinder' of low-carbon innovations - connecting entrepreneurs with low-carbon inventors via ClimateKIC,-1
"Sean Lockie of ClimateKIC points out that retrofitting can improve the value of buildings, as well as air quality, standard of life and human health 🧑👨 PrioritisePeople",-1
UNEXMIN team in EITRawMaterials Drones&amp;Robotics for Exploration and Mining event. TampereUniTech TUT_Eng_Sci SMACCFinland,3
"At EITDigitalAccel, startups can participate in European innovation projects with big partners.",1
Já estamos no átrio do Edifício de Engenharia Civil no istecnico para dar a conhecer os mestrados InnoEnergyEU! Ficamos à vossa espera!,-1
"We are happy to welcome five promising startups to the first batch of the EITUrbanMob Accelerator programme in the regional hub Central: AssistanceBuddy, D3Technologies, Ducktrain_io, Tytovision, and Upride! startups mobility EITUrbanMobility xpreneurs",1
"KorusAfrica was present at the CLPNG19 organized by nigeriacic with support from WorldBank, Entirl, NigeriaGov, EDC4SME, ClimateKIC, AllOnEnergy, smefunds, arnergy and ClimateLaunch. 14 ventures in the green economy had the opportunity to pitch their startups to",-1
"Aus der Praxis: In unseren Live Q&amp;As am 22.06. erwartet euch Input von erfolgreichen Startups aus den Bereichen Energie, Mobilität oder SmartCity. Experten stehen außerdem Rede und Antwort wirgründen InnoEnergyEU EyStartup Technologiepark ⬇️",-1
Planning to apply to EITRawMaterials SINReM Master of Science in Sustainable and Innovative Natural Resource Management? Only 2 days left for EU students to submit their applications to ensure consideration for September 2020 entry. Apply now!,3
PierreRousseau BNPParibas argues “sustainable finance” discourse should extend scope to include multiple instruments: from Bonds to securitisation 2 role of leasing (particularly in scaling circulareconomy) to personal finance ClimateKIC missioninnovation,0
"THANK YOU to journalists, ClimateKIC startups who took part in 1st EIT journalists network meeting EITcommunity",0
"The website for ACTonNBS the network of cities accelerating nature-based solutions for healthy, climate resilience places is now live (Beta) drop by and let us know what you think EITeu ClimateKIC PeterHeadCBE Biomimicry_UK PeterMassini FutureARK",-1
📣📣📣 Proyecto Moby (EITUrbanMob) ✅Recabamos datos para determinar las necesidades y los requisitos de los usuarios en TransportesInnovadores y servicios de e-micromovilidad. Participa aquí 👉 Movilidad MovilidadUrbana Micromovilidad,1
"A recent event convened environmental, financial &amp; academic experts to discuss the project Climate Risks for Asset Managers (CRAMs), a collaboration between carbondelta &amp; PIK_Klima that's supported by EITeu ClimateKIC.",0
EITDigitalAcad summer school visiting AkateeminenCOM for breakfast. Super thanks to the awesomenest book store in Europe 👍🏻,1
Idag uppmärksammar MetalSupplySE vinnarna i sipstrim och EITRawMaterials innovationsidétävling. Två värdiga vinnare i Atium och ReVibeEnergy! Vinnova sipnytt,3
"“We need to think in systems we need to adress systems, it is systems that most urgently need to change. After 50 years of concern and policymaking around climate change it is systems that are not changing!” Thanks to KirstenCKIC of ClimateKIC for speaking at TIPConf2019",0
Great opportunity for AI DigitalHealth ClinTrials ClinTrials365 humanitcare npastohe EITeu,1
.EIT_Digital: a Milano un evento sulla trasformazione digitale dell’industria,1
ClimateKIC welcome to the Zero-e twitter on cleaner greener and leaner transport and mobility,0
Lisbon’s City Finance Lab-backed green participatory budget awarded €5 million for next cycle via ClimateKIC 👉 - sustainablecity,0
Live Now Washington D.C.’s Climathon: 24 hours to find wastemanagement solutions Climate ClimateKIC LiveEarth,0
Best of luck with the climathon hosted by our CKICNordic partner -the city of Helsinki. Look forward to see what will emerge when you liaise with the main stage climathon in Torino ClimateKICItaly twittitrentatre MiraJarkko,-1
"Thank you very much CambridgeZero! It was a very indulgent opportunity to talk about all my favourite topics AND current key projects and initiatives. ImpactWN with FayeHollandUK, and EITFood WELeadFood and RisingWISE with EntWomenOx opdacam and more IfMCambridge.",0
etsiaab ClimateKICspain CKJ_Valencia La_UPM ClimateKIC ckiclearning DAETSIAAB_UPM itdupm QuixoteJourney CKJ_Madrid ✨,0
"EITDigitalAccel If you are in Berlin this weekend, please join us and get your tickets ASAP EITAlumniStartupDays",1
"El equipo de la española zeleros ha sido reconocido como mejor innovación europea por el público en los galardones que entrega el EITeu. Y en la entrega, en Budapuest, estuvo nuestro compañero JulioMiravalls",1
"Proud to see the EIT Digital Accelerator EITDigitalAccel come up in the top 4 based on 1400 votes. Our specificity: scaleups only, no equity, pan European customer acquisition and fundraising!",1
".EITeu ClimateKIC’s Climate Innovation Summit is designed to foster meaningful climateaction—to uncover lever points and re-wire economies, says KirstenCKIC MissionFinance",0
energyefficiency in buildings as second business opportunity in cities in 2030 BolognaUT BUILDINTEREST ClimateKIC Aster_ER,-1
TheGCIndex InnoEnergyEU GCIC,2
"After 2 grilling days with ClimateKIC Launchpad and excellent business coaches Janet Murray, daturi et al, also ICEnterpriseLab Grantham_IC, makes me realise how fortunate students &amp; staff at ICL are. VCC, FONS-MAD, etc.. opportunities to translate creativity at our doorstep",0
More info about the event StartupsKillTheVirus 🦠 📢Session 1️⃣️(9am-9:45am) Participants: Luis Sánchez-Álvarez from EUeic &amp; Luis Guerra (LGuerra_CDTI) from Access2EIC Register here👉,1
.lemagnumerique Pas de santé sans cybersécurité ! ExcellenceCyber imagesreseaux EIT_Digital ID2SANTE BretagneBDI,1
REGISTER: Join the ClimateKIC community and the world's leading sustainablefinance innovators for a 3-day event in Dublin &gt; missionfinance,0
Egy jó kis program a jövő hétre. Az EIT_Digital budapesti eseményén menő akcelerátor programok is bemutatkoznak.,1
"Finalment anunciem l'organització, sense ells això no hauria estat possible! Gràcies carlesluz JordiVA Esprem que aquest cap de setmana passi a la història del territori fent-lo únic tots plegats! ClimateKIC ClimateKICspain ajgandesa CCTerra ClimathonGANDESA Climathon",0
Start of EITDigitalChallenge pitch EIT_Digital,1
Our latest newsletter focuses on the Circular Economy ~ ClimateKIC project &amp; our new team member KathBuildCirc ~ re-usable steel ~ healthy materials &amp; circulareconomy ~ insulation from bio&amp;waste materials SustainableBuildingProducts BuildCircular,0
Arranca el YoungClimathon en Valencia. Arranca con una charla de AndreuEscriva (vlcclimaenergia) Mucha energía y entusiasmo entre todos los participantes climatetalent JardiBotanicUV GlobalClimathon ClimateKIC,0
SAVE THE DATE📣 We are pleased to announce that the official opening of EIT Hub in Israel will take place on 9 December 2019 in Tel Aviv🇮🇱Details to come! EITeu EITHealth EIT_Food ClimateKIC EITUrbanMob More about EIT Hub in Israel:,1
"If 2019 was the year of a collective climate awakening, will 2020 be the year of collective action? Jennifer Dungs, Strategic Investor at at at InnoEnergyEU reveals the answer in this focus on transport, mobility and the energy transition in cities",0
Sol o batteri en bra hållbar combo ☀️EON_Nordic ClimateSusanne ClimateKIC NordicPartners,0
AndersVJensen NCCdk DanskByggeri IDAdk CKICNordic Tak💪🌍🙏,-1
"Pour un diagnostic + rapide de la maladie d' Alzheimer, un prototype appelé DELTA avec EIT_Digital &amp; KiElements",1
Bridging the gap between bankability and responsible investment ClimateAction cities4climate ClimateKIC,0
The INCO_Piles project is on! With the Resource Engineering group at TUDelft_CT we will be contributing to the geochem. &amp; mineralogical characterisation of mine wastes to find CRMs potential ⚒️🔬👩‍🔬 EITRawMaterials,3
"🇪🇺’s one-stop shop for innovation will support even more entrepreneurs, innovators &amp; students! Last week, we introduced EITManufactur &amp; EITUrbanMob at EITHouse in Brussels ➡ EITCommunity H2020 EUInnovation TBT ThrowbackThursdays",1
InnoEnergyEU annual Event TBB2017. Interested in EIT_Digital work on innovation and the EITDigitalAccel scaleup work? ping me!,1
A great chance for you to work at EIT HQ 😍We are looking for trainees to join us in Budapest &amp; Brussels &amp; power innovation with us! 💪 Apply before 31 January 👉 Share = 🔥 cKIC_Alumni digitalumni EITHealthAlumni CInnoenergy EITRMAcademy,1
New entrant to our startup accelerator Repamera is generating behavior change by making it cool to repair clothes rather than to buy new ones! AHallbarhet ClimateKIC,0
Consolidating synergies with the ClimateKIC - EIT in EU-CELAC context on Innovations for Biodiversity and Ecosystem Research &amp; Sustainable Management celac_i,0
hans.maennicke.sustainable.daily is out! klima ecosalon Stories: ClimateKIC SoleneWolff,-1
Eat your waterbottle. Biodegradeable &amp; costs 1p to make! Check out Ohoo! ClimateKIC UK VentureCompetition winner,0
Everything ready for the Cefriel Innovation day focused on Smart Industry Solutions implemented in OEDIPUS EIT_Digital AtosES AriMarcomm Industry40,1
Latest ESG &amp; Impact News! TBLI Daily! Thanks to MoneyPostBlog ClimateKIC upine sustainability,0
CircularEconomy in the sailing world is possible! Follow Useitagain_sail and their renovated trimaran for the routedurhum 2018 CKICNordic brunepoirson aqueraltf,0
Now live with bgiaccelerator for scaleup report porto ScaleupPorto EIT_Digital,1
"We are very glad to say that our FET-Proactive proposal AMAPOLA (A Marketable Polymer based Al-S battery) was successful! Working now in the GA. Thanks to the team! tugraz,unisouthampton,uniofleicester,DTUEnergy VARTA;Tech2Market,EUeic,Europeos_CSIC,ictp_promocion",2
Excited to see who will win the CKICNordic quiz at nordicpartners day,0
LeadershipMatters BarrySheerman PLarshans mattiasgoldmann bolund maxelger tomkerrglobal WRIClimate MikeBloomberg theWSBF Kommuninvest CDP southpoleglobal MarkWatts40 CeciliaRepinski ICLEI_advocacy AndersWijkman ClimateSusanne ClimateKIC edie ClimateKICLoCaL,-1
"Corporate-scaleup match-making event in EspooEsbo Finland. teliafinland , Telefonica , ibmfinland, densoeurope, Beiersdorf_AG and Fortum_Oyj pitching &amp; meeting with EITDigitalAccel scaleups.",1
What are the basic requirements for startups to scale internationally? fergiemiller EIT_Digital has the answer,1
La BCC è tra i firmatari del manifesto Un’economia a misura d’uomo contro la crisi climatica. Anche Novamont partner di ClimateKIC,0
krptndr ClimateKIC Sure come on by!,0
.EITeu shaping entrepreneurial mindsets and values in Europe,1
"📅 21 January 2020, 11:00h, Block III: Disruptive Start-Ups in the Raw Materials Sector. More info: rawmaterials ConnectingMatters EITRawMaterials",3
Here we are. All the italian partners of ClimateKIC Thank you Kirsten Dunlop for being with us!,0
che_mus25 SusNatIrl ClimateKIC relayr_cloud Thanks again to pjprendergast for setting the scene and core motivation for Climathon I can see huge solution-oriented energy in the room,0
Taas tehdään yhdessä Helsingistä maailman toimivin älykaupunki! Koolla ohjausryhmämme jossa mukana mm. ibmfinland CGI_FI TietoCorp teliafinland DemosHelsinki EIT_Digital ElisaOyj EloHelsinki Yleisradio SitraFund ja HelsinkiKymp,1
"Elisa Navarro, Programa de Emprendimiento de la actuaupm presenta a La_UPM como entidad socia y colaboradora del programa de aceleración del EITeu ClimateKIC en España en el lanzamiento Accelerator2020",0
Great to have our CKICNordic partner AaltoUniversity host the ClimateJourney18 participants again this year. Thanks ClimateAalto,0
"📣 Want to connect to EIT Health Alumni at a professional level? 😃 Check out our ALL NEW Linkedin page, and receive our latest opportunities! EITHealth EITalumni",1
Attending the EIT_Digital event at the UniversityofEdinburgh Informaticsforum schoolofinformatics every day is a school day,1
DLDConference EIT_Digital That’s good but better to focus on Learnability aka a Growth Mindset. We teach this all 2 years at GrowthTribe,1
"50 startups valencianas participan en el último ClimateKIC, el mayor programa europeo de emprendimiento.",0
"ClimateKIC &amp; partners have prepared a report sharing 4 inspiring case studies revealing how initiatives elsewhere have upended thinking about landscapes as change agents in the climatecrisis across Scotland, Inner Mongolia, the Netherlands &amp; Taiwan. 👉",0
Today with 60 EU universities to co-create EUinnovationecosystem as part of EUeic talking about connectedness and talent cc JEPaquetEU bindik LDFleming robinwauters abarrera GabrielMariya jd delcastillop StartUpEU Lauragestefani PoliticoRyan Moedas nnovick,1
Hi ClimateKIC and thanks for following us at EurotecEnviro sterilwave and we have followed you right back,0
"At COP23 today? Join us, ClimateKIC CDP and CDSBglobal for a masterclass on climatechange change reporting this afternoon from 16:00",0
"ClimateKIC Pioneers final workshop AessModena in Modena. Best Group project pitch is awarded LucaLombroso last book: ""Ciao fossili"". ClimateKICItaly yourpathyourfuture",0
Just one week left to help shape EITRawMaterials Academy’s new master programme in Mineral Exploration Geology! Find out more and contribute by completing our short survey. Deadline: 30 June mineralexploration geology rawmaterials,3
At the ClimateKIC alumni event. Protect what you love!!! Super thought!!!,0
"Soutenue par ClimateKIC, est une solution pour les villes sobres en carbone: elle mesure, cartographie et finance la réduction de CO2 des territoires à travers un seul service COP24 SUEZ4Climate innovation ChangementClimatique audreygarric",0
"Mobility and circular economy next biggest energy priorities, says InnoEnergy InnoEnergyEU renewableenergy energy",2
.IEEEsmartcities expert rsaracco of EIT_Digital discusses the advances in bionic hand:,-1
The EITalumni in collaboration with EITHealthAlumni digitalumni CommUnity by InnoEnergyEU are inviting you for the first joint event of 2018! If you are near Barcelona this is the opportunity you were waiting for!,1
Can't make it to the DigiEduHackMainEvent? Join the livestream now 👇 DigiEduHack EUDigitalEdu ClimateKIC AaltoUniversity UltrahackHQ DigitalEducation,-1
UraiaCIT fmdv_org WBG_Cities WeGov_org CITYNET_ORG smartccouncil NewCitiesFound ClimateKIC anticorruption WRIRossCities Thank you for sharing this information. I hope to learn and create it here in St.louis!,0
Study technical and economic features of OffGrid systems &amp; how to implement them FLOffGrid EITeu,2
ClimateKIC from small beginnings to international reach and international impact.,0
Demonstrating 5 slicing in the EIT_Digital project icaroeu. Happy to contribute to this project with the 5gempower platform. Airbus createnet FBKcom winetsys riggio_roberto,1
Looking fwd to the burst of new climate-positive startups CleantechInnov8 20 March! Applications now open for ClimateKIC Accelerator in Dublin via SusNatIrl &gt; …,0
"EITRawMaterials A big thank you EIT RawMaterials, for all the encouragements!",3
"""By combining bioenergy with the battery chemical production, the Terrafame Plant brings an important missing element to the greenbattery ecosystem in the Nordics."" Olli Salmi, EITRawMaterials Innovation Hub Director EITRawMaterialsPartner",2
"Want to learn how to turn your research into a business? Apply now for EITRawMaterials TOP STARS 2018 (Trento, July 16-25)",3
".MarkusKamieth, Member of the Board of Executive Directors at BASF SE, opening the BASF Innovation Day with EITRawMaterials. ConnectingMatters",3
EIT_Digital Daniel Michel Access to Finance strategy and Tips @ Paris DTC Innovation &amp; Entrepreneurship for PhD students. Great Guidance!!,1
Moedas cites weareKONUX as great example of innovation! EIT_Digital,1
"Join the EITUrbanMob Matchmaking event on 3-4 March in Eindhoven. Build project proposals for the Call for Proposals 2021, which will be launched soon! More info: innovation Businesscreation scalingup education cities industry cocreation EITeu",1
Attention PhD students working on SustainableLandUse: ClimateKIC is organizing an innovative SummerSchool --&gt;,0
missionfinance at ClimateKIC with SDDecleve speech remember reflection reboot,0
Good news for Scotland’s thriving low carbon business sector &gt; EdCentreCC's ClimateKIC Accelerator is back on the hunt for climate startups. Join the high-achieving alumni who bagged £1.75m and scooped an impressive 54 awards in 2018. Apply by 23 May &gt;,0
The next panel session at EIT_Digital Exploring Future Technologies EITD_EFT event is investigating security in future technologies- what are the core capabilities and threats? Saab UniOfSurrey CityUniLondon ValidSoft,1
📣New Call for Proposals! We welcome opportunities for cooperation with industrial partners provided by EITManufactur to help in overcoming the COVID_19 crisis. There are fast track projects linked to ecosystem of CIIRCCTU CVUTPraha CEITEC_Brno VUTvBrne DFKI NCP40 💪,1
Good news for Scotland’s thriving low carbon business sector &gt; ClimateKIC just launched EdCentreCC,0
PhD interested in joining a Summer School on SPS or GreenFinance ckicnordic &amp; ClimateKICHesse? Apply now,0
"S. Shepard, CEO Optima-Life loves FirstbeatInfo for its data, stories, real life and actions. EITDigitalAccel hrvsummit17",0
Super interessant &amp; godt at se en nødvendig indsats fra vores CKICNordic partner RISE Research Institutes of Sweden biofuels greenjetfuels,-1
".Gudrun_Freese, Communications &amp; Public Affairs Lead at ClimateKIC here interviews FloJVGschwend, Co-founder at ChrysalixTech, a UK-based startup focused on transforming waste materials into industrial feedstock.",0
"Almost 23k people are ""just"" on slack during this weekend's EUvsVirus hackathon issued by the European Commission - the actual size is probably higher. Happy to have been helping hackers since 8 am this morning 😏 coronavirus covid19 hackforeurope hackathons EUeic",1
.ClimateKIC €Billions EU imports linked to illegal deforestation &amp; KillerPalm Is EU 2020 pledge achievable ?,-1
"EU_EASME EU_Growth EEN_EU EEPA_EU EITRawMaterials EU_ecoinno See this interesting publication linking construction, SMEs and Circular Economy ConstructionMag PwC_EU_Services theFIEC circecon CircularEcology",3
Participants are arriving for the first day of the EITeu Digital Health Validator! They will be learning how to commercialize and develop their revolutionary innovations from industry leaders at Trinity this summer! LaunchPad_TCD TCDTangent TrinityEIT19 TCDTangent,1
Another weekend - another EuvsVirusHackathon! Just did a round of speed-dating 🦸🦸‍♀️😉 Looking forward to working with new partners. Anyone needs data solution building? Get in touch. We'll equip you w tools+ consultancy📈 EUvsVirus EU_Commission EUeic EU_H2020 isidrolaso,1
ClimateKIC SilviaZuur LizzieLaShark ChalkleNZ Excited to hear your solutions! Good luck - Climathon in Winterthur soon over,0
The RawMatCop course participants discovering the potential of Earth observation and remote sensing for the rawmaterials community 🛰 EITRMAcademy,3
Mobile user 30-minutes series: Acquisition strategies that pay (VB Live) via EITeu,1
Please get in touch with us at EITHubSV to connect and create opportunities for fruitful collaboration. We look forward to intensifying and expanding our partnerships in the SF Bay Area. EITeu EIT_Digital ClimateKIC EIT_Food EITHealth EITRawMaterials InnoEnergyEU,1
Great to hear from Tjerk of CU2030 about the importancy of bringimg innovative knowledge to utrecht of ClimateKIC for greening city,0
"Karim Tarraf, CEO, Hawa Dawa, is eligible to win the EIT Venture Award and the EIT Public Award. Karim is working to ""mainstream environmental data, particularly air quality data, into decision-making on the future of cities."" EITAwards EITCommunity",-1
"PLENARY SPEAKERS at the eusw2019. Annual EU_Commission conference agenda: ""How can space solutions help Europe's position as a global leader in climate action"" CopernicusEU CopernicusECMWF ECMWF EU_GNSS ClimateKIC UNFCCC UNOOSA UNEP EITeu",0
PyroFlex offers a network of pyrometallurgical infrastructure and expertise for residue treatment. Submit a request via its web-based service platform: Read more: Funded EITRawMaterials,3
"Day 2 - MissionFinance in Dublin of Climate Innovation Summit 2018 climatechange ClimateKIC investing in the tomorrow we want, today, turn the dream in a vision thinkingnew missioninnovation Inspire Aster_ER",0
InnoEnergyEU I support sustainable energy. Am environmental science student.,2
"EIT_Digital, Fluxedo_Biz is coming all the way from Milan to present socialOmeters and comosc2 bigdata iot socialmedia smartcities",1
Step 1 to reach systemic change? Know what assumptions you're working with. Kirsten Dunlop of ClimateKIC at UnleashLab2017,0
Miss the Climetrics launch yesterday? Watch it again here greenfinance ClimateKIC CDP DeutscheBoerse,0
EIT_Digital,1
Become a Pioneer now on Climate actions - apply now ClimateKIC innobham,0
Meetup at EIT_Digital Berlin w/ saschakronberg giving entrepreneurs insides on sales strategies,1
Arrancamos el International Workshop del PioneersintoPractice ClimateKIC PIP,0
What we can do on social and individual level to avoid more than 1.5 degree global warming? 🙋 Knowledge communities responding to the UNFCCC report on Climate Change's latest report. Read the ways NTNU relates to this intriguing question: EITeu,0
Damit wir auch in Zukunft den Frühling genießen können. Ideen gegen den Klimawandel gesucht! Diese Acceleratoren unterstützen Startups mit nachhaltigen Geschäftsideen. Einfach durchstarten! 🌱 _smartgreen ClimateKIC start_green_,0
"Would you like to start a circular company, or create circular innovation within your company? C:\BOOT helps you open the door to start-up incubation programmes of EITRawMaterials and beyond. Find out more &amp; sign up at lifelonglearning CircularEconomy",3
SEC2SV ABTasty sélectionné pour représenter la France à SanFrancisco Maddyness scaleup EIT_Digital Europe,-1
What a great start for WinterSchoolInfactPacific! Day one closed with talks from Vitor_EurGeol (intrawobs) &amp; Irene Benito Rodriguez (EITRawMaterials). They gave us insights about future challenges of mining and encouraged us to unlock the potential of Copernicus data!,3
Saturday working on ldalzovo birthday and pitching qirate locationintelligence at Unibocconi CopernicusEU ESA_EO ESAbusinessapps Aster_ER ClimateKIC ClimateKICItaly erstartup SA_Tecnopolo AZO_space CopernicusEMC coLABoRavenna OrganiCity_eu FIWARE,0
tnwx EITDigitalAccel Proud to be selected among TheNextWeb’s best DeepTech scale-ups for 2018! air pollution AI,1
"""In our generation, innovation is happening everywhere."" Estafania Tapias of ClimateKIC Alumni Network SIF15",0
".EITRawMaterials goes to PDAC2018! Stop by our booth # 6516N and join the Presentation Day showcasing innovation, technologies, investments and current activities within exploration &amp; mining in Europe. EITRawMaterialsPDAC2018 rawmaterials",3
"FoodNexusEU network meeting in Copenhagen, promising messages on the strength of EITeu food-kic bid, fingers crossed SkaneEUoffice",1
.ClimateKIC DEVASTATING effects of KillerPalm fires greenhouse gases on climate must STOP,-1
"🔛También estamos en la jornada MATCHMAKING EIT MANUFACTURING, LA NUEVA RED DE LA INNOVACIÓN Manufacturing EITManufactur",1
Who’s the ClimateKIC Boss? Nerdalize is! Congrats for taking the prize home!,0
losman_vgre AndersWijkman Importantly for chalmersftw and IKChalmers is that AndersWijkman is also chairman of ClimateKIC,0
How Facebook’s attack on ad blockers screws publishers via EITeu,1
EITCommunity delivering significant impact for Europe and its citizens. Read more about the successes in each of the EITeu's key areas in the new Impact Study: EUinnovation H2020 impact,1
"After 6 years my term as a Governing Board member of EIT has ended. I very much appreciate to have been able to contribute to its development, but also to have met so many remarkable people associated with it. Wishing EITeu all the success in the future.",1
".k_hanghoj, CEO of EITRawMaterials, has officially opened the RMSummit2019! The three-day program will showcase the latest innovation and solutions to current challenges for the rawmaterials sector, as well as the contribution of our sector to the UN SDGs!",3
Are you a startup ready to scale internationally? Apply for the EIT_Digital Challenge,1
Interested in Lithium emobility rawmaterials Mining and in GoodNews ? Here we go! EU_Commission InfinityLithium InnoEnergyEU EITRawMaterials EIB EBRD connectingmatters rocksrock,3
Innovating against ClimateChange? ☀️ Apply for the ClimateKIC Accelerator by July 29 for €95k and mentoring - no equity taken! CleanTech Accelerator Startup,0
Tech startup fighting climatechange? €95k+ no equity up for grabs ClimateKIC Accelerator. Apply until 13.08.17,0
.ClimateKIC chair John Schellnhuber PIK_Klima on his analysis of the social state of our planet climatechange,0
"MTBEID SEC2SV 2018 | Meet the Speakers! SABRINA ROSS, aka sabrinaross, international Privacy and Security Expert Reserve your seat NOW ➡️ Sept. 11th, Mountain View (CA) startup scaleup Europe regulation GDPR cc StartUpEU EIT_Digital",1
stepandstone ClimateKIC woop woop!!,0
"coderinheels EITDigitalAccel WWCLondon Hi Gen, thought you might be interested in bookingcom's Tech Playmaker Awards, celebrating inspirational women in tech careers globally. Awards ceremony in London in March 2019 and € prizes for winners. Nominate top WiT here: RT appreciated to drive noms",1
¡Ampliamos plazo hasta el 6/3! Presenta tu proyecto CleanTech a ClimateKIC Accelerator y consigue hasta 95.000€ de financiación,0
"We are proud of medu_soil, carbondelta, AgroSustain and KITRO_FoodWaste for representing the climateheros from the ClimateKIC community at the Entrepreneurship Night in collaboration with UBSschweiz",0
"Hälften av Europas energikonsumtion består av värme och kyla. Vi fortsätter driva en hållbar omställning i Europas städer tillsammans inom celsiuscity CelsiusInitiative. RISEsweden, IMCG, Energi_mynd, ClimateKIC, EuroheatPower, EU_Commission.",-1
CleanTech Startups gesucht! ClimateKIC Accelerator fördert mit €85k NoEquity. Deadline: 27.01.19,0
"Enguany, l'EITeu ha premiat a 5 empresaris europeus per innovacions en els sectors de l'energia, la salut i aliments/primeres matèries. Coneix els projectes guanyadors 👉 innovació",1
Barriers and solutions to climate investment for cities eu climateAction climatechange climatekic,0
Welcome EITManufactur!! Congratulations to the winning consortium of the EITeu KIC on Manufacturing. Great to have a CLC in Bilbao!! Congrats tecnalia AlianzaIK4 esMONDRAGON aernova ITPaero innovation cc grupospri,1
.projectbreeze wurde im ClimateKIC Programm für besonders klimarelevante Startups aufgenommen:,0
Inra_France cerdd TKBlueAgency ClimateKIC projection_net merci pour votre mention mais veillez bien à utiliser le SolutionsCop21 :-),0
epirocgroup SIMSmining EITRawMaterials EITRMAcademy p_cerruti arstechnica cleantechnica SustMemeTop500 SustMeme agnicoeagle Working towards electrification of the mining industry – read more about the epirocgroup Northvolt partnership at EITRawMaterialsProject SIMSmining,3
"Join us for a transatlantic online debate on the role of AI and bigdata in fighting pandemics, with EIT_Digital and experts like PeterFatelnig cnastar mediamocracy LuigiCongedo leila_1111 Register now and join the discussion!",1
Proud to represent Italy and the international SMASH ( consortium !!! Thanks to ClimateKICItaly ClimateKIC FBKcom Aess Modena BetterPoints ForumVirium,0
📢 Mataró estrena un prototip de punt de recàrrega ràpida de vehicles elèctrics que funciona amb gas i aporta calor al Tub Verd 🤝 Realitzat per Naturgy IREC_Energia CinergiaCoop Pasch Sige 👍 Projecte innovador COFAST finançat per InnoEnergyEU 🔗,2
"sustainable and climate friendly,"" one of the participants of the CLP19 CLPKe19 has said. The post bootcamp will prepare participants ahead of the national finals to be held on 20th September. ClimateLaunch ClimateKIC emungai_m fnauta africainstore CiiroNgash victor_nzau",0
EIT_Digital sthlmtechfest supporting startups evothings apprl severalnines furhatrobotics,1
The pressure is ON !Last week of climatejourney17 Go gj8 We can win it :) ClimateKIC MatisIceland MoakesAndrew Daniel_AvOr aqueraltf,0
Patrick Essers verwelkomt de gasten van de Wellmo launch EIT_Digital hightechcampus. WellmoApp,1
ClimateKIC_UKI 30mhz can provide the tools to measure air quality in real time and in a usable format,0
"Continuing our collaboration with some of Europe’s most exciting start-ups, our Global Innovation &amp; Technology Centre (GITEC) team in Leuven are hosting Eueic and selected SMEs to learn more about the innovations shaping the future BrewingBetterTogether",1
A key need for transformation to address climate change is in “redefin[ing] value in terms other than money.” — ClimateKIC at researchdialogue11 SB50Bonn,0
Low Energy? No worries! Lets spark ideas with some fire! Fireartists at climathon frankfurt ClimateKIC ClimateKIC_DE,0
The ClimateKIC ClimateLaunch was brought to Cyprus in partnership with PwC_Cy_Press and sponsored by BSM HellenicBank and GZGLawyers,0
"The future of farming is ClimateSmart, integrates both mitigation and adaption measures - learn more about the topic in ClimateKIC's interview with Catalaunensis, CSABooster and UniofReading ClimateChange",0
"kelvinross68 InnoEnergyEU EITeu EIT_Digital Enlit_Europe Minecraft It's amazing how digital technologies affect our analog world. This is also a great promotion tool. IMHO, it's too underestimated.",1
At Visual3D conference are shown and discussed future of mining and geomodels in Industry and # Education supported by EITRawMaterials and other EUfunds Horizon2020 SIMSmining MiReBook,3
You need pilot scale equipment for your project? Check out our friends @ powered by swereaMEFOS &amp; EITRawMaterials,1
In Brussels today for working session of the European Hub - Financial Centres for Sustainability EHFC4S. SusNatIrl leading on. ClimateKIC backed and part of the UN FC4S network. Great day! Thanks to IrelandRepBru for hosting IFS2020 greenfinance,0
ClimateKIC VassiliouEU Excellent and great action.,0
SolutionsCOP21 ClimateKIC NO PROBLEM NEED TO LEAVE TER !,0
ClimateKIC_CH ClimateKIC Ready for your pitches Winterthur? Exited to hear about your mobility ideas!,0
IMDEA_Software is really proud of hosting the courses given by La_UPM as part of the Doctoral School of EIT_Digital. Eager to collaborate in entrepreneurship-oriented training and to foster the transference of technology and know-how from academia to industry!,1
"Oh dear. Tough competition, excellent entrepreneurs. Hard work of 5 years ClimateKIC accelerator. Result is proven here.",0
".arantxa_tapia , Consejera de Desarrollo Económico e Infraestructuras Gob_eus 🔹LÍNEAS de trabajo EITManufactur 🔹 ✅cooperación en I+D ✅creación de nuevos negocios con la Robótica , Digitalización, CeroDefectos y FabricaciónAditiva ✅formación EITManuMatch",1
Thanks to the main ClimateKIC organizers of the ClimateImpactBattle &amp; CKICSLUSH participation mikkeltrym KIC_Jason idasofiea SlushHQ,0
It is great to have MawsonResource as partner in target_ex EITRawMaterials project! They are also our partner in H2020 project NEXT_H2020. These two projects definitely cooperate and cluster! GTK_FI VMNykanen kultanick,3
"Researchers working on energy production, storage, smart grids, economic &amp; social models, EcoSESA GrenobleINP InnoEnergyEU summer school offers an opportunity to acquire expertise and skills related to energy development and management in eco-districts",2
"“Redesigning VentureCapital"" (for sustainability and climatechange focused entrepreneurial ventures). Part 3 of 3: ""A Hypothesis”, by dhofstetter_x, and ClimateKIC.",0
clionahowie ClimateKIC Thank you for your work &amp; your energy &amp; for being a huge part of WorldCleanupDay!!!,0
kate_ckic ClimateKIC sollazophoniasd fabienne_ckic iRBansal linegry I have a staff(me)+partner(GreenApesJungle) selfie!,0
".wonderflow ,azienda high-tech specializzata nell'analisi di BigData insediata tra Amsterdam e Trento, è stata premiata tra le migliori startup digitali d'Europa in occasione di un concorso di EIT_Digital",1
Put the heat on Trump and not on the Climate! ClimateSusanne ckicnordic c40cities CDP greenfinance2017 wef,-1
"Want to gain expertise in battery storage for your enterprise or project? Innovation in battery storage solutions is disrupting the industry today, so don't miss out. Register for the Battery Storage Masterclass we organise with InnoEnergyEU",2
Can't believe I won this so chuffed thank you! IF2015 WM_RIC ClimateKIC,0
"Come and hear about teaching, digitalization &amp; change to Open Innovation House, Espoo EITeu. Welcome! edtech",1
"📢 Green_spector sera présent demain soir pour témoigner lors de l'Open Night des 1 an de MakeOurPlanetGreatAgain organisé par ECOSYSGroup, ClimateKIC, CleantechOpenFR et Wework à Paris 🌍➡️ TransfoNum",0
.EITHealth SummerSchool dates announced and registration already open. Don't miss out 👉 EITCommunity H2020 EuropeanEducationArea FutureOfEurope,1
Congrats WellmoPlatform EITDigitalAccel,1
"Odbiór odpadów pojazdem autonomicznym? A może autobus, który odbierze za nas zakupy? To już nadchodząca rzeczywistość, którą bada jeden z polskich projektów. MarcinSlezak InnoEnergyCE metropoliagzm MinEnergii MI_GOV_PL",-1
Passionate about sustainable energy in urban environment?🚎🚇InnoEnergyEU's Master School may be your choice! Read the story of one alumni in the Master's in Energy for Smart Cities programme and see how he makes a difference. 👀👉,2
CuAuNiFeLiCoC GTK_FI EITRawMaterials We will make a video of the keynote presentations after the workshop. Will tweet when published!,3
The importance of place now being recognised increasingly in policy thinking. Vital for the climatechange agenda and cĺimatekic,0
Ecco le startup selezionate da Aster_ER per ClimateKIC Investment Forum Ecomondo. Ci vediamo a Rimini l'8/11!,0
JOB EIT_Digital cherche un.e BusinessDevelopper à Paris ! Plus d'infos &gt;,1
Dutch Design Week gebruikt EIT_Digital initiatief GameBus DDW16 GameBusApp,1
Our local reps of 2017 are here! Let's create great events! ClimateKIC EITalumni climatechange event innovation,0
And EIT_Digital is here to help with our EITDigitalAccel and EITDigitalAcad,1
We are proud that so many of our clients have now joined stage 2 of EdCentreCC coveted ClimateKIC Accelerator programme. We wish everyone the best of luck! innovation sustainability lowcarbon entrepreneurs startups,0
GabrielMariya EUeic Europe at its best! 👏👏👏 The European Sociological Association is proud and happy to take part via its incredible members!,1
OSIProject is out! Like us on facebook Top Stories via rubensfernando EITDigitalAcad,1
High Impact Smart Spaces days in Berlin at EIT_Digital Product Interactive Shopping Window made with Philips,1
ClimateKICLoCaL&amp; CKICNordic have partnered with Gothenburg to facilitate knowledge-sharing from the frontrunners,0
"Sergey Tolz, COO/CSO KaskoLtd presents his fintech company that so he says is a layer between insurers and different touchpoints to contact customers. pitch EITDigitalChallenge EITDigitalAccel",-1
climate startups! Apply by 23/05 for ClimateKIC biz Accelerator. Join the high-achieving 2018 start-ups like BoxergyLtd who collectively bagged over £1.75 million and scooped an impressive 54 awards.,0
What did the InnoEnergyEU's The Business Booster event mean to attendees from last year's edition? Here are a few who share their thoughts in a word (sometimes more): TBB2019 Sustainable Energy Innovations Event,2
ClimateJourney18 Journey8 inspects the premises. Leoben is an old mining town with a focus on raw materials and innovation in mining and recycling. ClimateKIC ClimateKIC_AT unileoben weareready,0
Cities and the finance sector one of the topics smartcitieslive 2-3 nov in Sthlm southpolegroup miljobloggen CKICNordic nordenen,0
Pitching URBANICOLA at the Community Summit of ClimateKIC Journey in Budapest. ckiclearning CkicCyprus ClimateJourney DubRoPest,0
"TampereUni LukeFinlandInt tudelft MSCActions ucl shannonchance7 eu_schoolnet euatweets Uni_Foundation HEInnovate ESUtwt UN4Youth MonikaSkadborg molengeek Ibiwas EITRawMaterials UniofOxford BritishCouncil DepsUSiena UNSDSN PRIMAInnovation AngeloRiccaboni UiB StartupLabNo mindtitan_ai As Science &amp; Technology Director SolvayGroup, Pascal Métivier manages all shared laboratories and infrastructure, focusing on leveraging group capabilities and delivering innovations to the partner businesses. UBForum Panel discussion 24/10 11:30-13:00",1
EU_EASME EUeic REA_research EEN_EU EU_Careers EU_Growth Energy4Europe DSMeu EU_ENV EUClimateAction EUScienceInnov EU_Health WayToGo! Keep on communicating!,1
Wish we were there! Took part in the first worshop last April in Montpellier Cirad: soils and agroforestry are essential components of sustainability and climatesmart agriculture 🌞🌱🌿🌾🌻🌳🌲 Via CSABooster ClimateKIC,0
"C'était une journée sensationnelle! Merci à la SATT LINKSIUM_ , GrenobleINP , TENERRDIS , EITRawMaterials , Bpifrance, ademe et USTART_de pour vos soutiens!",1
Caroline Vandenplas at eysmd2019: Europe’s future is connected to its power to innovate. EITeu has created Europe’s largest innovation network that powers entrepreneurs &amp; innovators to tackle the global challenges facing us with InnovationMadeinEurope ESMH european_youth,1
ClimateKIC VentureCompetition taking place on 9 September. Join us cKIC_Alumni EnergyFuturesIC Grantham_IC!,0
"Dr. Karen Hanghøj, CEO of EITRawMaterials, speaks on minerals in low emission societies in europe –watch (Danish)",3
talitaholzer waytoB_ EITHealth_UKI EITalumni DavidPollardIRL furkankarayel genemurphy akwyz TCDTangent Fingers crossed 🤞,1
Join our 👍 📺Watch now INNOVEIT2019 &amp; the EITeu 🏆Awards livestream📽 here …,1
Meet the team: eit_digital France director Stéphane Amarger and CEO Willem Jonker,1
VIPs come to EIT_Digital siliconvalleyhub today. NeenaGmep LvNistelrooij mturpeinen EPWashingtonDC,1
The spanish node of EITeu are the following. We are proud to be part of it,1
"Today in Brussels at Raw Materials Industrial Workshop “Raw Materials in the Core of EU Industrial Value Chains”, everything ready for guests to register RawMaterialsWeek Brussels COSTprogramme CRM_Extreme EITRawMaterials Monolithos H2020 ICAMCyL",3
"Phd students group visited Boliden as part of 3 months training program in circulareconomy , following the value chain of technical metals. CE COSP is a phdcourse supported by EITRMAcademy running by 7 partners from Germany, Sweden and Estonia",3
New digital prescription intervention service boosts adherence to asthma therapy and health outcomes via EIT_Digital:,1
Pre-arranged one-to-one-meetings are one part of the tailor-made business acceleration services at EUeic and otpbank_hu Corporate Day in Budapest. mendigutia EUeic,1
"RT CitiesSharing: This week, we'll organise a webinar in collaboration with ClimateKIC on Green bonds and how t…",0
Shall we REFREEZE our poles &amp; REGREENIFY the Oceans?We are in ExtraTime &amp; we don’t want to get to penalty wt Mother Nature GreanGB GreenGBWeek UKRI_News ClimateKIC beisgovuk claireperrymp CleanGrowth Energy Innovation CleanEnergy ClimateBreakdown ClimateChange,0
Un español elegido mejor innovador de Europa! EITeu innovEIT,1
Erweitere dein Wissen über regionale Lebensmittel-Lieferketten an der EITeu ClimateKIC Catapult PhD Autumn School in Budapest und Valencia. Jetzt bewerben: Nachhaltigkeit Klimawandel foodchains,0
Which 3 Kenyan CLP18 contestants will go on to the global finals in Scotland in November? We’ll find out today at the national finals. ClimateLaunch ClimateKIC,0
"Winning teams of the Copernicus Hackathon for SDGs, happy to participate to this teams adventure with RawMatCop and congratulations for the event EO4GOOD to verhaertmii and VITO_RS_, a ClimateKic partner and CopernicusEU Contributing Mission Entity.",-1
Congrats to CaterinaSamela and SimonePersiano for their published paper on Safer_RAIN an innovative Pluvial Flooding model for supporting resilience in cities. SaferPlacesCKIC ClimateKIC ClimateKICItaly CmccClimate gecosistema,0
"EIT_Digital node in Trento, for the inauguration of the Demo Room, with one of our Textile Pressure Sensors demo kits",1
Applications for the next cohort of the EIT_Digital Master School programme ARE NOW OPEN! 😍 Invite your tech &amp; digital friends (or relatives) to apply here: Looking forward to welcome them to our Alumni community! 😉,1
Congrats to EITDigitalAccel supported GuardSquare for opening their sanfrancisco office!,1
DS Meritve’s Second Generation Grid wins PowerUp Slovenia final startups InnoEnergyEU Franc_Bogovic romanajordan BorutPahor,2
4 products Microsoft should build with LinkedIn via EITeu,1
cKIC_Alumni CIC_Rotterdam And another dream came true!,-1
"Our CarLa project together with AaltoUniversity has now also website in ENG. Focusing on carbon drawdown solutions for urban green areas, concentrating on market-driven solutions! biochar biohiili helsinki ClimateKIC",-1
easiness of innovation uptake…still a challenge till innovation exists. ClimateKIC supports the today exciting discussion,0
"A double dose of Blockchain today at COP24: 14:00 CET - w Verico, SReneum &amp; DOE Forum 18:30 CET - EU Pavilion w ClimateKIC Download ""Navigating Blockchain for ClimateAction"" report&gt;&gt;",-1
"📢 Are you a STARTUP? 🤞 Well, here's a chance to win a free ticket to Frontiers Health in Berlin! 😁 But QUICK, the clock is ticking 🕓 frontiersheath EITHealth EITAlumni",1
.EITeu InnoEnergyEU Innovation Director- ThisIsElenaBou shares her thoughts on why why we need a human-centered approach for a successful energy transition in this article published in edie. Read it here: People Power Energy Transition,2
Accelerator Deadline ClimateKIC Acceleration Programme EITeu Berlin,0
Excited to wrap up the first day of our pitch training event here in Budapest with our CHANGE AWARD nominees. 🤗 So great to meet young minds inspiring change for a sustainable future! 👊 Discover their innovations ➡ EITAwards EITCommunity,1
Full house in the debate about SmartCities at InnoEnergyEU The Business Booster tbb2018 VITObelgium EnergyVille very well represented by L1Leen,2
"On 29/11 ClimateKIC shows 23 climate innovations in Utrecht (NL) Meet for example startup Tocano, Inkless Printer",0
Synergies w existing EIT KICs and outreach of great importance for EITUrban EITManufacturing EITeu EU_Commission,1
Why we invest in sustainable start-ups - via ClimateKIC -,0
Opening and welcome GlobalClimathon Climathonmadrid by MartaEsteveN from ClimateKICspain talking about open innovation is collaboration and many other ClimateKIC opportunities to take climateaction together,0
We look forward to seeing you at our EIT_Digital innovation Hub in San Francisco!,1
"Presented our project ‘SustainabLean’ - Sustainable Lean solution for Small &amp; medium Agri Farms. Thanks to my fellow teammates juanjoamate, BeatrizLlavata, and MarcosDG92; for their great effort and support. Thanks to the organisers: ClimateKIC DerbyUni DerbyUniPress",-1
Matan Beery will pitch water technology startup akvola at ECO15 Berlin on 19-20 May: HTGF_ ClimateKIC,0
Next in our series of ClimateKIC success stories is MiAlgae - the start-up aiming to revolutionise the livestock feed industry with algae. Need help with your revolutionary idea? Apply for Accelerator Stage 1 EdCentreCC by 24 January &gt;,0
"Félicitations aux 7 startups françaises dont 4 sont issues du CNRS Aledia , AXO Science , Nestwave et SIGNIA THERAPEUTICS qui décrochent un financement EICAccelerator 2020 piloté par le Conseil Européen de l’innovation EUeic 🇪🇺 🚀👏",1
Climate Change Is the World’s Biggest Risk via ClimateCentral ClimateKIC AndersWijkman ClimateSusanne usmayors,0
Make cities sustainable! Green workspace? At Markhof Wien vienna city4.0 ClimateKIC Invisible_Dust taking part!,0
No one can stand a challenge: gamification to cut CO2! 🎮ClimateKIC supported ducky_no helps to cut emissions with their interactive climate challenge platform: Be part of our Accelerator &amp; make a change! EITeu ClimateKIC mikkeltrym ClimateSusanne,0
Sustainable food &amp; electricity startups win Swiss Venture Competition 2015 | ClimateKIC,0
"Ert þú með hugmyndir að umhverfisvænum byggingum og verkefnum fyrir uppbyggingarsamkeppnina Reinventing Cities? 🌿💡🏗Frestur til að skila inn til 31. maí c40cities, ofo_bicycle, ClimateKIC ReinventingCities",-1
How do we create partnership for CircularEconomy? NordicPartners can all contribute. Peter from CKICNordic and Asa_Hell from Malmö on stage. 🌱🌱,-1
ff EITeu is the EU body set up to boost innovation &amp; entrepreneurship in EU. Read more:,1
"Visit EIT_Digital and FirstbeatInfo at booth 99, at Health and Wellbeing Work Conference 2016, NEC, Birmingham-UK",1
coldplasmatech goes on ! JTN2017 EIThealth_FR EITeu EIThealth_FR startup pitches to Journalists Agoranov_innov,1
"Startups! SMEs! Boost your business with EITRawMaterials! Apply for the Call to test ideas, meet key players in the rawmaterials sector, get financial &amp; non-financial support! funding pitch innovation IoT tech4CE circulareconomy WEEE recycling",3
Saskia VITObelgium introduces the EITRawMaterials circulareconomy game WRFSwitzerland. Come to room 23 at 11:00 today to play! WRF2017,3
CertifiedRenewable team presenting in Paris ClimateKIC Windlab Climathon CBR COP21,-1
🇧🇬 followers! GabrielMariya will be handing out the EITRawMaterials Award for secondary school students at the JABulgaria Rising Stars 2020. Follow live @ 10:30 👉,1
Don't miss this important climatechange event Grantham_IC IC_CEP ClimateCentral Climatechg ClimateKIC 24HoursofReality,0
Insights from Simonhboas of CarlsbergGroup at the ClimateKIC Innovation Summit,0
"Esta semana se está celebrando en Barcelona la feria Health 2.0; allí está EIT_Digital con nuestro Dir de DigitalWellbeing, johan_kortas",1
Softbank confirms $32B acquisition of U.K.-based chipmaker ARM to target ‘internet of things’ via EITeu,1
MayorofLondon theWSBF smartcitieslive Euractiv ClimateKIC edie but will it include the polluting Black diesel cab? miljobloggen,-1
Team Cyprus in ClimateKIC Berlingetting ready for climatejourney17! CyUniTech a_charalambides OliaNeverland,0
greenurbandata ClimateKICspain ClimateKIC Enhorabuena!,0
Isabel Airas from ClimateKIC Serbia will share her passion for greenbusiness at this year's SEEInnovationSummit!,0
We are taking part at Green business ideas competition ClimateLaunch climatelaunchpad CLP17 ClimateKIC,0
"""Inspiration from Vejle"" Launch of Europe's first resilience strategy and inspiration from climathon ckicnordic",0
"Here are some Details about your smartphone, incl rawmaterials used in it. Thanks RMschools, EITRawMaterials innovatorsofthefuture",3
"The event TBB2019 by InnoEnergyEU in Paris was a great success! This year, TBB2020 is coming to Berlin with the motto “Sustainability, Electrification and Digitalization: The New Industrial Revolution”. What a challenge! Hope to see you all there.",2
InnoEnergyEU InnoEnergyBN InnoEnergyFR And we won the $100k top award! Thank you for this great opportunity!,2
End of year review of climate kic SMEs by coaches at ECCI...EdCentreCC ClimateKIC EdSust _andrewmitchell,0
Business model workshop for the Italian participants to ClimateKIC greenhouse programme! Aster_ER cKIC_Alumni,0
"Make Business. Savetheworld. Apply now for the ClimateKIC Startup Accelerator: €85k, coaching and NoEquity :",0
Working with our IEAPartners OASISLMF oasis_hub &amp; ClimateKIC on risk dataanalytics AgRisk,0
porque ellos te van a buscar y no te encontrarán. ¡Así que entra ya en ! CienciaGob lapalmaresearch EITRawMaterials educaciongob educacion3_0 elpaiseducacion diarioeduca geologicasUCM minasenergiaupm,3
CKICNordic is ready for cphclimatesolutions! Meet us at the session on GreenFinance in room 19! Look forward to moderating this session,0
"Blockchain,IntelligenzaArtificiale e ecommerce per rilanciare l'agrifood-tech Agrifood4Restart primaitaly via franzrusso AngeloRiccaboni UfMSecretariat FAO mohamedshinawi FACCEJPI arigiulio CatAgroeco IsidroGAfonso EU_Commission EITFood",-1
We're nominated for VentureOf2018 by InnoEnergyEU 🎉 VOTE for our CEO Jasper Verreydt in the EIT Public Award 2018! 👉 turbulenthydro EITAwards renewable ecofriendly energy micro hydropower turbine sustainable,2
How 11 cities are leading the climate change fight Copenhagen CKICNordic Yokohama,0
EITRawMaterials Roskill_Info fiat UmicoreGroup solarimpulse VITObelgium GroupeEramet SINTEF FLSmidth NickelInstitute NTNU ☺️,3
. Arjan_vTimmeren of AMS_Institute shows Amsterdam in transition and what they are working on together with the city The ideas fit perfectly in the ambitions of ClimateKIC,0
Today - Robert Riggio Future Networks createnet guest speaker at EIT_Digital Stockholm CLC,1
pitchsession jury digitalcities Summer School Nice final day EIT_Digital EITDigitalAcad,1
"""We need to set ambitious targets on all fronts &amp; use innovation to address climatechange"" -Dr.Cherrett ClimateKIC",0
Of interest too for EICPathfinder FET_EU EUeic,1
Druckfrisch auf dem Tisch. Freue mich über neuen StartupVerband KPMG DSM17. Unterstützt durch EIT_Digital,1
"En septembre 2018, UnivRennes1 membre du ExcellenceCyber ouvrira un Master en cybersecurite européen pour la Master School EIT_Digital",1
"Cuál es lo papel de InnoEnergyEU en la transición energética de acuerdo con RobertNavarro10, Managing Director en innogy_en y también mentor de start-ups en InnoEnergyIB? IESEenergy energytransition",2
.EIT_Food EITeu (European Institue of INNOVATION and TECHNOLOGY)just selected Peanut butter company for place in Istanbul.congratulations for you innovative choice full of R&amp;D(mix peanut butter with other ingredients with blender in your home)FoodTech,1
"Dynamic discussion today with national &amp; int’l partners on ‘doing development differently’ in AralSea region. Only thru innovation &amp; partnerships can we ensure full impact. Thanks UNDP &amp; ClimateKIC colleagues for inspiring new thinking, building also on UNAralSea lessons",0
Progressive European Innovators hoping to turn one of the Finalist Badges we created for EIT_Digital into a Winners one! Innovation Days still to come in Berlin and Budapest - Madrid is today! Design GraphicDesign Innovation Startups Scaleups DigitalChallenge,1
"Want to work with climate innovation, exciting events and ground breaking green startups? Join CKICNordic as our new intern! cphftw",0
WORTH READING. We’ve talked to ENTECH graduate Jeevan Dasan about his experience studying in one of the EIT InnoEnergyEU Master’s School programmes. ➡,1
WorldGBC Congress 2016 Stockholm Trailer via YouTube ClimateKIC ckicnordic...,0
"""MercianRockyRex: VahediSara greenpeaceBLN ClimateKIC What you need is a Time-warped Tyrannosaur!! HackClimate",0
"A few days ago, we joined a new edition of the EUeic Corporate Days to meet ABInBev_EU and pitch them about how Barbara can help them in their breweries digitalization EUeic BrewingBetterTogether IIoT IoT",1
EIT Digital Master student EITDigitalAcad becomes worldwide expert on drone security,1
Fantastic ClimateKIC Climate Innovation success! The YouTube for 3D Cities.,0
Valeria Bandini RIC Emilia-Romagna Regional Manager presents ClimateKIC Accelerator Italy in Bologna green energy,0
"If you are interested, intrigued or just happen to have a spare 90 minutes on Friday 17 May then you are very welcome to join our GRAF Fostering Interdisciplinary Systems Thinking session in Room 13 1030-1200 at GP2019Geneva GPGeneva2019 GPDRR2019 DataEmergency ClimateKIC",0
"Register before Feb 18 for ClimateJourney18, a summer school for ClimateChange knowledge &amp; entrepreneurship skills. Learn how to create a product/business model that will help the environment! In cooperation with CopernicusEU MT ClimateKIC",0
"⚡️Diego Pavia InnoEnergyEU Notre objectif : nouvelle économie d’ici 2025. Nous avons besoin de travailler avec tous les acteurs de la recherche, innovation, financiers, régulateurs. 70 milliards d’€ vont financer ce projet. ElectrificationEurope EDFLab EnergyTransition",2
Good news for energyefficiency investment KICInnoEnergy ClimateKIC,-1
"Congrats! Dora Palfi, Alumna of EIT Digital, among the 30 semi-finalists of The European Social Innovation Competition EITeu EU_Growth",1
EITeu European Institute of Technology: Women Entrepreneurship (WE) Health enhances the participation of women in health innovation,1
"The 'Explorative Exchange' ClimateKIC Deep Demonstration workshop experiments with Social Simulations, Humour and Legislative Theatre to foster transformative change and support systems thinking. With IIASAVienna, RCClimate and games4sustain. ForgingResilientRegions",0
Evaluation of the EIT - European Institute of Innovation and Technology Final Mid-Term Report Technology innovation UAV drones RPAS startup Education EITeu smartcities dronethinkdo,1
EITDigitalChallenge launched to scale up startups across Europe. Join Sentryo in the EITDigitalAccel program !,1
"🚀Humaniser la transition énergétique : l'action des citoyens pour un monde durable 🌍 devient populaire et puissante, rendez-vous à TBB2019 pour échanger sur le sujet ! EITeuInnoEnergyEU",2
"Human connections are as important as ideas. To build a network of innovators, ClimateKIC launched its first European cluster accelerator programme, TheCAP. Their first event took place this month at ProvadisSchool in Frankfurt 🇩🇪 👀👉",0
regulation in uptake of SmartEnergy solutions ict technology smartgift2016 EAIchannel EIT_Digital smartcity,2
How to become a European digital scale-up according to EITDigitalAccel DominikNdN NLtech BeTech startups,1
Congratulations to the 6 Irish🇮🇪 SMEs who are to receive EU EUeic funding to help finance their close-to-market innovation activities and get to the market faster!🏆🥇🏆 Find out who they are: EICAccelerator,1
We're proud to kick-start today the EuroCyberWeek with a press trip at EIT_Digital in Rennes!,1
🎊Congratulations to oculavis for winning first place EITDigitalAccel in the Digital Industry category! The Aachen-based scaleup offers an AR approach to simplify customer service in the manufacturing industry. AR Germany Funding,-1
Live in 2 hrs with EIF_EU Head of Equity Investments UliGrabenwarter Will discuss re: VC landscape in Europe before and after coronavirus Join us through my LinkedIn page MindTheBridge SEP_EU StartUpEU startup_italia nesta_uk EUeic isidrolaso,1
eurireland MarosSefcovic ClimateKIC A growing group of businesses is calling for Irish Government to build Greater Dublin Area Cycle Network it planned in 2013,0
Gracias por vuestra confianza PathwaysEIT EITHealth EIT_Health_es ValueEIT EITeu EITHealthCampus,1
Have a great green startup idea ? Join ckicnordic´s Greenhouse program Deadline 1. Nov! Apply here:,0
"Innovation in SmartCities of the future - Part X, The Edges En EIT_Digital",1
"Mary Robinson: Commit to climate fight, then get angry with government and business ExtinctionRebellion netzero InnoEnergyEU",0
Download all eiteu publications by going to and selecting 'EIT publications'. No more paper!,1
EIT Digital has several interesting positions open across EU and Silicon Valley. Apply now! EITDigitalAccel EIT_Digital,1
And the jury comments on reNects business idea! Very impressive. CKICNordic CopernicusEU ClimateJourney18 innospacers InnoSpaceJourney2018,0
"Applications for the EITDigitalAccel Challenge 2020 close on 7.6.! 📣 Accelerate your deeptech scaleup, win a €150k growth package, support from 40+ industry experts &amp; access to international markets! Apply now 👉 DeepTech FinTech Industry40 Tech",1
"ClimateKIC Invite 4 u 2 learn about new underfunded clean energy tech design, based on a recently discovered aspect of physics. Can quickly replace fossil/nuke in all uses of energy and transportation. &lt;1 hr; your best scientist talking w/ us changes impossible view 2 possible",0
Lyras pitching at ClimateKIC Launchpad finals in Cyprus.. go go go,0
"WEEPOO recyclable diaper service. Less waste, local service. ClimateKIC journey2015",0
Our main ClimathonLund organizer and ClimateKIC coordinator at lunduniversity Olof Blomqvist is ready and looking good at the start of the second climathon in Lund,0
Brunch on circulareconomy startup incubator competition IFATMunich by VeoliaDE and partners EITRawMaterials,1
¿Tienes un proyecto relacionado con las energías limpias? Programa de aceleración de empresas. Inscríbete hasta el 24 de febrero❗️ Más información en: Cleantech_Camp InnoEnergyEU Naturgy enagas barcelonactiva CEIIA,0
Serious games are the new trend of 2018! Nice collaboration of EITRawMaterials partners incl. VITObelgium,3
"Retweeted Climate-KIC (ClimateKIC): .Gudrun_Freese, Communications &amp; Public Affairs Lead at ClimateKIC here...",0
A paradigm shift in Healthcare is needed roboreissu EITeu,1
"Discover the latest digital technology solutions for health and wellbeing selected by EIT_Digital at the eHealthEurope in Freiburg, 24–25 May: CheckCardio, CyberTrap_, Nively, and ki_elements_tw.",1
gripe_official AgyemanEfe GhaCIC Ashesi UNUINRA EY_Africa SNVworld NLinGhana ClimateLaunch WorldBank WBG_Climate ClimateKIC,0
"MEDICA EIT_Digital booth 15E56, last day to meet some our European start ups and scale ups, find out our newest wellbeing innovations on prevention of health issues work, early detection of cognitive disorders, cardiac telemedicine and moreMEDICA EIT_Digital wellbeing",1
Oceans are our biggest natural solar collectors! ClimateKIC startup BlueriseBV has developed the technology to harness this power for electricity and cooling systems that are more efficient at lower costs than conventional systems. renewables,-1
At the Climate Change Leadership Porto Summit 2018 ClimateKIC CCL_Porto2018 climatechange porto,0
Excellent cross-KIC workshop on identifying gaps in climate adaptation responses at EIT House today EIT_Food EITHealth ClimateKIC,0
"In recent weeks, the EITHealth ‘Rapid Response’ initiative has evaluated the existing 2020 budget in order to prioritise solutions that may assist in the fight against COVID-19. Find out more: EITCommunity COVID19",1
Happy womensday from all of us at InnoEnergyEU EITeu,1
Register now! Biomimicry workshop in Cyprus supported by CyUniTech EITeu RIS ClimateKIC SteliosYiatros,-1
CKICNordic Spark! Lecture site visit to a Symbiosis Center Denmark. What an amazing ecosystem!,0
"A small bank close to the Arctic is making every credit card transaction take on climate change, and invites all other banks to do the same: SofieBlakstad fintech_impact FinforTomorrow foster_change CKICNordic SusanneOslo cathrinejahnsen ClimateKIC",0
"Transforming our agriculture for a better tomorrow! In 2019, EIT_Food will invest €56.4m into agrifood projects 👉 EITCommunity Food",1
EIT_Digital Italian Innovation day &amp; Challenge final - Digital Cities,1
RT ClimateKICItaly: RT teamshaman: ClimateJourney18 Journey8 pitching of challenges the teams will work on the next 3 weeks. Next stop is Munich! ClimateKIC ClimateKICItaly pamr83,0
During the 17 Dec event at ClimateKIC Brussels ASniegocki presented a concept of applying econ toolkit to decarbonisation challenges supporting smart reindustrialisation of carbon regions. The concept is part of Wise_Europa climatestrat project. More:,0
We've been selected among 15 EU scaleups for SEC2SV See you in SF SEP_EU StartUpEU EIT_Digital 😎,-1
Finding the right funding: already more than €75M raised with support of EITDigitalAccel scaleups AccessToFinance,1
FutureARK scotgov ClimateKIC_UKI Should maybe have headlines BanGasBoulers or BanDevicesThatPolluteCitiesLeadingToDementia,0
Thanks gruenderszene for encouraging startups to conquer Europe with the EITDigitalChallenge EIT_Digital,1
Go green Birmingham!! Folding Bikes for hire in city centre! cKIC_Alumni WM_RIC BCU_Arts MyBCU birminghampost,-1
Time to hack climate change! ClimateKIC is hosting a 24-hour Climathon on 6 continents. Is it in your city?,0
How can digitalisation unlock the circular economy's potential? Great white paper by ClimateKIC !,-1
Read about my keynote on innovation digital networks growthmodels in Startupbusiness. Thx fede_guerrini EIT_Digital EITalumni,1
- 1jour1solution - Planifier des villes adaptées au changement climatique ClimateKIC SmartCity COP21,0
Thank you ClimateKIC &amp; GothenburgCity for a GREAT workshop on GreenFinance! With smart investments we can save our planet GreenFinGot,0
"Join InnoEnergyEU at Assemblea ris3cat_energia.""Business creation and investment round in the energy sector"" by JM_Torregrosa and jsrrpd",2
alelomi EIT_Digital lexploresweden CreepPro_EIT ProLifeForToys manuelaappendin Bellissimo!!!,1
Calling all European Women innovators. Don’t miss the opportunity to apply to the EU Prize for Women Innovators. EU_Commission EUeic,1
Second Digital Day kickoff by Ansip_EU DigitalDay18. Committed to work on Europe’s digital future EIT_Digital,1
"Il gisday organizzato da GisAction ha avuto lo scopo di favorire la condivisione di esperienze sul raggiungimento degli SDGs. Il progetto DoNotFear presentato da WiseTown, mira a rendere le città inclusive, sicure, e sostenibili (SDG11). Esriitalia TUBerlin EIT_Digital",0
Join the discussion: Splinter 4 – Genetics and personalised medicine esa WHO EITeu medicaldelta,1
Today at Kellohalli tomorrow Finlandia house. Week full of events to discuss how future of foodbusiness is going to look like. EITCommunity NordicFAN elintarvikepäivä,1
NLannefors InnoEnergyEU Great suggestion NLannefors !,2
Estaremos durante esta semana en la smartcityexpo Ven a visitarnos en el stand de EIT_Digital si te interesa el opendata,1
"simonmc EUeic I just know many times personally when in VC, companies had existing offers from commercial VCs and instead took EU or VCs backed by EU money because the terms were better. So basically just raised the price of the round where there was no funding gap",1
CleanTech Startups gesucht! ClimateKIC Accelerator fördert mit €95k ohne Abgabe von Equity. Deadline: 13.08.17,0
"Nu är anmälan till Innovationsrace 2019 öppen, Cleantech-bolag välkomna med en ansökan! Sista anmälningsdag 11 februari! innovation energi IgniteSweden PCSummit_se InnoEnergy_S PowerCircle_swe",-1
EitDigitalConference con le startup digitali EIT_Digital WillemJonkerNL - Hi-tech - ANSA,1
We are excited to co-organise this course providing valuable insights for policy leaders on improving the resources management using the UNFC and contributing to the UN 2030 Agenda for SustainableDevelopment and the SDGs. 🌱 Sing up! 👇 WRF2019 EITRMAcademy intrawobs,0
I'm looking for a digital marketeer to help ClimateKIC European team details here careers digital climate,0
Join us for the Reclaiming the Streets Symposium on Thurs 20 Sep supported by ClimateKIC and in partnership with nlalondon and PlanningMag WUC18 Book your tickets now:,0
Check this out! Martinereicher1 trishbrussels MichalBoni EITalumni,1
.EITeu is selecting new members for its Governing Board. The Call of expression of interest for up to eight new members is open now and until 21/10/19. InvestCyprus UCYOfficial CyUniTech CY_Research RISECyprus KIOSCoE patsalisphil kyriac_kokkinos,1
DMCoach+ Team is still here until tomorrow evening at FIWAREsummit in Genoa PortoAntico DMCoachTeam FIWARE EIT_Digital FBKcom GameBusApp EngineeringSpa,1
EIT_Digital announces new Stockholm Node head ICT H2020,1
Now for the Finals! CLP2016 Such an amazing venue space warehouse cleantech event ClimateLaunch ClimateKIC annoucement,0
ReuseEveryday by repairing items. Attend this Reuse Month event in Limerick this evening to get involved in upcoming electrical/electronic repair workshops. Find out more ways to repair at UL fablabLimerick EITRawMaterials LimerickEnviron,3
"You are an energy innovator, this is what InnoEnergyEU can do for you. ENGIEInnov is an active member of InnoEnergy.",2
Congrats to the winners of Climathon in ParisSaclay from CKICNordic,0
ReCore’s director details the Microsoft exclusive’s ties to Metroid and Mega Man via EITeu,1
Arena RegioneER R2B2017: the first 3 startups of the ClimateKIC Startup accelerator Italy are pitching! WrebbyProject AgroHTC byento,0
At CampusMadrid for swggetaway. EIT_Digital supporting this great event organised by our ARISE Baltic partner StartupWiseGuys. Don't miss our local BDA crubal69 speech at 12 on 'Startup scaling and corporate business development',1
Thales et InstantSystem expérimentent le covoiturage dynamique à Lisbonne w EIT_Digital,1
Smart metering: Friedrich Rojahn pitches Solandeo on Ecosummit TV. ClimateKIC HTGF,0
"Vote now for the 2018 EITeu PUBLIC AWARD for the top EITcommunity innovation! Our nominee, György Dán needs your support to win in the INNOVATORS category! Vote here: Find out more about his SOC4CI project @: EIT_Digital",1
Need support with internationalization or AccessToFinance? Check EIT_Digital AriseEurope OpenHours,1
Das Europäische Innovationsnetzwerk EIT_Digital startet Startup-Wettbewerb Idea Challenge,1
"Dr Rübig MEP, with Commissioner Navracsics and M. Kern (EIT Dir.), at the opening of InnovEIT 2017 PaulRuebig EITeu EP_ThinkTank",1
Average growth of value of different companies TatuKoljonen EIT_Digital _ideachallenge SmartSpaces,-1
"FINE SETTIMANA DENSO DI APPUNTAMENTI a trentosmart Week 2019 OGGI aperitivo digitale con enrico_m_piras sara_hlt e Paolo Picchio, Fondazione Carolina Parleremo di Cyberbullismo Le parole fanno più male delle botte lifeskills CreepPro_EIT EIT_Digital",1
"Besides publishing the Building Market Brief Spain soon, we're developing the 1st City Building Market Brief on Leuven. It will be revealed early 2020. Want to follow the developments, please subscribe to our newsletter We're supported by ClimateKIC",0
elisa_cccc sollazophoniasd ClimateSusanne RVKClimathon CKICNordic Veramente! Ce li teniamo per il prossimo anno!!,0
Al via i RepairCafe del progetto Refer weee criticalrawmaterial eminers Quante materie prime salveremo oggi? EITRawMaterials RestartProject DEDAGROUP_ICT FBKcom,3
"Good news. And link with Helsinki and WhimUK shows potential for accelerating clean, smart transport across Greater Birmingham. Now link up with Midlands smart companies and 'ClimateKIC_UKI",-1
Delighted to see the impact from our work with c40cities &amp; other ClimateKIC partners,0
„Der Planet hat Fieber!“ Siemens-Vorstand MichaelSen drängt bei TBB2018 Kopenhagen zu schnellerer Transformation der Energiewirtschaft InnoEnergyEU,2
ClimateKIC student Sebastian shares his experience working in NYC with Urban_Green,0
WHAT'S UP? News from scaleups supported by EITDigitalAccel,1
Readt to talk scaleup Polihub Mentors' Club EIT_Digital EITDigitalAccel,1
ECOSISTEMA URBANO Mi 30Ott migliori performance ambientali cittàcapoluogo PierMaran MarcoGranelliMI DavCorritore AnceMilano ClimateKIC,0
"Weniger Verkehr, geringere Kosten und weniger CO2-Emissionen in der Logistik? Unser schweizer ClimateKIC Start-up pickwings macht es möglich! Erfahrt, wie das effiziente Transportmanagement funktioniert, bei ""heute und hier"" SRF: Digitalisierung",-1
Thanks for coming to Budapest and celebrating with us EITeu 10 at INNOVEIT . It was a delight to have you!,1
.InnoEnergyEU est ravie d'accueillir une nouvelle start-up qui recycle le silicium du photovoltaïque : RoSi71767824 🤗,2
Lucky will be the students at the EITeu Summer School in Stockholm next week: 1. They get to be in Stockholm in the summer 😎 2. They get to hear what Max has to say about ApacheFlink &amp; ApacheBeam 🙂,1
Great job!! ClimateKIC,0
"There are big chances to get over this ClimateCrisis. 💪 innovation, is the key to find solutions &amp; cut CO2 emissions. In this report by ClimateKIC you'll discover lot of these opportunities through circulareconomy 🌍",0
SaveTheDate 11/09 EITdigital18 Innovations TransfoNum Brussels EIT_Digital via mydigitalweek,1
EIT Digital: Jens Ohlsson utnämnd till Head of EIT Digital Professional School EIT_digital,1
"Happy to attend this year's GSTICseries hosted by VITObelgium! Join the CircularEconomy session with Michel Vanavermaete, Innovation Hub Director (CLC) West at EITRawMaterials, chairing a discussion on Virtual Product Chains! ConnectingMatters GSTIC SDGs GlobalGoals",-1
Lest die Teamergebnisse des Climathon Karlsruhe im ClimateKIC-Blog! KITKarlsruhe HsKANews Climathon Karlsruhe,0
"Delighted to announce MagnaPharm has been awarded €100k towards the research and commercialisation of our visionary 'Deep Eutomic' technology, as featured here in ChemistryWorld! EUeic EU_H2020 BristolChem FET innovation",1
H2ME_eu H2Europe HydrogenCouncil COSMHYC_FCH IEA_Hydrogen nelhydrogen h2investors EUScienceInnov ZEFER_EU eaEnergyEU EU_Growth EIB H2NewsGlobal h2 EUClimateAction ClimateKIC Regions20 hydrogenics HyBalance airliquidegroup ZEFER_EU Shell TimmermansEU,-1
"Changes in temperatures due to ClimateChange are exposing vineyards to more ExtremeWeather (frost, hail) and increased pest pressure. The vine phenology is affected, reshaping the European wine landscape 🌞🌍🌡️☁️🍇🍷 Via ClimateKIC DailyPlanet",0
It’s time to announce winners of EITJumpstarter 2019! Congrats to the golden three! iLof EITHealth 🏆UP Catalyst EITRawMaterials 🏆 2B NanoFood EIT_Food 🏆 EITeu,1
Apply by July 31 for EIT_Digital Challenge &amp; scale up your startup,1
3DRepo at EIE2015 bootcamp today as a UCL_Business and EIT_Digital startup,1
.ClimateKIC €Billions EU imports linked to illegal deforestation &amp; KillerPalm Is EU 2020 pledge achievable ?,-1
"""The EuropeanCommission acknowledges green and circular public procurement as a driver of the transition towards a circulareconomy and sustainable development."" via ClimateKIC publicprocurement",0
“Carbon dating” team wins 3rd place prize in the Climathon Galway 2018 hackathon! nuigalway ryaninstitute portershed tech_innovate ClimateKIC ClimateKIC_UKI,-1
Green bond funds poised to break through $2bn mark via Enviro_Finance ClimateKIC southpolegroup ClimateBonds,-1
InnoSpaceJourney2018 is going strong in the Nordics! We are super happy to kick of the week at ICOS_RI! CopernicusEU EITeu ClimateKIC ClimateJourney18 lunduniversity ideoninnovation IdeonSP,0
First pitch Digitalcities Summer School Nice EIT_Digital EITDigitalAcad,1
A great week at the RACE STEMM Communication &amp; Engagement module! With thanks to SorchaNiAodh EITRawMaterials learn_diff SSPCentre 👨🏻‍🔬,1
GreenCities2017 Business action starts with ClimateKIC portfolio manager C. Laurent-Polz innovation urbanfood,0
"Do you have an innovative financial idea to drive green urban investment? What about €85,000 in support to help make your idea a reality? Apply for Southpoleglobal &amp; ClimateKIC’s City Finance Lab today!",0
CHECK OUT: Dutch consulting firm Innopay collaborates with EIT Digital to introduce a new age of digital transaction! startup NLtech Innopay EIT_Digital,1
Great speech from ritter_mary at last night's Cleantech network TonsleySA . All about building great cleantech communities ClimateKIC,0
"jensnymand, DG EAC: push MS to face the huge challenges. New, digital skills in our competitive and complex world EITeu DigitalAgendaEU",1
isquarerimini climatejourney17 the city or rimini will be our work location today looking at coastal cities projects ClimateKIC,-1
Time for discussion! What an engaged crowd at SPS session ckcis2016 thanks for inspiration Simonhboas helleullerup ClimateKIC 🇮🇹,0
gquaggiotto dhofstetter_x ClimateKIC indy_johar JayneEngle ImmyKaur I need some more ClimateKIC in my life as I'm becoming genuinely quite impressed by some of the work coming out of it! Yet to have any replies from climate_kic_aus unfortunately - guess they're still in setup mode.,0
"Industrin utvecklas varje dag, hur utvecklas lärandet i skolan? Dag två av teachtheteacher är igång! EIT_Digital meetinicio",1
Stay tuned for the EITDigitalAccel livestreamrt eitdigital17 DigitalSalutem - starts at 9.30am UK time ( GMT ) digital scaleup,1
🌍 COP22: Weekend JKuylenstierna MayorofLondon c40cities dagenssamhalle ClimateKIC...,0
Marco de la Feld coordinator Smart_Ground presenting key challenges tackled for landfill mining and EITRawMaterials,3
🌍 Climathon Al via la presentazione delle idee e progetti alla giuria del Climathon. A breve scopriremo i nomi dei tre vincitori 🏆 che accederanno al percorso di accelerazione imprenditoriale. 🚀 FondCariplo ClimateKIC,0
An epic meeting is to take place in Budapest this weekend!😍 All four EITeu alumni boards come together for the first time! collaboration,1
Interested in EITManufacturing call? Discover more directly from EITeu at upcoming ManuFuture2017 conference,1
3 DAYS LEFT TO APPLY! ClimateKIC Accelerator Follow success of CleanWaterWave £230k grants/investments at Stage 1,0
Great event EIT_Digital EITDigitalAcad thanks DKlab karinoostt blendedlearning,1
Congratulations david_a_butler message me w/ address and I will send you the wonderful ClimateKIC essentofoods cookbook in the new year!,0
Now starts the 3rd European Sustainable Phosphorus Conference ESPC3 in Helsinki. NutrientP dpp_ev BSAG_ Phosphorus_ie SustainP eureau European_Biogas eip_water EIPAGRI_SP EITRawMaterials EIT_food nutrients FertilizerNews,3
To all future EITDigitalAcad EIT_Digital students (EU and non EU): entry to France will be possible and student visas will be processed with priority. Welcome!,1
Site visit to Infraserv with ClimateKIC PhDSS17: At the heart of the chemicalindustry in Frankfurt talking waste and energy demand,-1
The worse is yet to come airpollution now linked to poor quality of sperms leading to infertility. beatpollution should be made national disaster IUCN. IUCNBrussels.UNEP. ErikSolheim.GAEFKENYA. dw_environment.EU_ENV. OnePlanet CKICNordic. WHO,0
.ClimateKIC Noone will fund new coal in high income countries. Dying fuel. What a shame .jpmorgan isn't just saying notocoal E'WHERE,0
ClimateKIC Epicam_CT It increases attraction of low-cost award winning air battery to stimulate renewable growth,-1
Share the love - High Value Members of this week PStratSchool JeromeMONANGE EITDigitalAccel :) (insight by,1
On my way to meet the cKIC_Alumni ! Looking forward to it!!,1
📣Queda sólo una semana para el cierre de la consulta pública sobre el futuro del EITeu . ¿Qué no debe faltar en la agenda estratégica de innovación para el periodo 2021-2027?💡¿Qué nuevas áreas deberían ser KICs? ✍️contesta antes del 5/dic 🗓️,-1
"Investors' panel: ☑Onur Erbay - Managing Partner, Naviga Capital ☑Łukasz Skarka - Investment Manager, InnoEnergyEU ☑Erdu Gashi - Investment Manager, E2Exchange. thread",1
It was amazing joining you for your annual meeting digitalumni! EIT_Digital has such great opportunities digitalumni18,1
Dear VassiliouEU thank you for your speech yesterday and your overall support to bring EITeu and ClimateKIC activities to Cyprus,0
Nederlandse Scaleup Quantoz een van de beste Fintech scaleups van Europa. Quantoz EIT_Digital,-1
RT ODRennes: ODRennes continue demain avec le Future Cloud Symposium EITeu,1
"Corporates have recognized that they need scale-ups to have corporate innovation going, says crubal69 from EIT_Digital at swggetaway",1
Heading for LSXLeaders LifeScience C-executives partnering conference. See you all tomorrow in London EUeic EU_H2020 HorizonEurope KPK_PL NCBR_pl EU_Commission,1
"ITSWC18 Bulc_EU talks about the eu mission to better life, security and RoadSafety, build a sustainable development through SmartCities smartroad iot and its ITS_Congresses Tnet_Italia EIT_Digital",3
RE_ACTIVATE project EITRawMaterials meeting TallinnTech MEKTORY ConnectingMatters RawMaterials TTÜ,3
Bonjour! Here's our updated infographic on How to Start Your Startup in Paris: francestartup EIT_Digital,1
ClimateKIC sharing! climateurope ClimateKIC oasis_hub community,0
Great that you could offer a Nordic perspective on naturebasedsolutions CKICNordic,0
6 innovation centers selected as ARISE Europe cooperation partners EIT_Digital suvilavinto,1
Have you checked our latest blogpost 📝 on the FuturePulse Music MusicAnalytics PredictiveAnalytics EUeic dmwnews MusicTechMag digitalmusicnws midem EUScienceInnov EU_H2020 DSMeu MediaFutureEU,1
Day 5: ClimateKIC (ers) enjoying leftovers of the week in a sustainable sharing way at ClimateKIC_Fr climatejourney17 gj8 ZeroWaste,0
Thank you! MakeBetterHappen Farahwhfx ValueCSR baraka_dwayne banfossil BLUEdotRegister Wiznessplatform usdew ClimateKIC,0
ClimateKIC check the latest Twitter Statistics and Rankings of CKCIS2016 via TweetBinder,0
In het Financieel Dagblad vertellen Willem Jonker (EIT Digital) en John Baekelmans (Rombit) over de voordelen van een armband ten opzichte van een corona-app. privacy contacttracing socialdistancing Corona jbaekelm WillemJonkerNL EIT_Digital,1
KajEmbren: After a fantastic week in Almedalen: tuula tiinakaho ClimateKIC mayorslead,0
"Ibis_Power dwdd JohansVisie HansaGreenTour STRMVRSNLLNG DuurzameD GroeneZaken WattisDuurzaam EUeic Sustainable2050 Heeft u, naast het plaatje, ook een artikel op internet?",0
"Stockage batterie 🔋 : quelles ambitions &amp; quelles stratégies pour l'industrie française ? Ce matin, workshop avec Bpifrance - ademe - InnoEnergyEU",2
"Barcelona will be the European capital of urban mobility. The European Institute of Innovation and Technology EITeu has designated the MOBILus consortium, led by Barcelona, to be in charge of one of its innovation communities KIC",1
Aiming to provoke people to think — and therefore act climateemergency LeadershipMatters via Tallberg bankers4climate CC_Yale ClimateKIC usmayors ICLEI_USA ICLEI_advocacy BarrySheerman jonathonporritt eaEnergyEU JunagarhMedia,0
EIT_Digital student wins prestigious tech prize in Netherlands,1
EITeu New vector control trap-innovation by STEM team traposquitoes =compost C02-heat to lure mosquitoes,0
isidrolaso JeanDavidMALO1 JEPaquetEU EUvsVirus EUeic EU_Commission EUScienceInnov Amazing great work 👏👏👏😿🇪🇺🇪🇺🇪🇺,1
How to stop climatechange ? ClimateKIC launched the COP21 calculator with partner FT,-1
📢 Prevista per il 15 aprile 2020 EUeic una sessione di ePitching sul COVID19 per le PMI già finanziate per investimenti ulteriori per soluzioni contro la pandemia e le sue conseguenze ❗️Iscrizioni entro il 27 marzo,1
Discussion on heat sensors is on now. DTUSustain CKICNordic ClimateSusanne,0
A look at service oriented architecture in smartcities from IEEEsmartcities expert rsaracco of EIT_Digital:,1
"“Convertir las mejores ideas relacionadas con el cambio climático en productos y servicios” uno de los objetivos del EIT ClimateKIC, expone José Luis Muñoz Director de ClimateKICspain en la CCliVal🌍",0
No te pierdas el curso on-line gratuito del Centro Regional de Adria de EITRawMaterials el próximo 10 de julio y aprende de la mano de un experto sobre la Licencia Social para Operar en el sector de materiasprimas. Inscríbete antes del 8 de julio.,1
Are you a young manufacturing leader or do you want to be one? Still time to participate in an essay contest about how AI will impact our future. Read more about the Young Manufacturing Leader project: 👉👀 Ready to ManufacturetheFuture EITcommunity,1
"Vi skal blive bedre til at estimere omkostningerne for samfundet ved oversvømmelse, det arbejder jeg på med TokePanduro og Jette_Bredahl KU_IFRO Tjek vores projektside her MikkelHenriques CKICNordic Realdaniadk climatechange",-1
"ClimateKIC presente en la 4ª edición del Foro Europeo para la Ciencia, Tecnología e Innovación Transfiere2015",0
Oggi una classe di scuola media in visita a icenter di cefriel e EIT_Digital. Bello sentire che conoscono tutti Scratch.,1
"Find out more about EIT_MOBIUS, an EITRawMaterials project that is setting up a pilot network among 4 universities from East &amp; South-East Europe running rawmaterials master programmes.",3
We're looking forward to EUW17's GameChanger Challenge with InnoEnergyEU and talking potential Impact... See you there!!,2
". alainleloux, Business Accelerator EIT_Digital, has coached 200+ startups! Collectiva16",1
Eubioenergy destroys forest.Sad how tax payers money used EU_ENV. dw_environment. UNEP. RnfrstAlliance IUCN_forests. IUCNBrussels. seansouthey. JonnyEcology. FAOForestry. WWFForestCarbon. ClimateReality.CKICNordic. DiannaKopansky peatlands,0
ClimateKIC ClimateKIC_UKI,-1
EIT_Digital offers venture funding for digital wellbeing businesses impacted by Covid19 and also invites data driven solutions with a wellbeing focus. Apply by 25 May:,1
SEC2SV Building bridges across EU and SiliconValley MindTheBridge aonetti FacilityLive EIT_Digital,-1
Next week we will announce a major breakthrough for ClimateFriendlyTravel ~ measured: green: 2050 proof. A legacy for Maurice Strong. felixdodds WorldResources ClimateKIC ASteiner cathmckenna Earth_Changers_ GeorgeMonbiot GeoffreyLean,0
digitalumni EITDigitalAcad EITHealth EITalumni EIT_Digital InnoEnergyEU well done digitalumni 😉😉🔝,1
AfricaInco VC4Africa EUBIC AfriLabs TheNext_Society emergingvalley Cc_HUB EUeic MyAfCFTA AlliedClusters EUScienceInnov Consider actionlearning and coaching as effective means of learningtransfer,1
"EUeic cilanivre You mean October, right?",1
Por 3 año consecutivo EIT_Digital y Mind the Bridge coorganizan SEC2SV 1er programa para scaleup europeas en USA:,-1
"Day 1 of EITDigital17 via socialOmeters: 310 posts, 116 users, 1188 engmnts socialmedia EIT_Digital DiLievens ViolaRoberto Poulin2012",1
Green Technology Choices UNFCCC andersegelrud CKICNordic ClimateSusanne AndersWijkman Euractiv,-1
".figuerescr very impressed with ClimateKIC as ""largest &amp; most successful green incubator in the European space"" SparkingInnovation COP21",0
EdnaAyme EITDigitalAccel: Wittkamper and DanielMichel99. Very nice picture indeed taken on the spot after hours and hours of meetings.,1
Good luck to tamasturcsan and magosero that this afternoon at 4pm CEST will join the EITFood Food Innovation Prize competition in the Hungarian final with their regenerative almond spread. Get your free ticket on Eventbrite to join the event on,1
Pitch Coaching Sessions with bethpitch from SiliconValley Accelerator ClimateKIC,0
Together with ClimateKIC MunichRe and ERGOGroup promote climate protection by our cooperation in the accelerator programme respond2CC,0
Did you catch this week's podcast episode? Learn how project SusCritMat is helping others understand critical raw materials and attend the Summer School for Educators in July! ➡️ SusCritMat CriticalRawMaterials sustainable CRMs EITRawMaterials,3
Let's not keep quite about it. Our forest reserves are depleting. Let's encourage proper land use and alternative livelihoods. It's a TfD agenda. Let's make it happen. SustDev EPAGhana UNDPGhana UNHCRWestAfrica AUEcosocc ClimateKIC worfa_kwame realFemiOtedola,0
"decarbonathon winners: Mobiliteam, TEBS, Bynd and MUTUM! YGLvoices ENGIEgroup NPL ClimateKIC ClimateAction",0
Take Action on climatechange through entrepreneurship. Join the ClimateKIC Journey Summer school. climatejourney17,0
RT ClimateKICItaly: RT pamr83: innospace climatejourney18 visiting esa frascati ClimateKIC ClimateKICItaly kramirezramos,-1
Are you Grundfos and Novozymes next co-development partner in Bangalore? 🌏🌏🇮🇳🇮🇳 grundfos Novozymes ClimateKIC CCAMP_Bangalore jaagarnaut SDG6 startup Bangalore,0
EUDigitalEdu EU_Commission simonapetkova7 pankampylis eu_schoolnet EITeu EU_ScienceHub eTwinningEurope CodeWeekEU DSMeu EUErasmusPlus EdChatEU A5. Yes. Looking forward to the event!!,1
Thank you stephbazire InnoEnergyIB and InnoEnergyEU for this opportunity here in Barcelona to share ideas and meet people who invent the future of energy transition.,2
EUeic poncete FrBrizard manaoife JeanDavidMALO1,1
This happens when the climatekicjourney enter in your life and you have amazing experiences such the one in Cyprus ❤️ ClimateKIC cKIC_Alumni,0
periodistia EIT_Food CasaCiencia_Sev CIAL_CSIC_UAM institutograsa ImdeaAlimenta MaggiRosa CSIC EITeu UAM_Madrid Muchas gracias a vosotras y a CasaCiencia_Sev por la organización. 👏👏👏,1
👩🏻‍💻 a little update on the eitfoodschoolnetwork plans for 2020 on the eitfood website 🗣 translating our findings and engaging with stakeholders,1
"We will not effect Climate transformation at the speed and scale required unless we address issues of jobs, identity, and livelihoods of different groups across society. Reflections on citizenengagement for ClimateAction from FutureARK ClimateKIC",0
"EITRawMaterials visiting Metso Minerals, which is strengthening its R&amp;D&amp;I:",3
EdCentreCC ClimateKIC waterwhelm RAEngNews EdinInnovations EdinburghUni CarbonForecast JamieBrogan3 ClimateXChange_ EdSust Nice one Ali !,0
'Flying without fuel you realise that the rest of the world is in the past' bertrandpiccard cop23 CDP BSRnews ClimateKIC,0
.EIT_Digital has been developing a pedagogical cooperation strategy based on a teachers’ practice community to develop and disseminate Innovation &amp; Entrepreneurship Education programmes within a network of top EU tech universities. The result:,1
"New video of Innovator Catalyst 2014 - Skills, transitions &amp; water management ClimateKIC Ingenio_Csic_Upv",0
Steps towards a cleaner world! Here are 9 reasons why it’s awesome to participate in CLP18! We are having a blast at our Danish boot camp! ClimateLaunch ClimateKIC EITeu climatelaunchpad ClimateSusanne mikkeltrym,0
How many ways are there to explore subsurface? Proud to present you the H2020 Smart Exploration project with its discoveries! SmartExplore EU_ecoinno EU_Growth EITRawMaterials,3
Looking forward to meeting you in Budapest eitalumni eitconnect innoveit,1
Digital Platforms is the challenge EIT_Digital. EngineeringSpa is playing key role there. FIWARESummit,1
EIT_Digital Trento OlivettiOnline JOL_SCube SmartRetail WCards Olisignage VidoCatalog Innovazione,1
.LEGO_Group is shifting to greener plastics. By arstechnica NordicMade cphftw AARsome nordiccleantech NordicCleantech CKICNordic CTScandinavia DKCleantechHub CleantechFIN,-1
"msojdrova EPCulture EITeu CzechTV Ve svobodné, demokratické volbě nebyli zvoleni ti koho jsme tam mi chtěli =&gt; babyrage",-1
"Honoured to open 2nd TeenovatorStartupWeekend, engaging our young people to turn innovative ideas into startups. I encourage you to use EU_Commission initiatives, EuErasmusPlus, EITeu, Digital Education Action Plan. Whishing you all success in your creative journey!",1
"edcraigecci ClimateKIC Well done Ed Craig for creating the conditions for collaboration and exchange across some of the most important industrial centers of the world. Thank you to Dean Zhao, China-UK Low Carbon College KirstenCKIC",0
EUScienceInnov C_energy2020 MICleanEnergyRD childp_child Energy4Europe EUClimateAction bertrandpiccard EU_EASME EU_ScienceHub EUeic MSCActions EUEnvironment Thanks for retweeting. Did you know you can also nominate Champions in your country? Tell us who impressed you most?,1
J'ai voté pour Lumo Cc LumoFrance Cleantuesday FrenchTech ClimateKIC Pole_FIN_INNOV Silicon_Tile Fin_Part,-1
One of the ClimateKIC accelerator startups featured in AHallbarhet: modvion - the IKEA of wind power!,0
"ecirp project group visited Outotec, hosted by Matti Laakkonen. virtualreality solutions for business, sustainability, raw materials, technology, education for circulareconomy EITRawMaterials outotec caledoniahub",3
Mechanocontrol CurrentBiology XavierTrepat IBECBarcelona FETFX_EU EUeic CORDIS_EU CellPressNews 🤩,1
Fyra viktiga åtgärder för att utveckla och sprida mer klimatvänlig teknik. InnoEnergy_S och Energi_mynd viktiga aktörer för Sveriges del. Fler aktörer behövs. Bra att intresset ökar! Cleantech RenewableEnergy,-1
Great initiative InnoEnergyEU EITRawMaterials euromines graphite cobalt rareearth $LEM,3
Great connectivity is not a luxury: Spotlight on 3 scaleups bridging the digital divide on World Telecommunication Day via EIT_Digital:,1
Ce soir cnastar from eit_digital @ 7PM Paris live streamed sciencespo Digital Future of Europe Visionspol,1
Register for DigiCatapult’s EIT_Digital PitStop and improve the use of bigdata in citizen services:,1
Personal congrats of linegry to the EITeu ClimateKIC graduates and emhasizes that this the starting point of something new We are happy to help you all to connect with cities corporates governments institutes etc Time to take Action! pioneers greenhouse climatelaunchpad,0
"And so it begins... Judging underway shortly for places on the coveted ClimateKIC Accelerator 1 at ECCI, providing funding and support for low carbon start-ups.",0
Government unveils vision for national deposit return scheme - Better late than never... PLarshans CrowdWeek smartcitieslive ClimateKIC theWSBF miljotweets EURACTIV BarrySheerman cdlariviere JKuylenstierna plasticwaste waste recycling,0
EITCommunity delivering significant impact for Europe and its citizens. Read more about the successes in each of the EITeu's key areas in the new Impact Study: EUinnovation H2020 impact,1
Very informative debate on Media for Equity SmartMoney2016 - EIT_Digital,1
The EITDigitalAccel Challenge - explained: Apply now &amp; scale up your startup!,1
Sylfen_fr InnoEnergyEU So happy to have exhibit! See you at TBB2019 in Paris... and at the Grenoble incubator in the meantime ;-),2
CopernicusEU CopernicusAcademy workshop as part of SEW18 just started at cesenalab erstartup Aster_ER ESA_EO NEREUSaisbl SA_Tecnopolo ClimateKICItaly FIWARE OrganiCity_eu ClimateKIC AZO_space wireditalia Italia_Startup startup_italia,-1
So excited to start a new role today at UniRdg_SAPD (remotely) and embark on a very exciting consumer behaviour project with DanieleAsioli LisaMethven EITFood foodinnovation consumerbehaviour cocreation,1
Opportunità dall'UnioneEuropea per PMI e startup: la scadenza di maggio del bando EICAccelerator di horizon2020 ha come focus il greendeal JeanDavidMALO1 GabrielMariya EUeic Arter_ER erstartup apre_it,-1
GRI Chief Executive TimJMohin talks at today’s COP23 side event with CDP CDSBglobal giz_gmbh and ClimateKIC,0
The EITDigitalAcad summerschool in Smart Retail has just started at AaltoUniversity... Looking forward to support the Master's students in their 2-week I&amp;E challenge and share some advice from their fellow digitalumni!,1
"With the InnoEnergyEU InvestmentRound, we don’t just provide funding- we also give access to Europe’s leading network of 430+ cleantech and sustainable energy expertise, and more. Don’t miss out: funding SME innovations",2
Very interesting talk by Peter Schaar on the future of Safe Harbour EIT_Digital 's New Directions in Cyber Security pstberlin,1
ClimateKIC_CH ClimateKIC Ready for your pitches Winterthur? Exited to hear about your mobility ideas!,0
EITeu By the way - this is plastics technology at its best. On the occasion of our annual class reunion (PL70 - plastics technology) we had the chance to visit on of the most innovative plastic producers in Europe - (unfortunately in german only),1
InnoEnergyEU aerospace no co2e,-1
Thanks to Luca Malservisi KIC_simon ClimateKIC journey2015,0
CsMadridCiudad GUTIMB ClimateKIC begonavillacis Madrid escaparate del mundo para potenciar la mejor imagen de nuestra ciudad,0
30 days until COP21! Join the JourneyToParis with ClimateKIC and ActOnClimate,-1
Our ClimateKIC innovations in pipeline &amp; startups face barriers to scaling in market from regulation to culture to process Food2030EU,0
And how to issue a greenbond ? Cities environment sustainability hubwestminster ClimateKIC ClimateKICLoCaL,0
Impressive Max Mohammadi 👏👏🙌🏻🙌🏻InnovationDay17 EIT_Digital,1
Very interesting to get a BMC snapshot from our ClimateJourney18 teams ClimateKIC cKIC_Alumni CkicCyprus,0
EU_opendata tinholt Capgemini EUinmyRegion EU_Growth EU_EASME EEN_EU EUeic EIB BusinessEurope SMEunited EEPA_EU EU_EESC Help data startups get a boost with EUdatathon. Please spread the word startuphealth StartUpEU SlushHQ crunchbase AlliedClusters startupgenome EU_Startups 500Startups EU_Health eaHealthEU startupindia UKSBN SemanticWeb ukbizforums IBTimesUKBiz,1
After a short break we welcome on our stargateday stage: speedinvest CyrilV_VC PierreCordelle DanielMichel99 EIT_Digital pioneers16,-1
".Exceedence have raised 70%+ of their target on Crowdcube from investors across 23 countries. A remarkable success so far, for a company with a remarkable platform. Still time let to get on board | ClimateKIC_UKI ucctechtransfer Renewables fintech",0
Calling all InnoEnergyEU and ClimateKIC innovators and entrepreneurs: don't forget to apply for the EUSEW18 Awards. Show everyone what the EITCommunity can do! H2020,2
Martin from BattrionAG presents battery innovation InnoEnergyEU electrical storage even,2
📢 Grabación del Webinar sobre movilidadsostenible movilidadsegura en tiempos de COVID19. Gracias Panelistas! - Daniel Serra EITUrbanMob - janetsanz bcn_ajuntament - LolaOrtizSanch2 MADRID - José Del Río malaga - giuseppegrezzi AjuntamentVLC,1
For our Dutch readers: MEPs visiting in EIT_Digital Silicon Valley Hub,1
"Huge success for PurCity1! 🙌Their efforts to improve human’s life quality by purifying air &amp; water offering smart, innovative, affordable and high quality solutions are being recognized by Young Transatlantic Innovation Leaders Initiative! EITeu ClimateKIC",0
"🔜Webinar ""Infrastructure for net-zero heavy industry in Europe"" Final event of the INFRA-NEEDS project. 🗓️10.06. ⏰10.00 – 12.30 Further information &amp; Registration ➡️ ClimateKIC Wupperinst GreenDeal Decarbonisation",-1
Watch this video pitch w/ EIT_Digital Challenge winner blitab_ presenting 1st Braille tablet for blind people:,1
"L’INRIA a développé le protocole ""Robert"", qui devrait servir de base technique à l’application “StopCovid” française. Contacttracing : Bruno Sportisse, PDG d’Inria, donne quelques éléments pour mieux comprendre les enjeux. Inria EUeic CNIL 😷👉⏬",1
"ElenaRocioSL microBIOblog SaludISCIII CienciaGob EUeic CNB_CSIC CSIC Murciasalud SaludPublicaEs CIBERBBN CBMSO_CSIC_UAM EU_H2020 maldita_ciencia BioRadCareers BigVanCiencia No obstante, la mejor opción, sin lugar a dudas, es producir una vacuna, y en ello están. Llegará muy pronto.",1
UK Scaleup Hello Soda joins the EIT Digital Accelerator startup EIT Digital EITDigitalAccel,1
"Prevention through the quantified self. Check EIT_Digital, booth 99, HealthAtWork16, NEC, Birmingham, 8-9 March",1
"Interested in partnering with AaltoUniversity, EngineeringSpa, EIT_Digital, to create apps for citizens, tourists, businesses, enterprises and city officials? Submit your proposal by TOMORROW, Jan 15th, in the cityenabler opencall ttps://bit.ly/2BvXlqN cc SELECT4CITIES",1
Great article by ClimateKIC’s dhofstetter_x about the need of redesigning VentureCapital to address the problems of the 21st century.,0
Team for Kesko_Oyj presenting yesterday's work to the other Kesko team. EITDigitalAcad Summer School LeanServiceCreation,1
Together with CovestroGroup ClimateKIC explore CO2 as feedstock enCO2re 100solutions,0
NAUD_JF maudsaga HPE_FR VivaTech therlin EITDigitalAccel MBFRANCE_ Welcome Jef,1
Congrats to XiaobinZhao1 ClimateKIC UK startup on their award(s),0
RT: Climate-KIC Germany: Take Action on climatechange through entrepreneurship and innovation. Join the ClimateKIC Journey Summer school. climatejourney18,0
"michael_nielsen Hi Michael, how many facts do you think people use to do their work? Any study on this? Relevant for our EU's Lifelong-learning strategy. Cheers from Brussels :) EC's Digital Education Policies - Erasmus+ Horizon2020 EIT_Digital",1
isidrolaso EU_Commission EUeic GabrielMariya ThierryBreton JEPaquetEU JeanDavidMALO1 StartUpEU robinwauters johnthornhillft mariocampolargo ViolaRoberto nat_droz Have questions about ECDC_EU data for COVID19? Check out this fresh EUdatathon webinar. You might find the answers you want or the leads you need! coronavirus EUvsVirus WirVsVirus BuildforCovid19 ideas4eu,1
CKICNordic AndersWijkman JKuylenstierna southpoleglobal MistraUrbanFut theWSBF Jomo1966 CrowdWeek Kommuninvest ICLEI c40cities NiklasNrdstrm,-1
.ClimateKIC €Billions EU imports linked to illegal deforestation &amp; KillerPalm Is EU 2020 pledge achievable ?,-1
Cities are key in the fight against climatechange. Mayors &amp; city leaders: Amplify your city’s leadership on climate by entering the ClimathonAwards. Deadline is TOMORROW ➡️ EITeu ClimateKIC GlobalClimathon CrowtherLab changeNOWsummit Climathon,0
Financial sector has ‘make or break role’ in averting catastrophic climate change MissionFinance ClimateKIC SusNatIrl ClimateWeekIreland,0
"Proud ambassador of the euvsvirus hackathon organised by the EU_Commission EUeic, alongside bindik ediggs Emil_Boc RGrynspan scoutu mike_arias. Let's build some solutions against this virus and stop its global spread &amp; destruction! inthistogether",1
📢Wonderful to hear EITUrbanMob will open for business➡️19/11/2019👍Looking forward to it taking its place among the EU's other instruments for innovation deployment (this slide from the last Civitas2019 Forum sesh on exploiting urbanmobility h2020 results) futuresbright😎,1
".EIT_Digital chief: With no serious competitor to Facebook, the situation is not good EURACTIV Europe digital cc. WillemJonkerNL",1
Eight startups have been carefully selected for EIT_Digital _ideachallenge category IoT out of 79 applicants.,1
Matthew Dickson is on stage to pitch for his project Corpower_Ocean 🇸🇪/ 🇬🇧 nominated by InnoEnergyEU - first-of-a-kind full scale Wave Energy Converters. 🤞 Fingers crossed! INNOVEIT🚀 EITAwards,0
"Witness this ""Imagine if"" scenario come to life today at the RIDaysEU as livingarchitect shares her fet_eu her dream of promoting sustainability across buildings with the help of microbiology. LivingArch EUScienceInnov DSMeu EUeic EICFTW .",2
AI 🤖🧠 is developing fast and Europe 🇪🇺 needs to take the lead to make the most of this new technology. See how the EIT and EITCommunity help to power AI innovation in the EU. Download 📥 our AI activity report for 2019 📑 AI4EU DigitalEU,1
.agnii_goi is excited to partner with ClimateKIC- ClimateLaunch to drive cleantech &amp; sustainable solutions for combating climate change! Join us at the India session as we take you through NewIndia's story &amp; discuss it’s cleantech potential! environment innovation,0
"📅EIC Corporate DAY, Nov 19th &amp; 20th organized by EUeic and otpbank_hu ajimenezromero is there enjoying this great opportunity! Zapiens HorizonEU H2020 EUeic EICAccelerator EICPathfinder",1
We are pitching TractEasy and the benefits of autonomous technology for Logistics and Manufacturing at the GazelleAcceler1 Roadshow Day organized by EITManufactur 🚜 🏭 💡 Find out more: Industry40 Automation,1
We need to involve more farmers around the world into climate-smart agriculture says CEO ClimateKIC,0
Our first presentation has started! Exciting ideas! climathon GlobalClimathon ClimateKIC,0
Aster_ER ClimateKIC Bologna business model course the ideation path chaired by Riccardo Fini,-1
"Brazil, Italy and Turkey wins together Climathon Milan with the Aqua-Mi to monitor the water consumption of urban districts. ClimateKIC",0
How it was - MiningRockathon with SandvikGroup &amp; EITRawMaterials startup innovation rawmaterials tbt,3
"ClimateKIC is excited to partner with oms_postcarbon at oxmartinschool/TheSmithSchool in hosting the ""Designing TransformationCapital Workshop"" in London. Know anyone who could contribute? camjhep bencaldecott PennyMealy mat_ives MissionFinance",0
JeanNoelThepaut stefanonata GlobalClimathon eodataservice ClimateKIC AZO_space EUSW2017 CopernicusEU CopernicusECMWF NASA_WorldWind EU_H2020 FAIR principles mainly interoperability help. Just one interface eodataservice to access Copernicus data,-1
"Great news from Brussels today! ClimateChange &amp; OceanPreservation are challanges to be taken together, but with an OCEAN of opportunities for innovation, do you agree?😉 thanhtamle2 jupanny ClimateKIC ClimateKICItaly KarmenuVella jagot_cha MAC_europa BEclimateoceans",0
We're gearing up to welcoming our next group of ClimateJourney teams! Leave a 💚 if you're excited to experience the journey with the Northern Path team. 💚🌍 EITeu ClimateKIC CKICNordic climaateaction,0
"Impressions from the Assessment Workshop for Sn in the Erzgebirge with GTK, NGUgeology, sguSverige, UniOulu, ISOR, LfULG, TUBergakademie and Saxore. The MAP project is funded by EITRawMaterials and aims to release an open-source software and extension for advangeo",3
Travel Festival &amp; Climate Change Solution Award Wikitravel ClimateKIC dnepstad1 C_CaptureCO2 RadioArabia climatechange climateaction,0
"Good to see France and Ireland climbing in Bloomberg Innovation Index ( business )However, there are also a few glitches. Working hard to further boost Europe’s innovation power EIT_Digital EITeu",1
RealAAP_ sailtothecop GlobalClimathon ClimateKIC So how did they make the computers?,0
"Our first Peer-to-Peer Online Workshop brought together researchers who wanted to share their business ideas, results and best practices. Missed it? No problem! You can read about it in our December Newsletter: FETFX EUeic FutureTechEU EICPathfinder",1
Proud to do servicedesign hard work with such bright people at Urban Transitions team from ClimateKIC and thanks RaftMat to drive this!,0
Excited to be participating in InnowiseChallengeLab! Can’t wait to connect with so many different startups and expert mentors on waterscarcity from across Southern Europe. ClimateKIC EITManufactur EITRawMaterials EITFood South,0
The company developing Europe’s ‘first hyperloop’ has made breakthrough progress on developing the lowcarbon mode of transport. InnoEnergyEU EITeu,-1
"Curious about the paradigm shift of how we design, build, use, deconstruct buildings?🌳Join our ClimateKIC PhD School for Sustainable Land Use &amp; Urban Transitions:Design for Deconstruction in Wood,16th–29 Sept at chalmersnyheter! Apply by 31 July: EITeu",0
"Education amid COVID19 shutdowns ICT and social media ensures continuation of India’s University life. ⬇️ Prof. Shyam Diwakar, Ph.D. Associate Professor and Lab Director AMRITAedu Del4ALL FETFX_EU EUeic FutureTechEU regularjoy remotelearning",1
"EUScienceInnov Arkema_group ArjoCreatives StampaCnr coatema CEA_Officiel FraunhoferISI VTTFinland FCTNOVA univbordeaux EITeu EITRMAcademy Kicking off in 2020, innovation project ALPE aims at commercializing a proton-exchange membrane FuelCell power plant reducing the amount of Platinum use by half and producing ElectricalEnergy efficiently and sustainably. EITRawMaterialsProject",3
"Today, June 10th kanishkbhadani presents his licentiate thesis: Optimization Framework for Crushing Plants about how to better optimize processes handling large material energy intensive volumes. EITRawMaterials Minerals Processing Comminution",3
"Heute startet das Pathfinder-Programm der EUeic. Aus der Commerzbank-Gruppe sind comdirect, mainincubator und wir dabei. Wir freuen uns auf die Zusammenarbeit mit den Startups der Europäischen Kommission. Mehr zum Programm lesen Sie hier:",1
"Still time to vote for the 2018 EITAwardsPublic Award for the top EITcommunity innovation! Our nominee, Dóra Pálfi needs your support to win the WOMAN Award! Vote: Find out more about her imagiCase project:",1
What have we been up to this week?👇 🔹Announcing EUeic Pilot Advisory Board members 🔹Moedas addressed the ESAF meeting in 🇮🇪 🔹Talking innovation &amp; regional development at WIRE2019 in 🇷🇴 🔹JEPaquetEU on H2020 widening,1
ClimateKIC helps launch the world’s first climate impact rating for funds! climatefinance climate,-1
EricHoresnyi ClimateKIC UNEP susttech,0
It was an awesome two weeks at imperialcollege. Thanks for all the memories! Grantham_IC ClimateKIC_UKI climatejourney17 gj7,0
Die EIT_Digital Challenge 2017: Bewerben und international durchstarten!,1
In CKICNordic we have so far supported close to 70 startups since 2014 mikkeltrym chalmersventure NTNU lunduniversity,0
EIT Digital // Scaleups from 16 countries are finalists in prestigious European digital competition EIT_Digital,1
gonca_ilicali EITeu EU_Commission Thank you very much :),1
Nous saluons l'arrivée du concurrent BGD_Europe soutenu comme nous par ClimateKIC . No concurrence=pas de marché. Solution ClimateSoil,0
Z1MMERMANN be there on 5-6 Oct '16 urban &amp; Infra conf in Kampala RT ClimateKIC enCO2re,0
"395.38 PM CO2 en nuestra atmósfera Nivel de amenaza: CRÍTICA. Tiempo de soluciones, Únete a nosotros ClimateKIC!",0
Facebook live 5 pm - 5.20 pm CET today Crowdsourcing Week insights miljotweets DrMatsLindgren MistraUrbanFut c40cities AndersWijkman WorldResources CKICNordic CDP theWSBF ICLEI EUROCITIEStweet,1
"Don't miss out, transform your industry and meet over 160+ sustainable energy innovations TBB2017 EITeu",2
EITeu Community today in Linz/ Upper Austria! Join us and engage with the largest community of innovators in Europe! Making EUinnovation happen!EITCommunity KirstenCKIC EvaKaili PaulRuebig MFA_Austria HorizonEurope,1
cKIC_Alumni gives a huge welcome in bologna to climatejourney16 students,0
"In case you missed it - EU research chief, Jean-Eric Paquet, denies the new EU Innovation Council (EUeic) will undercut the 11-yr old Institute of Innovation &amp; Technology (EITeu), as he updates MEPs on HorizonEurope. HorizonEU EU_EIC EUpolicy",1
.ClimateKIC commits to 6 action areas in climate change adaptation - launch of new adaptation innovation approach ECCA2017 ECCA2017,0
Great article by FMDV on climate finance for cities featuring CitiesClimFin report ClimateKIC contributed to:,0
3 DAYS LEFT! APPLY&gt; ClimateKIC Accelerator Follow the success of ShoalTogether: top class pitchers at ECCA2017,0
Excited to attend 1st GA of Copernicus Relay &amp; Copernicus Academy today CopernicusEU ClimateKIC EbrahimKIC EITeu,0
"CEN CENELEC InnoEnergyEU technical workshop on batteries, in context of the EU_Commission's Strategic Action Plan on Batteries. Investigating future European standardization needs &amp; opportunities to enhance Europe's global competitiveness.",2
"If you want to know all basics and indepths on Blockchain, then this blended course is for you. Learn the basics in our MOOC Coursera and learn to use it for your business in our 2-day class in Birlinghoven, Germany, on 12 and 13 June. EITDigitalAcad",-1
"TIC-TAC⌛️ Queda una semana para nuestro gran evento online: StartupsKillTheVirus 🦠 ✔️Ponencias de expertos/as divididas por temática en 4 sesiones (EUeic, NGI4eu, StartUpEU &amp; BDVA_PPP) ⌚️9am - 1pm 📅Martes 28 de abril ¡Apúntate!👉",1
UniEastFinland you organised all the snow for us! 😀 thank you! We are like children SSPCentre for our RACE EITRawMaterials training ❄⛄,0
Anybody out there? Calling ClimathonHelsinki AaltoUniversity helsinkiuni EloHelsinki SonjaJaari PetriAllekotte ClimateAalto CKICNordic,0
excellent news! Ddl postponed to Friday. Hurry up &amp; finalise proposals EUeic GabrielMariya JEPaquetEU ColinJ_Keogh katborlongan robinwauters mikebutcher mike_arias cdh1001 StartUpEU oonaporopudas paddycosgrave escorchado11 johnthornhillft nnovick nat_droz COVID19,1
"4 proyectos La_UPM, entre los 13 seleccionados para participar en la 7ª edición de Accelerator2020 ClimateKIC, con cerca de 140 propuestas recibidas!! ¡¡Enhorabuena!! JournifyEs Liight_es",0
Learn how to support a systemic shift to more cycling in our cities. Join us to learn from those at the forefront of the cycling movement in Europe. Sign up for the EITeu ClimateKIC course today ➡️ in cooperation with Trivector_,0
Exciting exchanges on EITCommunity activities at our Awareness Day in Malta! Couldn’t make it? Here is everything you need to know ➡ HorizonEU H2020 EUInnovation,1
"At the workshop to reclaim utopia. Now for the keynote, with doctorow and KirstenCKIC. Excited much?! ClimateKIC CkicCommunity edgeryders",0
Last day of Marco internship 🇮🇹 in SmalleTec Good luck and see you soon! MScSELECT InnoEnergyIB InnoEnergyEU 🇪🇺,2
Are you at CKICSlush?? Come to the Climate Impact Battle by ClimateKIC SLUSH17,0
Martin Kern EITeu: A creative approach is key for tackling societal challenges. EEhubEU SwitchOnEurope ICEEeu,1
vanessarauland climate_kic_aus ClimateLaunch ClimateKIC CurtinUni hanswesterhof 0wastematters Going to miss you hanswesterhof. It was a great 2 day workshop. Also a big than you to vanessarauland; amazing help with my 'Deal'😀,0
ClimateReality ClimateCentral solar ClimateKIC sampweaver usmayors EURACTIV theWSBF vinnovase GDenergi,0
Climathon now on stage! 100+ cities all over the world hacking climate change 🌍 GlobalClimathon ClimateKIC pamr83 PaolaValandro,0
And we’re off: student teams presenting their projects in the InnoEnergyEU KU_Leuven master programme - digital jury instead of live one.,1
GlobalClimathon ClimateKIC ¿Y que me importa Sudamérica? ¡Como si fueran los únicos en el continente!,0
The EU_Commission will provide follow up to the best projects coming from the EUvsVirus hackathon through the EUeic . You can still join the discussion and use opendata for your research! Check the EDP website for ideas!,1
"Campuses as living labs for smart sustainable cities - 4th ckicnordic Cities ws, 7-8 June.",0
Mid-year CreepPro_EIT Meeting in Nice Inria 0707Pinar reporting on Semanticanalysis for CyberBullying detection. sara_hlt DaGiampi fracorco TNSalute serena_villata stefano_menini ziorufus ECabrio EngineeringSpa EIT_Digital fede_guerrini,1
2nd day wintechseries with my dearest EIT_Digital EITDigitalAccel colleague Marie-Caroline. Looking forward to inspiring talks and keynotes! Interested in how to support women and scaleups in DeepTech? We are here 😀,1
EITDigitalAccel accélère la croissance de 5 startups à l'international via MondeInformatiq,1
The floor is yours! By hosting this year's Climate-KIC Journey Summit Hamburg set the stage for climate-friendly ideas! ClimateJourney unihh ClimateKIC EITeu,0
"Can EU do VC? Fascinating story on new funding agency that will soon have a €10 billion budget: EUeic. Perhaps most radically, it will buy equity stakes in startups, in an attempt to nudge Europe's anemic VC market. By NickDelNorte",1
Did you have fun at hack4good? ClimateKIC is assembling all to fight climate change again. Join forces! 23-25.01,0
Our local rep Tibor just presented the DigitAlumni &amp; EITalumni to Health &amp; Wellbeing summer school participants,1
"H2020experts ICT_Energy H2020_Partner EUeic EU_EASME easme Don't worry... Bureucracy will kill you all. What is a thousand deaths per day per country... 🖤 Europe is in Decadence. If you can read charts, put the May month on this chart and make a prediction.",1
DelsolClaire BusinessDCU IrishTimes EUeic EU_Commission EU_H2020 Entirl 2 of 4 - I can't provide too much detail of the studies at this point for reasons you would understand but we will be thrilled to share these with the world when appropriate to do so. We will not list a group of individuals in a Twitter setting.,1
The importance of empowering female innovators and entrepreneurs in Europe at thinkBDPST on this InternationaWomensDay EITeu,1
. EU_Commission appoints four new EITeu governing board members,1
Congrats to epishine from the CKICNordic Accelerator chalmersventure haxh mikkeltrym,0
.ClimateKIC DEVASTATING effects of KillerPalm fires greenhouse gases on climate must STOP,-1
The Stu Anderson Daily is out! Stories via entattees EITeu Sathnam,1
"Heading to SUS17, 1 Nov? We'll be there with bells on sharing our ClimateKIC opportunities - come visit!",0
Good perspectives for startups dealing with facebook Cisco_Invests and Microsoft IN3Spain EIT_Digital,1
ClimateKIC EITeu GlobalClimathon CrowtherLab changeNOWsummit Immediately massive planting of fast-growing deciduous tree and shrub would help.,0
"The RACE is on! Join the Raw &amp; Circular Economy Expedition, a 2-week learning journey across Europe and along the raw materials value chain. Fully funded for master's students at EITRawMaterials partner universities. Apply now:",3
".c40cities is seeking creative minds with a vision for a greener urban future! Intrigued? 👉 👩🏽‍💻👨🏻‍💻👩🏾‍🔧 ReinventingCities ofo_bicycle, ClimateKIC",-1
EITDigitalAccel Spacehive Congratulations! Proud to be working with you and good luck! localitynews,1
Our quasimodo project is part of the EIT Digital Innovation Day in Helsinki today! The aim of the Quasimodo is to improve indoor air quality and create a personalised air quality warning system. ForumVirium Philips ucl imecNederland Achmea PHE_uk EIT_Digital airquality,1
ClimateKIC Summer School: learn all about Climate Change Science &amp; Entrepreneurship climatenl,0
Many thanks to Kateliadi of politis_news radio for presenting ClimateJourney18 at CyUniTech this morning! CkicCyprus ClimateKIC EITeu,0
EuroTechWeek WomenInTechOrg Chaire_eti WomensW4 socialbrain sorbonneit vf_institute EITManufactur Tech__Talks guardian Women_Gov Les_Expertes VivaTech AyumiMooreAoki Next time: London! Are you coming for Tech London week?,1
EUeic When ESR will be sent out? Tomorrow is Thursday and 4.000 SMEs are waiting for ESR....,1
Want to scale and internationalize? Seek me out at ClujInnovationDays CID17 in Cluj. GulyasZana EIT_Digital AriseEurope,1
Green Technology Choices UNFCCC andersegelrud CKICNordic ClimateSusanne AndersWijkman Euractiv,-1
"Looking forward to become a part of the EITeu ClimateKIC, Europe's largest public-private climatechange partnership! ClimateKIC_DE EU",0
"One of EITeu’s focus areas-EIT Climate-brings together government, finance, and entrepreneurship to solve systematic problems in Europe and CA",1
NatureBasedSolutions represent a key opportunity for cities. Join us in discovering the City Finance Lab &amp; Northern Gateway project in Greater Manchester. Learn ab. impactinvesting for your city-forest nexus. RevolveMediaCo ManCityCouncil ClimateKIC,0
ckicnordic NTNU Answ p. 2: By protection of patent. When T represents a competitive advantage and patenting supports the business model..,3
CleantechBG the final countdown after 2.5 weeks of hard work pitchday coming soon gj1 climatejourney17 stepandstone cKIC_Alumni,0
Learning quantum physics available to the public -IEEEsmartcities expert rsaracco of EIT_Digital shares:,-1
So happy to belong to EITCommunity!!! Proud to work for the future of UrbanMobility in Europe !!! 👏🏼👏🏼🏆 🚗🚲🏍️🚕🚎🚌 cc la_UPC MOBiLus,1
stimuluspk ClimateChangePK epiphanypk WIREPk2018 CANSouthAsia ClimateLaunch ClimateKIC,0
Welcome ShanaEkedal furnituredeals3 MiketheThatcher businessINFIT ClimateKIC_UKI Real_Estate_d1 GroheSD robertaparker33,0
"EUeic Access2EIC fet_eu FETFX_EU DSMeu EU_H2020 EUScienceInnov shouldn't need tips &amp; tricks. should support the good stuff. just shipped a 3d web update - migrated to web assembly for secure scripting, firefox upgrade for interactive web pages, 64 bit browser. got a regression in the wa stuff to fix next, so hold off on your software eval.",1
"¿Qué pasaría si Madrid tuviera un Bosque Metropolitano? 🗓 Lunes y martes, 13 y 14 de julio, a las 16.30h. MADRID ClimateKIC ClimateKICspain itdupm La_UPM",0
Lot of fun yesterday for the goodbye party J8 ClimateKIC Aster_ER journey2015 thank you all and good luck,0
Sign up now for the EITeu Awareness Day in Belgrade on 6 February. This is a great opportunity for you. Hear from Serbian government ministers and meet representatives from the EIT's six InnovationCommunities. Register at,1
New deadline July 31 EIT_Digital Challenge Get international growth support 4 your startup,1
RoofitSolar is an EITeu ClimateKIC-supported start-up that creates modules that are building integrated photovoltaic construction elements that replace conventional roofing and facade materials. SlushHQ Slush18 MissionFinance CKICSlush ABBgroupnews,0
.EITeu has launched a call for InnoEnergyEU Hub applications! Applications open until 31 July energy,2
14 cutting-edge Scottish start-ups move into Edinburgh Centre for Carbon Innovation - SBNN EdCentreCC ClimateKIC_UKI ClimateKIC alterwaste OneCherryApp uFraction8,0
RT EIT_Digital: We are hiring: EIT Digital seeks Head of Communications,1
"Are you using innovation portfolio approaches or interested in learning more? Join us on 27 May with special guests from sitrafund, ClimateKIC &amp; vinnovase to chat about portfolio management methods, tools and resources. Register now ➡️",2
NX1908 EUClimateAction TimmermansEU Energy4Europe EUEnvironment OECD_ENV IDDRI_ThinkTank IASS_Potsdam eumayors EITeu ClimateKIC TimMcPhieEU I consider nuclear fusion the only sustainable form of nuclear energy. Others give radioactive waste. I must say I'm not an expert of nuclear energy and renewable energy. I hear different opinions about costs. The life time of a nuclear plant is also limited.,0
"As startups start to adapt their businesses given the current situation, they ought to think through the ways their customers may also be adapting and and how their customers' needs may have changed ClimateKIC",0
Great partner lineup DLDConference dldberlin17 with EIT_Digital. Looking forward to great talks and networking.,1
Ultrahack Hackathon: EIT_Digital along with ClimateKIC hack the Bay Area in Palo Alto,0
Leachate Treatment Solutions! Hybrid tech for treatment of landfill waste BestClimateVenture IF2015 ClimateKIC,0
"European Institute of Innovation and Technology EITeu - report by mmatias_ adopted with 56 votes, 0 against, 13 abs. Compromise amendment 1 adopted 62/0/15. Opening of negotiations 68/1/0.",1
metsol2016 happy to share stage with our cousins of ClimateKIC EITDigitalAccel,0
Great to see more circularbioeconomy startups from ClimateKIC!,0
Is Poland supporting innovation and entrepreneurship? Rafal Kasprzak showcasing opportunities EITeu KTI Dialogue workshop,1
"mobilite la voiture volante, une réalité? PanglossLabs1 InnoEnergyEU ClimateKIC_Fr",0
Excited to attend the InnoEnergyEU TBB2018 in Copenhagen. Let's meet there and discuss future sustainable energy systems and innovation over a coffee. Feel free to MP,2
- 1day1solution - Measuring CO2 emissions in urban environment v/ ClimateKIC SmartGrids Worldefficiency,0
"Finanţarea va fi oferită prin intermediul instrumentului ""Accelerator Pilot"" al Consiliului European pentru Inovare, iar companiile selectate pentru a primi sprijin vor fi anunțate la sfârșitul lunii mai EUeic COVID19 EuropeanUnion",1
"ClimateKIC Within 5 years also the QEG by NikolaTesla will be stabilized &amp; incorporated into the energy landscape, making grid &amp; power plants unnecessary... FutureLooksBright",0
Drei Startups schaffen es in Accelerator-Partnerschaft von ClimateKIC mit MunichRe und ERGOGroup respond2CC,0
Looking back at the amazing experience of ClimathonLund 🔙 This 24-hours hackathon focused on the impact of plastic pollution. The winners Powderfull proposed a solution to reduce the amount of plastic in packaging! ClimateKIC ideoninnovation sysav_se,0
Wonderful experience presenting our startup to enthusiastic EIT_Digital students today in paris,1
Encantados de compartir la inauguración de EITUrbanMob. ¡Ya se nos ocurren un montón de posibles colaboraciones con EITHealth y CrossKICSpain! SCWEC19,1
We are so prepared to hack the future 3rd of Oct 2019. Great Steering Group meeting and co-creating understanding of challenges of digital education! digitaleducationhack digieduhack AaltoUniversity ClimateKIC,-1
25 hosts from more than 20 countries have already signed up for the DigiEduHack ✏✔🙌 Join us! Become a host and organise your own Hack on the future of education in the digital age: DEAP DigiEduHack AaltoUniversity ClimateKIC,-1
😱3299 proposals submitted to the last call of Phase-1. Good luck to the best ones!!! EUeic EU_EASME LGuerra_CDTI eCasado_CDTI Smeinstrument SMEInstrument,1
Dasdata kicks off at the BestClimateVenture at the ClimateKIC innovation festival if2015,0
ClimateKIC The photo reminds me about my daughters childhood when we were out there in the nature. Magic! But I wonder if HER children will have this chance too. Or if all is poisiond and distroyed then.,0
"No problem ClimateKIC, although it will be published in Spanish",0
"esn_network EUeic eugen12 evankirstel Evans_Bernardin ExplorerNancy eyesquare Obscured under ordinary writing since 7th🏺 c., this large structure of 🔢 word arrangement reveal multiple knowledge over: 🔭💫🌞🌘, ⛈🌊🏔🌡, 🌴🐝🌺, 💎⛽⛏, 💸💳📈, 👩‍🌾👨‍🔧⚖⚙, and startlingly 🚀🛸👽👽... All that should be undiscovered in ancient era ...",1
"Calling all those interested in shaping the future of CircularEconomy research and innovation in Europe! Savethedate CiceroneH2020 workshop in Berlin, Nov 19-20 CEStakeholderEU ClimateKIC greenbizz CircularEClub",-1
"🚊🚴🚎 We are happy to welcome five promising startups to the first batch of the EITUrbanMob Accelerator programme in the regional hub South: fluctuo, GOTIKKET, Journify, smartmonkey_io, and vianova_io! 👋 startups mobility EITUrbanMobility",1
Europe's largest climate summer school ClimateJourney18 of EITeu is about to start! Over 400 students are ready to tackle climatechange:,0
PriestleyCentre SusNatIrl smartdublin ClimateKIC_UKI CorkClimathon GalwayClimathon OMG sudden urge to go to Leeds!!!!!!!!!!!!,0
"It's time! ⏲️Today we find out which of the 🇩🇰 ClimateLaunch teams get an exclusive chance to pitch on the hottest start-up competition's Grand Final in Edinburgh 1-2 November: Ready, Set, Pitch! Our Danish National Final is ON! EITeu ROCKWOOLInt",0
Congratz chino_api for being among top 4 seedcamp selected startup for SlushHQ ! EIT_Digital,-1
Coming up EUW_live EUW17 - Panel Discussion: Electrify Everything - How To! With all of our GCIC InnoEnergyEU keynote speakers.,2
There is still time to apply for the EITeu traineeship programme! Trainees will be based at the EIT Headquarters in Budapest. Application deadline 21/01/2019 Find out more,1
ClimateKIC Saving money and tackling climate change sounds like a win-win. Which tip is your favorite?,0
"Fabio Pianesi EIT_Digital on Big Data, impact and EIT Digital ICT2015",1
Pope wants caring for the environment added to Catholic duties via HuffPost AssaadRazzouk ClimateKIC krONik,0
Cool to read about a fellow ClimateKIC Journey alumni's work. startup Synsapien,0
ClimateKIC mycitytree Die GuteNachricht: Grün ist eben die Farbe der Hoffnung.,0
What a great story! Best of luck in the future Hans! congratulations 🎉ontoforce I'll be over for chocolate!!😊EITeu EITAwards,1
"LNI40 , TriCoop and plattform_i40 are happy to point to this interesting acceleration program of EITManufactur , called GazelleAcceler1 . Consider participating.",1
Great venue for the _ideachallenge final in London and so many great smartcityideas EIT_Digital mobility,1
How to make our cities greener... and happier?🏡 InnoEnergyEU endorses sustainable local communities with Renault renault_esp Groupe_Renault through the platform FeliZiudad. Learn more about the initiative (in 🇪🇸) from abcdesevilla 👀👉,2
Visiting ROCKWOOLInt to plan the visit of climatejourney18. We started out with a group selfie in their SDGs photo booth✌🏻 partnershipsforthegoals climateaction CKICNordic,0
3Dprinting plantbased steak 🥩🥩🥩 👉🏼 .EITFood .EITFoodSparks .oxfutureoffood .livablefuture .leap .ifstal. Solar_Foods .Nova_Meat alternative protein foodsystems,-1
Great kickoff last night &amp; day 1 for climatejourney16 ClimateKIC in den Haag,0
"EITeu Thank you, very interesting for our PhD School!",1
EIT_Digital enjoy it Maren_Lesche BerlinObey TOA15 startup Na zdrowie with FrontierFinance!,1
The ClimateKIC staff team at London Climathon - all excited to see what ideas the participants come up with to take ClimateAction!,0
EIT_Digital EURECOM frbruneteaux Pole_SCS ProCotedazur jennifersalles_ stbarthtourism,1
Today Journey2015 4 is checking out ClimateKIC startup GrowUpBox brassk and London architecture tour!,0
How ‘Green Hydrogen’ Could Make ‘Green Steel’ Real hybrit_project Ygeman NRDC GDenergi BarrySheerman eaEnergyEU EURACTIV ClimateKIC KirstenCKIC hydrogen Hydrogenligaen COP25 LeadershipMatters,-1
Juanan_Fresno monkeyplatillos tonnomartinez CienciaGob EITeu astro_duque SaludISCIII RaquelYotti ANIH_1 RevillaMiguelA Doy fe...,0
"Vacancy within fast growing startup ProctorExam, located in Amsterdam. Growth Manager Vacancy … EIT_Digital",1
"Bertrand van Ee, CEO EITeu talks about ClimateKIC impact on climate. k4innovation 7EIS EU_CoR",0
ZucchettiSpa entra nella stampa3D … Fabtotum EITDigitalAccel EIT_Digital 3dprinting startup scaleup,1
"Day 2 of missionfinance is underway here in Dublin Castle. Great perspectives on how to reframe problems for a widespread systems change, and innovative fintech solutions that are wins for both climate and economy. SusNatIrl ClimateKIC",0
"Can one product stop micro plastics, save energy and recycle water? Meet Swedish start-up mimblyswe at our Company Showcase CleantechForumEur on 21-23 May in Stockholm CKICNordic",0
A European vision for human-centred digital platform ecosystems via EURACTIV CrowdWeek NiklasNrdstrm MatzEngman AndersWijkman ClimateKIC PLarshans ClimateSusanne DigitalStrategy,-1
Discover how 🇪🇺 Europe's largest innovation network will power 🚀 entrepreneurs in the Cultural &amp; Creative Industries 📺📽️📻🎮. Join eiteu in Budapest on 15 October &amp; find out! Register now for INNOVEIT 👇,1
Fantastic buzz at digitexpo today. Great start to the morning with an opening keynote by Ivan_McKee highlighting the importance of bringing investment into Scotland digitfyi innovation EIT_Digital,1
Rosada from chalmersnyheter 'Circular economy is about separating that from the rest of the economy zerocarboMED ClimateKIC,0
Ferenc working late into the evening at the EITRawMaterials IncluESEE course in Kosovo. GTKMMA science microscopy,3
Can you find your way to CPanayiotis for ClimateLaunch of ClimateKIC? Strategic partner: PwC_Cy_Press cyprus,0
Decoupling of CO2emissions goes way too slow. Urgent need for ClimateAction! ClimateKIC,0
Don't miss out on interesting WCEF2017 side events! Bringing out the best of circulareconomy OECD ClimateKIC,0
Minesto - InnoEnergyEU underlines stake in Minesto becoming third largest shareholder. InnoEnergyEU joins BGA Invest and Midroc New Technology as major shareholder in Minest. MinestoAB MarineEnergy BusinessSweden BusinessSweINV Nasdaq Sweden BGA,2
Are High-Rises Greener? Depends on Who’s Living There JKuylenstierna ThomasNorrby AndersWijkman SkanskaGroup miljotweets ClimateKIC c40cities EUROCITIEStweet EU_CoR ICLEI designer CrowdWeek,-1
".EITeu Community empowers innovators and entrepreneurs to turn their best ideas into products, services and jobs for 🇪🇺",1
Es ist so weit! Heute findet das diesjährige USTART_de Startup-Village von Veolia und EITRawMaterials in Hamburg statt. Zehn Startups präsentieren hier ihre innovativen Geschäftsideen im Bereich Kreislaufwirtschaft. Wir sind gespannt! ustartpitch19,-1
.ClimateKIC_UKI footage of Team Commuter Bubble from Leeds Climathon,0
Trending on SiliconCanals: Belgian IoT startup Rombit_BE wins 2018 International Startup Battleground at BridgeSF BeTech startups scalingEU EIT_Digital,1
CALL OUT: Low carbon start-up looking to get investment-ready? APPLY NOW for the ECCI ClimateKIC Accelerator,0
Hello ClimateKIC starters! Looking forward to host you at CEN next week in Hamburg! 🌍 ClimateKIC_DE,0
Ce matin Metz Métropole soutient l'industrie du futur et participe au forum par EITRawMaterials,1
“Benjamin Von Wong is a conceptual artist who created a photo series using over 1.8 tonnes of electronics to raise awareness to ewaste via ClimateKIC,0
"Without support from ClimateKIC, InnovasjonNorge, SkatteFUNN and the likes - the situation for many greentech and cleantech companies would look much different, still. CKICSlush Slush17 ducky_no",0
EITHealth CEO JanPhilippBeck &amp; abtrace_co co-founder Umar Naeem Ahmad presenting at Europarl_EN about AI in healthcare with European journalists eysmd2019 EITeu Great occasion to be here and share insights from our work in this core field,1
"MarosSefcovic MICleanEnergyRD BillGates btenergy Moedas Energy4Europe ZEKvSR euractivsk eaEnergyEU AncaGurzu VazilHudak Mayors4Climate InnoEnergyEU InterruptUK are bringing innovative and one of a kind energy stores to market, please take a look",2
Don’t miss out on this opportunity to work with Dr Rachel Morris. For women in the food sector who want to make a difference. Apply today. weleadfood 2020 Early bird deadline 17 July EITFood valuesdoc food foodmanufacture DrRachelMorris,1
"Thank you CleanandCool for the shout out! Straight off the back of the investment round, please see our first large-scale system unveiled last month at DeltaresNL with the support of ClimateKIC_UKI",0
Thank you H2020STARDUST team for all your efforts. Such a great team ! EUeic fet_eu,1
EIT_Digital with borisn Now the summerschool cloudbigdata is starting! Two exciting weeks of Data Science and I&amp;E,1
Round 2 of pitches at CleanEnergyHack - give it up for these talented future sustainability leaders! NCEW2018 CEM9 MI3 ClimateKIC DTUSkylab aqueraltf ROCKWOOLInt innovationcph stateofgreendk,0
"ClimateSusanne CKICNordic AaltoDF It was a pleasure! Really inspiring day, thank you.",0
Congrats and proud of you alexciszek AdditiveManufacturing nextlevel EIT_Digital,1
"Call for applications! 📢In case you missed the EUeic funding opportunities for innovators in space technology, make sure to catch up. EUSpace is waiting for your ideas. InnovationLeaders EUfunded",1
Andrea Bigano from CmccClimate talking about how to better deal with climate impacts on the tourism industry by using Copernicus and other satellite data. Why Climate matters for tourism! CopernicusEU ClimateKIC UNWTO InnoSpaceJourney2018 SustainableTourism,-1
Ready to scale your business? Join EIT Digital Challenge 2016 by EIT_Digital innovation,1
Pasos de Climathon 🌎 1⃣Definir el desafío climático de tu ciudad: Cada ciudad identifica sus desafíos ante el CambioClimático y convocan a sus ciudadanos a idear soluciones innovadoras.✅ ClimateAction AcciónPorElClima ClimateKIC EITeu,0
InnoEnergyEU Congratulations to all of them. Looking forward to joining the InnoEnergyEU family soon. investinme energy Scholarships grants,2
BREAKit_EITRM EfgInfo EITRawMaterials Интересно.,3
"EUeic I have congratulated my grandma on your behalf Mariya, she felt very encouraged by the additional two days and she was able to submit an application: ""The Ultimate Cross Stich Pattern to make Face Masks against COVID19"".",1
Snapshot from INNOVEIT innoveit2018 booklet summarizing EITeu award nominees by nationality. I am proud to be the Hungarian Node Director of one of the KIC's EIT_Digital,1
sddphoto arikring RuthPtn ToddMcKissick Jackthelad1947 NeurozoInnovat1 ristori20 kashthefuturist AdamRogers2030 ReclaimAnglesea debraruh HansLak SusanHeaney matthewshirts seth_leitman AmazingChevVolt Paula_Piccard 1o5CleanEnergy kirillklip autrement_votre TXsharon jellsmoor rtoinsider Bookfoolery lillith6 charluv2011 cberrl MichaelEMann mzjacobson ShiCooks ProfStrachan GretaThunberg stracma p_hannam iron_light gezgintrk MarcVegan Firefly_Power AKimCampbell HeinzVHoenen bluedillygal NoFascistLies 1CaptD Earnest_One cohan_ds ClimateKIC Exactly 💚 RightSideofHistory,-1
🇪🇺 ¿Tienes experiencia multidisciplinar en tecnologías innovadoras? Preséntate a la convocatoria de gestores de programas del Consejo Europeo de Innovación EUeic. 🗓 Hasta el 31 de julio ➡️,1
Fantastic. At CKICNordic we look forward to a repeat of last year's success. Climathon2017,0
Standing invitation from koebenhavner to other cities &amp; Sustainable Food actors to build on the results from the ClimateKIC funded project,0
CleanTech Startups gesucht! ClimateKIC Accelerator fördert mit €95k NoEquity. Deadline: 25.01.18,0
2nd place in GalwayClimathon for our team! RyanInstitute portershed Climathon ClimateKIC,-1
"Innovations for a low carbon society!💡Listen to ClimateKIC Chairman, AndersWijkman describing why hackathons are important &amp; how they can contribute to a more sustainable tomorrow. We loved hosting the CleanEnergyHack! EITeu rockwooldk CLEANcluster",0
.ClimateKIC's iRBansal speaking MaltaWaterWeek week today: we need holisticsolutions to tackle the waterchallenge! education water,0
"Individually we are one drop, but together we are an ocean. EITcommunity Mondaymotivation quote Innovators",1
“Good education needs good research” Udo Bub EIT_Digital Panel on “Education for the Future” DLDberlin17,1
Interested to join? Get a sneak preview at EITDigitalAccel,1
"🗣Klaus Beetz, CEO de EITManufactur ‼El objetivo es hacer de Europa una referencia mundial de Innovación en la fabricación y favorecer que las empresas adopten más rápida y eficientemente las nuevas Tecnologías . 📍SSTurismo de SanSebastian H2020 EITManuMatch",1
EIT_Digital,1
sun_buildings EdCentreCC ClimateKIC ConvergeC Thankyou very much Scott!,0
Kenyan start-up with its Bio Ethanol Gel climate smart innovation wins competition in Cyprus! ClimateKIC KenyaCIC,0
Google form for social project for refugees EITConnect EITalumni,1
"RT ClimateKICItaly: Zero consumi, design, nuovi materiali: ecco come costruiremo le case da domani Aster_ER Enerpaper ClimateKIC",0
"""We have to let the young people in the discussion tables!"" krohntraaseth well said! SIF15 COP21 cKIC_Alumni",1
"I'm genuinely in awe of how amazing they have been this week! Next stop, Munich! InPhysEd respect InclusionMatters Diversity SportsBiz EITHealth_UKI EITHealth EITeu IDTCD odonovan_marya SInnovationIRL tcddublin tcdalumni caitdonnelly SOIreland SpecOlympicsEU",0
"Tune in and find out how our guest today, Alessandra Hool, is helping others understand critical raw materials and how to manage materials in a sustainable way. ➡️ SusCritMat CriticalRawMaterials sustainable CRMs EITRawMaterials",3
Self-assembled NeZeB helps you live healthier thus reducing your insurance costs homepod climatechange cleantech ClimateKIC proptech,0
🥁🎤🥁Join us today!🥁🎤🥁We will talk with our WEHealthEIT participant Sonia_Neary and Acclerator director Hoeller about innovation journey! mdelgadolla ClaireEITHealth AnnikaPortela EITHealth Moe_EIT EITeu,1
CO₂ 'foodprint' app calculates carbon impact of COP21 dinners | great ClimateKIC start-up,-1
WaterScarcity in Southern Europe: Climate expert insights ClimateKIC,0
"jonburkeUK Superb! With DarkMatter_Labs we're working towards TreesAsInfrastructure, open-source model to support investment in NBS at scale👉 Now testing assumptions w/ cities ClimateKIC on obstacles for ambitious plans like yours. If interested, up for a chat?",0
Join Startup Clinic by bgiaccelerator and eit_digital and get a speed mentored by international experts. Use...,1
Developing human capital &amp;skills crucial for driving innovative solutions to climatechange Panel at CKCIS2016 EbrahimKIC EITeu,0
Thanks to everyone who joined the EITRawMaterials Networking Reception yesterday to discuss with our team and representatives from partners of the Innovation Community new collaboration opportunities in the European rawmaterials sector. PDAC2018 EITRawMaterialsPDAC2018,3
"Accelerating sharingeconomy solutions with local startups and housing cooperatives together with ForumVirium and EthicaFinland. Good practices being shared, good to see that things are moving forward! Workshop part of ClimateKIC Circular Economic Learning Center project. 🏢",0
"We can't forget about putting raw materials INTO the loop, says k_hanghoj EITRawMaterials at CircularCO2 event. CircularEconomy is part of the solution, but not the full solution.",3
ColinJ_Keogh TCDTangent genemurphy ClimateKIC GlobalClimathon ClimateKIC_UKI EITeu TCD_Environment TCD_Envirosoc smartdublin tcddublin TCDgradstudies pjprendergast tcdglobal dccc SWSustainDub Learning from the best ColinJ_Keogh 💪🏼🕺🏻,0
In 2014 Nokia Chief AI Officer Leo Kärkkäinen gave a lunch talk on MachineLearning at EITeu. He predicted ML to become as pervasive and transformative as digital signal processing. Now in 2018 we all would agree. AI,1
Stock Exchange new Climate Finance Accelerator # via HuffPostBlog Enviro_Finance GEsummit17 ClimateKIC CDP,0
Welcoming second generation of DataScience students EIT_Digital Eindhoven with 80% growth in comparison to 2015,1
ednaayme eit_digital _chantalgarnier Challenge accepted ;),1
ClimateKIC here's our message to stop emissions from farms,-1
Training professionals in summer at EIT Digital Summer school EIT_Digital deeptech rexelnederland,1
"Have a look at the new HorizonMagEU! With EITeu, EITHealth and EIT_Health_de",1
Sun again on our side in London today! What a great place EITeu has here! Thanks EdnaAyme for connecting us! quadrigatravels,1
"PIL Ue potrebbe aumentare di 2,5 trilioni grazie alla digitalizzazione - Eunews EIT_Digital",1
"""I didn't just want to build beautiful houses, I wanted to get to the root of problems and find solutions.” ClimateKIC PhD-Label graduate Estefania Tapias talks to ETH about her motivation to create sustainablearchitecture:",-1
"We have our fingers crossed for este_tapias - one of our ClimateKIC alumni, and inspirational women in climate - nominated for the EITeu EITAwards cKIC_Alumni ClimateKIC_CH womeninnovators",-1
"JRhodesPianist JRhodesPianist, conoces serenmind_es? app que ofrece tratamientos psicológicos mediante programas autoguiados para desarrollar capacidades psicológicas y afrontar el estrés, la depresión o los problemas de sueño lanzaderaes Corp_Lanzadera riberasalud EITeu EIT_Health_es",1
"frantonini EUDigitalEdu EU_Commission simonapetkova7 pankampylis eu_schoolnet EITeu EU_ScienceHub eTwinningEurope CodeWeekEU DSMeu EUErasmusPlus EdChatEU Hi Francesca, make sure you follow SaferInternetEU to make sure your students are safe online!",1
",ckicnordic is assisting new solutions to scale fast such as joinTRINE 100solutions",0
Wonderful to see ClimateKIC win guardian sustainable business award with climathon2015. EU impact in action.,0
Voxana Meeting -&gt; day 1: Technical workshop =&gt; in progress Milano EIT_Digital Alfstore polimi TIM_Official GroupeSEB,1
"As part of the EU’s collective efforts to tackle the COVID19 crisis, the EITeu has today launched the EITCrisisResponse initiative. Find out more: UCDinnovation EI_HPSU EI_bigideas techireland",1
"Bye bye Post_Expo, it's been fun! And all our beers have gone. unFit2Perform EIT_Digital eHealthImperial",0
"EITeu anyone in your network into coding/programming interested to join me (Public Health), Teresa (Natural Resources Mgt./Eco Building) and Raluca (International Relations/Human Security) at the UN Climate Challenge “Reboot the Earth” (Hackathon)?",0
ODRennes continue demain avec le Future Cloud Symposium EITeu,1
Co-Creating Impact: IOTA joins forces with EIT Climate KIC - ClimateKIC - to support sustainable transformation and community-driven innovation.,0
"This startup rocks: desolenator enables mobile water distillation powered by the sun, now fundraising £500K ClimateKIC",0
franzbona EIT_Digital SpazioDati atoka_io EITeu digitalumni Congrats 😄,1
.KirkDBorne CambMA startup visitrend just got shoutout at Climathon Boston what visualization tools are other ClimateKIC cities using?,0
Inspiring meeting with Áine Behan of creating behavioural management platforms for cognitive conditions. The recipient of EUeic funding is looking for investors to grow the business and to expand to new markets. EENcanhelp EEN_Deutschland EU_EASME,1
hans.maennicke.sustainable.daily is out! klima ecosalon Stories: ClimateKIC EI_SustainAg,-1
"EUClimateAction Energy4Europe Transport_EU EUAgri EU_Growth IDDRI_ThinkTank IASS_Potsdam EITeu EUEnvironment ClimateKIC InnoEnergyEU It's simple. But people are insincere. Fewer wars, more schools. Fewer guns, more food. Less dirty technology, more solar panels. Fewer banks, more solidarity. Less bureaucracy, more work. Less capitalism, more humanity. Everything else is empty words. 🌍😉",-1
Looking to build solutions to come out of the impact of the pandemic?We tracked the most intriguing online hackathons &amp; programs active right now trying to essential solutions NLTech EITDigitalAcad devpost kaggle SolveMIT DSA_NL Spon Startup_Adam,-1
Almost showtime in Tallinn! climathon hackcycling estonianmafia ClimateKIC,0
Mesa redonda en Agrifood19 moderada por Fabrizio Rossi de ClimateKIC y compuesta por Esther Esteban INIA_es MartaEsteveN ClimateKICspain Julio Carreras IIAP-UP y Manuel Pérez AGROSAPTRIMBLE,0
"And we are off! We are pitching our low cost, flat pack solar collector concept this week on an Energy Catalyst funded mission to Kenya. Excited! EdCentreCC ClimateKIC HWUEntrepreneur ConvergeC",0
"Diego Pavía, CEO of InnoEnergyEU, now on stage at EBANmalaga!",2
emsermar CopernicusEU ClimateKIC EUClimateAction UNFCCC GlobalClimathon esaclimate WBG_Climate Energy4Europe It will be available here: On the page you can also check previous webinar contents.,0
Want to be entrepreneur &amp; test business idea | innovation? Apply to EIT_Digital ESN pre-incubator till Aug 26 @,1
A snapshot of the EITDigitalAccel supported scaleups in Italy. CreactivesSPA EnerbrainLive RebelRoam stamplay Tnet_Italia InnovationDay18 Trento EIT_Digital,1
Maria da Graça Carvalho from innovationunion is one of the speakers at 8EIS breakfast talks about EIT KICs k4innovation EITeu,1
Ready for our OlivettiOnline cashregister40 demo at EIT_Digital InnovationDay19 in Helsinki,1
"In the autumn of 2018, EIT ClimateKIC organises Catapult - a two week thematic summer school across Europe for PhD students. Connecting PhD students from around the globe, the Catapults are hubs for new ideas with interdisciplinary approaches.",0
Digital transformation takes no summer breaks: the EIT_Digital summer schools,1
Great night in london with the A2F team of EIT_Digital and the investors VentureCapital EITDigitalAccel Tnet_Italia tnet4iot smartroad itsupport digitalcities BenMcClureEITD,1
2 weeks to EIT_Digital Graduation Ceremony! Last year kgrigorjancs took this pic now CTO Plugifyclub. This year?,1
EIT Climate-KIC ClimateKIC urges London to lead in turning climate emergency into action AndersWijkman KirstenCKIC ClimateBonds almedalen2019 PLarshans theWSBF BarrySheerman CanalRiverTrust miljotweets NiklasNrdstrm EURACTIV LeadershipMatters,0
Quantoz is in the finals of EITDigitalAccel Digital Challenge in London November 28! financialinclusion for IoT,1
FoundersDream by eloizasavvidou ClimateKIC climatelaunchpad greece Hellas,-1
Jørgen Abildgaard presenting KBH experiences with their Climate Plan ckicnordic ClimateKIC,0
Looking back with 😍: see a collage with EIT's achievements in 2019.⠀ ⠀ FF to all our EITCommunity for being with us! ⠀ EITHealth ⠀ EITRawMaterials ⠀ ClimateKIC ⠀ EITUrbanMob ⠀ EIT_Digital ⠀ EITManufactur ⠀ EIT_Food ⠀ InnoEnergyEU ⠀,1
SustMeme caala_s ClimateKIC ClimateKIC_UKI Gudrun_Freese get me a rammed earth aeroplane,0
"Up next ClimateKIC Climate Innovation Summit, CEO KirstenCKIC on exponential change and the urgency of transformation MissionFinance",0
Sign up now for the EIT Alumni Startup Day in Barcelona on 10 March. Join local EITalumni and reinvent the Port of Badalona. 1st Prize is a 24hr Innovation Beach Retreat! Register now at,1
Come learn how we heat people with your computations ! Booth J4 at IPEXPO on EIT_Digital Accelerator stall ! Qarnot IPExpo,1
Merci Wilfried w_dron et Laura d'être des ambassadeurs au top! mslkickoff eitdigitalacademy EIT_Digital education entrepreneurs,1
El gran problema global el CambioClimatico supone oportunidad con ClimateKIC con la innovación para dar soluciones Pint17ES Pint17VLC,0
Nuestro CEO habló de alguna de las claves para que Europa pueda liderar la carrera digital en la inauguración del Nodo de EIT_Digital Spain,1
Joseph Kililo currently pitching his building materials made from agricultural waste and mushroom root. clp18 clpke18 ClimateKIC ClimateLaunch,-1
Getting ready to pitch climatejourney16. Good luck Journey5 and Journey6 ckicnordic ClimateKIC,0
"Conference worth sharing focused on RRI, biomedicine &amp; health by EESC_INT EITeu resindustry EU_EESC. + info:",1
"Attending the ClimateKIC Greece Hub Kick-off meeting &amp; the 2nd Sustainability Summit by EconBizFin. Our aim, to form close collaboration between Cypriot &amp; Greek counterparts in order to establish a cleantech hub of innovation and entrepreneurship in the wider MENA region.",-1
"""PayPal’s goal is to use the acquisition to provide a more comprehensive digital payments offering to retailers that want to explore omnichannel strategies by selling products across a range of bricks and clicks platforms."" EITDigitalAcad via IoB_News",1
"AndersWijkman We need to triple investments, a big part should go to the development countries - He also reflects on the speech of MarosSefcovic that we need to take care of our earth together ClimateKIC missionfinance",0
🔴 Blockchain: opportunities and challenges bitcoin ICO fintech defstar5 makeyourownlane Mpgvip ClimateKIC,-1
Working with good ClimateKIC people on the road ahead. ClimateAction sensemaking bigideas CKICNordic,0
Congrats Marie_Ve_G to have LumoFrance enter the ClimateKIC program ! innovation BpifranceInno poitoucharentes crowdfunding,0
Celebremos el Día Internacional del Medio Ambiente vía YouTube UNEnvironment ClimateKIC ReachScale Haciendo_Eco WorldEnvironmentDay ZeroWasteChallenge,0
"EIT ClimateKIC CO2 DirectAirCapture Startup Climeworks hat den Abschluss einer Finanzierungsrunde über 30.5 Millionen CHF (26,8 Mio. Euro) bekannt gegeben. Zu den Investoren gehört die Zürcher Kantonalbank zkb_ch . Mehr dazu: Klimawandel CCU",0
ClimateKIC Aster_ER involve stakeholders citizens resilience capacity in adaptation plan pieropelizzaro,0
IBioIC aberdeenuni Honoured and chuffed about this cooperation for EU circulareconomy and climateemergency solutions with Scottish &amp; Belgian Fun-guys. Looking forward to it! EuropeWeLoveYou Scotland AuroraGroupScot HubClimate ClimateKIC EdCentreCC irritweets ewanramsay RichardLochhead,-1
Do you have a breakthrough business idea with great potential climate impact? Then apply for the CKICNordic start-up accelerator by 1 February! 🌿⚡️,0
"tudelft and ClimateKIC developed a e-bike charger, full with instruments to measure the results. Experience it:",-1
Prototyping at climathon Malmö is like kids in a candy store. CKICNordic,0
🌱EITeu ClimateKIC's GlobalClimathon is the world's largest climatechange hackathon. Now's your chance to answer the call to climateaction! Climathon enables you to work with your city on a local challenge &amp; design for a healthy future. Learn more:,0
"Na_carrera EUDigitalEdu EU_Commission simonapetkova7 eu_schoolnet EITeu EU_ScienceHub eTwinningEurope CodeWeekEU DSMeu EUErasmusPlus EdChatEU SELFIE_EU includes questions related to coding &amp; the use of technology by teachers &amp; students to create their own stuff. Also, it is the only tool that allows schools to add their own questions, e.g. about robotics. EUDigitalEducation EduSummitEU EU_ScienceHub EUDigitalEdu",1
"Premio UEFA per Innovazione e Creatività alla FIGC (e a Trento) Leggi qui: •Iscriviti alla newsletter Private Capital Today per ricevere ogni giorno le ultime notizie riguardanti il PrivateEquity, VentureCapital, PrivateDebt EITDigitalAccel",1
New research-backed innovation programme from ClimateKIC partners to increase sustainable forestry &amp; wood-use in the bioeconomy to boost EU climate goals EUFutureForestry IntlForestDay GlobalGoals GreenEconomy WUR Inra_France I4CE_ lunduniversity,0
"Last but not least, the dog house confirms that recording is complete and the source can move to the next position. Follow us for more videos. TUDelft EAGE_Global H2020 EU_H2020 EU_EASME EITRawMaterials UU_University",1
Cybersecurity and Privacy EIT Summer School just begun. Organised by EITDigitalAcad in Trento Italy.,1
Thanks for a great bootcamp ClimateLaunch ClimateKIC,0
Master school Madrid first school day ;) EITDigitalAcad,1
New NO2 forecast for Europe by MetClim. Do you want to know more? Visit or contact us via infometclim.com wuf9 c40 cities4climate IMF CleanAirAct cleanaireu ClimateAction Copernicus AirQuality ClimateKIC Airpollution CleanAirEU beatpollution,0
EITRawMaterials team at XIV Congreso Minería 2018 in Seville. pierluigi1972 eitrawmaterials,3
"In Madrid 🇪🇸 on 30 Sep - 1 Oct 2019? You won't want to miss some of my favorite people running this event for EITeu 👇 If you're interested in climate, sustainability and building startups with impact, be sure to check it out",-1
One of my very first role as new project manager for the nordenen project on Wood in Construction at CKICNordic was to help start a new initiative from uni_copenhagen on science based teaching material for the entire wood value chain. NordicIdeation dkgreen Bioeconomy,-1
"Now ComputerHistory Austrian Mobile Security AppRayOfficial, also an EITDigitalAccel supported scaleup Come meet these guys EID SEC2SV",1
SexyPlant startup Vlc gana final española ClimateLaunchpad ClimateKIC AVAESEN,0
Learn how to build IoT devices that connect to the cloud in a secure way with EIT_Digital and iMinds:,1
CZELO Access2EIC publikoval novou verzi anotovaného vzoru pro podávání návrhů projektů do výzev EIC Akcelerátor EUeic H2020 s cílem pomoci inovativním SMEs s jejich návrhy. Příručka vysvětluje požadavky návrhu a zahrnuje také GreenDeal➡️,1
"Carles Ferrer CSO of AEInnova attends InnoEnergyEU Partners Day in Grenoble, France.",2
"Ready to step outside your comfort zone and look at things differently? We invite aspiring pioneers and potential hosting organisations to apply to EITeu ClimateKIC’s professional mobility programme, Pioneers into Practice: YourPathYourFuture",0
6tg pitch by ProGlove EITDigitalChallange DigitalIndustry EIT_Digital EITDigitalAccel slush16 scaleup startup,1
"Are you a startup planning to boost🚀your future business📈 in North America?🌎Are you interested in prospect new leads, customers and partners🤝 at the PDAC2020? Apply for the EITRawMaterials travel grant ✈️ and access pass fee🎟! ConnectingMatters 👉",1
European top scale-ups at EIT_Digital Idea Challenge finals!,1
"365ACTNOW 30 Under 30: Class of 2019 report, showcasing the success stories class of future sustainability leaders and recapping the group's calls to business action. PLarshans BarrySheerman ClimateKIC ActOnClimate100 LeadershipMatters",0
FET project on nuclear clock makes it to the front page of the journal Nature | Digital Single Market via EU_Commission EICPathfinder FutureTechEU EUeic,1
Stefanocalder from EITICTLabs startup JUSP_pay pitching for the EITeu Venture Award at INNOVEIT,1
.EIB has confirmed it will provide more than €1billion (£892m) in 2020 to support battery projects as part of the European Battery Alliance (EBA). InnoEnergyEU,2
Si conclude con il sorriso il corso pilota di ClimateKIC sulla circulareconomy per le imprese insieme a ENEAOfficial AessModena Twiperbole! Grazie a tutti!,0
Engaging Iceland in ClimateKIC? ❄️ Learn more about our recent trip to Reykjavik here: EITeu ClimateSusanne sollazophoniasd MatisIceland c40cities ClimateLaunch Dagurb reinventingcities,0
Tonight ClimateKIC project on TV Gelderland biogas cleantech innovation,0
"Con le nuove nomine, i 2/3 del Board di EITeu, l'Istituto Europeo per l'Innovazione e la Tecnologia, e' composto da donne. E' la prima volta nella storia di EIT! L'innovazione è donna!",1
EITRawMaterials RMschools EITeu Bravo Armida!,3
jsoldatos gft_it Infinitech_EU BDVA_PPP EIT_Digital,1
"LAST CALL: Register today for the EUA Energy Cluster Event, co-organised by EUA_Energy InnoEnergyEU and Univ_Lorraine CleanEnergyFuture",2
🌍 Climathon 🏅Mi Hub🏆Stappout🏅Pedala Mi🏆vincono il percorso di accompagnamento imprenditoriale che li porterà a mettere a terra la propria idea. Complimenti a tutti i partecipanti 🍀🚲 FondCariplo ClimateKIC,0
“Finance theory is anchored in the science of physics. The world is complex. Those two things don’t go together.” John Fullerton of CapInstitute at VolansHQ’s TomorrowsCapitalism Forum. cc ClimateKIC’s TransformationCapital Initiative,0
High-Level Expert Group on Sustainable Finance (HLEG) highlights the key role finance will play in achieving the ParisAgreement goals cdlariviere ClimateKIC - great area for impact! sustinv impinv greenfinance climatechange,0
Aquest és un de tants problemes derivats del canvi climàtic i que afronta el nostre territori. Vine i busquem solucions en un ambient màgic! Apuntat al Facebook i rep més informació ClimateKICspain ClimateKIC ClimathonGANDESA,0
"GATEWAY project from EITRawMaterials meeting CSIS, Spain. ConnectingMatters RawMaterials EULadinAmerica",3
‘Investing in both community &amp; environmental sustainability is integral to our future growth’ – David Croft sparkinginnovation ClimateKIC,0
"Con le nuove nomine, i 2/3 del Board di EITeu, l'Istituto Europeo per l'Innovazione e la Tecnologia, e' composto da donne. E' la prima volta nella storia di EIT! L'innovazione è donna!",1
.ClimateKIC DEVASTATING effects of KillerPalm fires greenhouse gases on climate must STOP,-1
Yes COP22 act on climate JudiWakhungu AfricaCRP 350NYC GreenpeaceNZ McKenzieCNN OlumideIDOWU AMB_A_Mohammed ClimateKIC ErikSolheim,0
"Next startup pitch here at itswc2018 CKICNordic is nuwielcity, working on last mile delivery using trailers - by foot or bike.",-1
CathyBonsai FEMconference EITRawMaterials I am looking forward to it,1
"Urban Transitions Director of ClimateKIC, Sean Lockie opening the second day of the GreenFinance Workshop",0
A lot of DTU students showed up for Info Event about the ClimateKIC Master Label. Great having so many climate innovators in one room!,0
"Well, what else can we say next to WOOHOO? Happy and super cheerful describes our mood quite well. Many thanks to EITDigitalAccel Challenge! We are very proud of this success and of course of our founder MathiasBohge !🥳 echoring r3 winner DigitalTech jointherevolution",1
"Mission, Zukunft, Herausforderungen - zolar Geschäftsführer Alex Melzer erklärt im Gespräch mit ClimateKIC, warum Solarenergie zukunftsorientiert ist und welche Potenziale in ihr schlummern. ☀️ zolar photovoltaik pv energiewende",0
Retweeted Climate-KIC (ClimateKIC): Running a women-led ClimateAction project? Apply for the 2016...,0
FUTURE OF ENERGY STORAGE IS IN SAFE HANDS! Check out 10 winning energy storage startups ready to disrupt the industry in 2019 Energy Startup Tech Europe Aviloo Wattalps InnoEnergyEU instagridco BroadbitB VoltStorage TwaiceTech GaiaMembranes,2
ClimateKIC_CH FloraRosenow chburkhardt ClimateKIC ETH how do we receive this info? Putting together our B plan now DC Climathon,0
"""How can cities go green?"" See Sign up at workshop by ckicnordic malmostad trivector_,gate21 vinnovase",0
Gov. Jerry Brown extend California's cap-and-trade program AndersWijkman ClimateKIC usmayors southpolegroup,0
CNRS treefrogtx Kayrros EUeic cnrsinnovation CNRSinBrussels Merci au CNRS et upvd1 d'avoir amorcé cette filière industrielle du stockage thermique éco-efficace. l'Europe accompagne désormais l'internalisation d'ecotechceram,-1
ClimateKIC_UKI Greenhouse talk from ZymeDeal using anti microbial patches to preserve drinks from spoilage,-1
"Das ClimateKIC Re-Industrialise Flagship, geleitet vom Wupperinst, lädt Stakeholder von CO2-intensiven Industrie/gebieten und Regionen ein, an einer Studienreise vom 28.-30.10. in NRW teilzunehmen. best_benjamin ProvadisSchool Transformation",0
EITDigitalAccel final call Berlinians. Check out our amazing prizes and speakers. Please Register before dawn,1
"Are living in &amp; around Munich? Within AI_TraWell funded by EITUrbanMob, we are running a survey to identify MobilityBehavior of different user groups &amp; understand their preferences using means of transport &amp; RouteChoices. Pls support this study:",1
"Jana Kolar EITeu ""the EIT has an output design: we need to follow its example in EU R&amp;I policy"" EARTOPolicy16 innovationunion",1
"SP_ECCLR AndersWijkman ClimateKIC ScotParl The transcript of that wide-ranging and compelling evidence session is online. It's an inspiring read, and not just for policy wonks. This is how we save ourselves, our children &amp; our neighbours from the ravages of climate change.",0
BobWieckowskiCA It was a great pleasure meeting Senator BobWieckowskiCA again today to discuss how climate innovation in California and in Europe through ClimateKIC could mutually strengthen each other. Accelerating climate action through collaboration opening a hub in San Francisco.,0
UNFCCC ClimateKIC 🆘ClimateContrlWeaponCO2➡️📡⚡️space🛰🌬💨❄️USAF TO BOMB IONOSPHERE VOTE,-1
.ClimateKIC €Billions EU imports linked to illegal deforestation &amp; KillerPalm Is EU 2020 pledge achievable ?,-1
Smartlight lets you see the bright side of ageing! EIT_Digital BrightAgeing elderly wellbeing eHealth,1
"On 23 &amp; 24 Jan, EIT ClimateKIC held a two-day open workshop on EU Forestry in Brussels with 40 partners + experts to kick-start its new forestry flagship programme. Read all about it on our SLU LinkedIn page &amp; sign up to follow or shape its development:",0
Next gen transport app BoogiApp InstantSystem arrives in Bordeaux w/ support of EIT_Digital mobility smartcity,1
Jetzt bei ClimateKIC News: Ein Interview mit Prof. Dr. Hannes Utikal vom ZIN der ProvadisSchool über die notwendigen Kompetenzen für bedarfsgerechtes Gründen in Zeiten großer Transformationsprozesse. Gründer Startup Energiewende,0
RAPPEL ! Plus que 3 jours pour vous inscrire et participer gratuitement à la 🌞Summer School🌞 EIT_Digital DigitalCities organisée à Rennes du 02 au 13 juillet 2018. Candidatez avant le 20 mai ▶️,1
"Would you like to give you contribution in shaping the future of the European Institute of Innovation and Technology EITeu? Participate in this EU_Commission public consultation, have your say by filling the online questionnaire EUHaveYourSay ⬇",1
Talking about mobility - how do we scale from pilots? nordicpartners ClimateKIC CKICNordic,-1
We're extremely proud to announce we've been accepted into Stage 1 of the CKICNordic Accelerator! Read more: ClimateChange blockchain impinv,0
Happy to see the work of sensible4ltd from the CKICNordic Accelerator come to life mikkeltrym,0
Your footprint that matters - and your actions as a leader ICLEI_advocacy ClimateKIC Kommuninvest MarkWatts40 MistraUrbanFut anderswijkman sampweaver EURACTIV JerryBrownGov via WRIClimate,0
Our very own National Lead for Romania presenting ClimateLaunch and ClimateKIC Accelerator on TV TELE EUROPA NOVA,0
📢 Appel à projets d'InnoEnergyEU: assistez à la présentation de l'InvestmentRound le 31 octobre à Lyon 💡énergie,-1
"Would you like to learn more about CopernicusData for rawmaterials❓ 🎯Register now for the RawMatCop free webinar at the Copernicus Hackathon on October 22, 14-16h (CEST). More info: EITRMAcademy ICTJA_CSIC EITRawMaterials",3
"Our Co-Location Center Central, Darmstadt 🇩🇪, is now fully operational and welcomed CEO KlausBeetz to the new facilities end of last week. Manufacturing EITCommunity",-1
On parle de nous dans LUsineDigitale ! Retrouvez le DrBaher qui nous parle de la Healthtech à EITeu EIT_Digital,1
"paradisecircus Given that one of the things he's doing is speaking at a ClimateKIC event, I am probably less worried about that...",0
Fish species are being substituted and sold as more expensive ones - we are calling for a clean food revolution. EITeu eitfood cleanfood seafood seafoodfraud,1
💻Virtual event Future Tech Week powered by the CE in collaboration with FETFX FeTfx EUeic EU_H2020 📅 21st – 25th September Join in! 👉 OPECTIC FET H2020 innovación,1
"roomitchell ClimateKIC ClimateLaunch Andrew, have no idea what went wrong, you should certainly be here with us!! Pls come if you can make it, you’re more than welcome. So sorry apologies",0
kilkellyb ClimateKIC bolognaUT,0
CopSonic finalist in the EIT Digital Challenge - scaleups driving Europe's digital transformation EITDigitalAccel,1
EIT_Digital cest koi !? sa ? !,1
Google Maps for iOS makes it easier to find food and drinks nearby via EITeu,1
"ResilientVejle ClimateKIC c40cities EITeu Hello, the link is working fine on this side.",0
Interested in knowing how large share of innovations in FIN and SWE are stimulated by public support? Read short article in Fpolitikk: Original article: EUScienceInnov OECDinnovation GabrielMariya NordForsk EUinnovation EUeic,2
Is awareness of circulareconomy translating into biz practice? ClimateKIC asks Fairphone MetabolicHQ and others,0
"Mi smo svoju priliku iskoristili, a sada je red na Vama. EIT_Digital Venture program ima otvoren poziv za 2020.",-1
Join us for our next ClimateKIC community &amp; pitching event impacthubzurich 17 July 6-9pm,0
"TOA16: Neuauflage von ""Boat Pitch, Beer &amp; BBQ"" von Bitkom_Startup &amp; EIT_Digital am 13.7.",-1
NTNU new partner in ClimateKIC: forskningsradet Horisont2020 konservativ,0
Couldn't agree more w horstk on EITHealth EITeu role &amp; impact. It helped ontoforce in all ofthis. Thx sylvie_bove Hoeller &amp; many more,1
Openreach lanceert supersnel breedband dankzij innovatie van EIT Digital en TNO EIT_Digital TNO_nieuws,1
Congrats to EIT_Digital supported scaleup sentryo for winning at BMWTechDate. Meet them now at VivaTech.,1
A Ferrara l'hackathon su mobilità sostenibile in una città patrimonio UNESCO climathon italy ClimateKIC,0
"Scaling local communications networks, IEEEsmartcities expert rsaracco of EIT_Digital explains:",-1
TheGCIndex InnoEnergyEU euw McKinsey EON_SE_en energywebx energyunlocked Congratulations 👏 Look forward to hearing more about it,2
¿Eres profesional del I+D+i y quieres incrementar tu conocimiento en la búsqueda y gestión de la información técnica? danos tu opinión participando en la encuesta del proyecto CARONTE. Click aquí eitrawmaterials residuorecurso,1
Creating real and lasting links between researchers and small businesses is key to growing more tech🦄 in Europe. That's why DIGITALEUROPE stepping up our engagement with EIT_Digital and BonefeldCecilia will join their supervisory board. GabrielMariya,1
"This morning we had our yoga session to give our contestans a fresh spirit and new energy to start hacking again, good morning!🤗 smartmobility hackathon tilburg deephack DUODEKA_ DataconNL UltrahackHQ EIT_Digital",-1
"Dr Roland Gauss,EITRawMaterials Thematic Officer, will give a speech on Strengthening European rawmaterials value chain through recycling",3
.IEEEsmartcities expert rsaracco of EIT_Digital talks about a sensor that’s a million fold more sensitive:,-1
Kevin shares the state of the art of our International Stakeholder Group ourspace2019 ClimateKIC,0
“EITeu: Find out how socialmedia stimulate innovation SMWRdam,1
"The EITeu ClimateKIC funded Carbon Lane project explores practical carbon drawdown solutions for urban green areas in helsinki 🌱 On 11 Dec, you have the chance to attend their dissemination event! Register now ➡️ AaltoUniversity helsinkiuni",0
"""Watch out for climate fatigue and climate amnesia"". ClimateKIC must continue to engage says lykkefriis EITeu",0
Crowdsourcing In Europe CrowdWeek NiklasNrdstrm southpolegroup ClimateKIC ckicnordic EurActiv ClimateWeekNYC,0
The EIT_Digital Summer School in Bologna is started,1
NancyPfundDBL Cleantech myths cleantechgroup cleantechforum jobs ClimateKIC rockstart DutchBasecamp NLinSF,0
"OpenInnovation call from kommunen, InnovasjonNorge and ClimateKIC ! Making Stavanger's city hall smart + sustainable SVGSmartCity",0
Shame he didn't specifically mention ClimateKIC. He should read more here,0
"V Bruslju je danes srečanje ministrov za konkurenčnost COMPET, ki se ga udeležuje tudi minister dr. JernejPikalo. Ministri so sprejeli delni splošni pristop do inovacijske strategije Evropskega inštituta za inovacije in tehnologijo EITeu.",1
ThermoNorth team is working intensively on their project for Grand Finale Keep our news updated CLP18 Azerbaijan ClimateChange ClimateJourney18 ClimateAction ClimateLaunch climatekicstart ClimateKIC EdCentreCC 2020ClimateGrp socialinnolab CO2Catalyser cevalogistics,-1
The Copenhagen Climathon winners cyclebox interviewed by the media ClimateKIC,0
Apply now for the EIT_Digital Challenge 2017 and scaleup your digital tech startup EITDigitalAccel,1
Cities that know what they are doing - they measure their emission - and put their outcomes into action that will transform their cities - Drivers for Change - LeadershipMatters ICLEI_advocacy ICLEI_USA tomkerrglobal c40cities CKICNordic NSCexpo,0
Congratulations to Martin Kern &amp; EITeu,1
Really excited about our Digital Cities event at the end of October with tech_scot EIT_Digital,1
repubblica Corriere RaiNews Raiofficialnews ENEAOfficial EITRawMaterials favini_it AcquarioGenova FnsiSocial FIMAit MontanariPin,-1
"Tom Mitchell, Director of ClimateKIC_UKI, opening event: we are moving 6x slower on decarbonisation than we need to be to meet Paris",0
Great to see existing CKICNordic partners at NordicEdgeExpo. Come see the solutions for how to make the City Hal…,0
Climate change is a growing factor here: you can learn about climate challenges facing agriculture + food production with ClimateKIC climatekicstart + UniofReading's free MOOC on this looking at wine and dairy production,0
Roozbem7 EITUrbanMob Congrats Roozbeh!,1
The need for a change of paradigm in research &amp; innovation CRISHlondon RosinaMalagrida RRI EITeu EITHealth_UKI,1
Creating impact at the ClimateKIC enCO2re meeting in berlin today! useco2,0
And the winner is.....Freo Aglow - Millennium Kids rocks climate_kic_aus LynBeazley ClimateKIC Climathon,0
"We need to hack our cities to make them circular, sustainable, and open bricktick - via climateKIC OSCEdays",0
"SNAP4CITY hackathon on smartcity bigdata and services: Helsinki, Antwerp, Toscana. 29000 euros of awards. _SmartMobility _thisisantwerp_ AaltoBIZ AaltoUniversity AP atvbe BZAntwerpen Cefriel CitiesSummit delijn DigitalTrends EclipseIoT EITalumni",1
Leaftech services selected for initial demonstration of Fujitsu RunMyProcess for Smart City Future with RunMyBuilding For Smartbuildings and smartcities runmybuilding biahubs Fujitsu ClimateKIC readbyanjan sasanzahirnia,0
Conferentie 21-03-2017. EIT Digital Annual Conference: Delivering Europe’s Digital Transformation. Via EIT_Digital,1
CKICNordic kramirezramos EITeu gianmarco_paris CoasTeau,0
Opencloud Factory to boost European expansion plan with EITDigitalAccel,1
Sign-up below if you're an EITRawMaterials Alumni &amp; want to build and lead a local network in your city. We're going local &amp; looking for representatives to join us in growing our community. EITRMAcademy EITalumni Need more info? Please reach out.,1
"Green Economy Congress- Belgrade, 2-4 Nov ImpactHubBGD BGDiplomacy climateKIC inatsummit",0
"P. L.Franceschini EITeu Raw Materials ""We are trying to bridge gap between research &amp; market"" ValleyOfDeath",3
The PATT Foundation Daily News is out! Stories via WasteAid inartic ClimateKIC,0
EIT_Digital on stage in slush16 talking about VR,1
manifesto2000 LeviTD ClimateKIC Amazing,0
"New report out! Motivations, practices and opportunities for strengthening collaborations with the EIT Community in a RIS3 context ⬇️ SmartSpecialisation EITeu EU_ScienceHub nidaozbolat",1
Cities step that make sence... smartcitieslive ClimateKIC usmayors CrowdWeek MistraUrbanFut miljotweets,0
SteliosYiatros cybc_com_cy CyUniTech ClimateKIC,-1
"Retweeted Climate-KIC UK &amp; I (ClimateKIC_UKI): NEWSLETTER: ...where we say welcome to EdCentreCC, publish our...",0
AlexAskew1 ClubOfRome AndersWijkman SDDecleve COP24Katowice COP24 UNEnvironment MamphelaR ClimateKIC WMBtweets This is very correlated (look at the sea temperature),0
AT&amp;T CEO says iPhones and Android phones should 'go away.' And I agree (as my dear students at FomAlumni and EITeu know well),1
"Change makers in education wanted! Join the DigiEduHack on 3/10! 24H hack to shape the future of education in the digital age. It's one of the DEAP actions &amp; EITeu initiative, led by ClimateKIC and coordinated by AaltoUniversity. Check the website→",-1
"SriAgenda underway | webinar: Green City Bonds: Pooled GreenBond Financing for Municipalities ""ClimateBonds ClimateKIC greenbonds greenfinance climatefinance sri esg sustainablefinance",0
"6 key reasons why you can’t miss attending the Cybersecurity360 programme for Professionals by EIT_Digital &amp; UCBerkeley Executive Education according to SiliconCanals after interviewing FabianGPastor, Head of EIT_Digital ProfessionalSchool",1
Congrats ! First sustainable LEGO pieces to go on sale via wyeates for ClimateKIC ParisAgreement MakeOurPlanetGreatAgain Re100 Naming,-1
Nederlandse Scaleup Quantoz een van de beste Fintech scaleups van Europa. Quantoz EIT_Digital,-1
"El proyecto PortsLoop, en el que participa La_UPM, ha ganado el World Ports Sustainability Award 2020 de WPSP_IAPH ‼️ 👏🏽 Este proyecto ClimateKIC tiene como objetivo facilitar la transición del sector portuario a la EconomíaCircular. H2020 InvestigaUPM circulareconomy",0
Australia is auctioning $11.5 million in confiscated bitcoins next month via EITeu,1
"P. L.Franceschini EITeu Raw Materials ""We are trying to bridge gap between research &amp; market"" ValleyOfDeath",3
Event highlight: Climathon in Malmö this month by malmostad &amp; ClimateKIC:,0
"Hoy hemos estado en el SuperLabPorts en el Final Workshop del programa Pioneers into Practice, programa de ClimateKIC",0
ClimateKIC noyce!,0
"Opening of the EIT House in Brussels by Martine Reicherts, DG at DG EAC EITCommunity",1
"""Kryptonite"" connecting borrowers and lenders EITDigitalAcad summerschool Budapest digitalfinance",-1
"Non dimenticare la scadenza per partecipare al Climatejourney18 la SummerSchool internazionale della ClimateKIC, gratuita per gli studenti europei. Diventa protagonista nella lotta al climatechange Green Clima",0
EITeu ClimateKIC CEO KirstenCKIC talking about the importance of networks when designing for deepgoing systemic change at WCEF2019. “The power of networks is about network effects” 🌐,0
"este_tapias ''Startups need be passionate of their idea, search for network.CKAA provides that'' COP21 ClimateKIC",0
"Delighted to announce our afternoon panel CHAIR for ""Exploring Policy Implementation for Sustainability"": Andy Kerr! 1/2 tickets are gone, don't miss this: FutureARK EdCentreCC EdinburghUni EdSust ClimateXChange_ ClimateKIC",0
zeleros Altran altran_es angels_capital RedElectricaREE road_ventures Goldacre17 EITeu ClimateKIC EspanaGlobal PlugandPlayTC ¡Enhorabuena por este merecido logro! Sois todo un ejemplo para las nuevas generaciones 👏,0
Jean Gelissen kicks off the EIT_Digital health and wellbeing activities 2016 hightechcampus 31 in gem_Eindhoven,1
Solar-powered plane completes world’s first ever round-the-world journey via EITeu,-1
arikring MarkRuffalo JigarShahDC LeoDiCaprio cheynman ClimateKIC Ronald_vanLoon NormanBuffong ICCCAD ineeshadvs politicususa Wait till maralago is under ten feet of water....,0
EITHealth CEO JanPhilippBeck and our EITawards nominees meeting journalists to discuss our healthcare innovations changing lives of citizens at the start of Innovate2018 EITeu,1
CKAA is joining! Our president este_tapias is giving a talk! Follow us! Coy11France COP21 ClimateKIC AnastNiko,0
Striking for climate - some of the ClimateKIC_UKI staff and families. ClimateKIC ClimateStrike,-1
AndersWijkman smartcitieslive miljotweets JKuylenstierna ClimateKIC ClimateAction c40cities usmayors,-1
"ClimateBonds seankidney CarelCronenberg SDDecleve andytuit SriEvent_It EBRD ClubOfRome ClimateKIC KirstenCKIC ClimateKICItaly EBRDgreen That's a wrap! SriAgenda just ended | Apr16 webinar Manufacturing - as part of 'EUTaxonomy Explored: Talks with TEG Experts' series ""ClimateBonds w/ 🎙seankidney 🎙CarelCronenberg EBRD 🎙SDDecleve ClubOfRome 🎙Felicity Spors ClimateKIC sustainablefinanceEU",0
El proyecto recycl3R en el peer to peer session de ClimateKICspain en Castellon accelerator startups ClimateKIC climatechange,0
"Wieder ClimateKIC bei DHDL: Das Impact Startup SirPlus_de kämpft gegen Lebensmittelverschwendung, indem es überschüssige Lebensmittel rettet und sie online weiterverkauft. Leider gab es keinen Deal, aber die Aufgabe ist trotzdem richtig und wichtig!",0
"If it uses electricity, it will go online- mikko EIT_Digital . Nice to see FSecure live again!",1
"Fantastic TechTalk by lorenzofrangi from GoliathCNC at the new EIT_Digital satellite by Cefriel. 1M investments on kickstarter for a futuristic milling machine PoliHub spinoff, check them out 🙌 tech cnc patent Kickstarter startup Startup",1
What do startups need if they want to scale up? Listen to what EIT_Digital business expert IbanezPaco recommends,1
Flera greenUps från chalmersventures och CKICNordic i viktigt samarbete med Energi_mynd,-1
tommitchell_kic says only 1% retrofits happen in Europe ClimateKIC_UKI CleantechInnov8 . Our mission is to increase that number!,0
"Arranca el encuentro europeo H2020PROSPECT, liderado por Valladolid como ciudad mentora en un aprendizaje común para la movilidadurbanasostenible El AyuntamientoVLL asesora a más de 15 ciudades europeas. 28-29 ABRIL enInnolid EUROCITIEStweet ClimateKIC energycities",0
"Excited to launch DrawdownEurope April 17 in Berlin. Organized by the German Energy Agency (dena) &amp; ClimateKIC, this regional ""hub"" will be a center of Drawdown research and innovation in Europe. Learn more and register for the launch event at",-1
Thank you BaillieGifford Sainsburys_Bank LloydsBankNews EdinburghUni for great conversation at EIT_Digital FinTech conference on the collaboration with Scotland exciting FinTech community FinTechScotland ScotlandisNow Sco…,1
"European Institute of Innovation &amp; Technology supports 5 entrepreneurs on Forbes' ""30 under 30 Europe"" list EITeu",1
ClimateKic Bogota is getting inspired by a Documentary climathon,0
"A brain for your digital camera, IEEEsmartcities expert rsaracco of EIT_Digital explains:",-1
Great seeing alumni Climate-KIC Startup joinTRINE nominated as Nordic Startup of the Year. RasmusJarlov NSAwards NordicMade ClimateSusanne CKICNordic ClimateKIC,0
Getting ready to pitch coach CKICNordic cleantech startups heading to SlushHQ slush17 CKICSLUSH Slush100,-1
How hydrogen can meet EU climate goals ClimateKIC Hydrogenligaen hybrit_project steelwarriorsuk eaEnergyEU BarrySheerman KirstenCKIC miljotweet Ygeman LeadershipMatters,-1
"Comment développer la ParticipationCitoyenne ? quels objectifs, quelles étapes et comment impliquer les citoyens ? Inscrivez-vous à notre MOOC Inria MPubliques EIT_Digital ouvert jusqu'au 24 février sur FunMooc",1
"What’s boiling up with autonomous vehicles, IEEEsmartcities expert rsaracco of EIT_Digital explores:",-1
TNavracsicsEU EUErasmusPlus EuropeanYouthEU EU_Commission MSCActions EITeu EU_ScienceHub Čestitam :),1
Ready to go with second edition of urban datascience bootcamp course on smartcity. Via crowdinsightseu eit_digital (@ Amsterdam Institute for Advanced Metropolitan Studies (AMS) in Amsterdam),1
"Maria Tsavachidis (EIT Urban Mobility): Barcelona es un ""faro"" para otras ciudades EITUrbanMob EITeu bcn_ajuntament",1
Future of Transport – How do we deal with it? Du missar väl inte en av höstens mest spännande kurser som vi genomför tillsammans med ClimateKIC 6-7 oktober? Mobility zerocarbon UrbanMobility trivector,-1
Il nostro sindaco BeppeSala ComuneMI durante inaugurationEITUM EITUrbanMob SmartCityexpo parla della digitalizzazione del comune robi_cocco e di sharingmobility cristajani,1
hans.maennicke.sustainable.daily is out! klima ecosalon Stories: sustain_agenda ClimateKIC csr,-1
"CEO of ClimateKIC, BertrandVanEe explains the role of the upcoming Paris climate talks",0
Recognising that EIT_Digital is making innovation happen! Let's see even more scaleups bringing success to Europe!,1
Anyone joining NkfSummit 2018 in berlin on the upcoming Thursday and interested in a chat on Innovation and Startups in Europe? Would be happy to get to know new technologies and business models. Ping me! EITDigitalAccel EIT_Digital radialsystem5,1
EUClimateAction TimmermansEU inea_eu Energy4Europe EUScienceInnov EIB EUeic EITeu ClimateKIC EUCarbonCapture TimMcPhieEU This is applicable to projects of any particular countries?,-1
CLP17 the desire for more innovations innovate4climate ClimateLaunch ClimateKIC,0
Today is the day. At CKICNordic we are ready for NordicIdeation Day at AaltoUniversity PetriAllekotte,0
.JIndEcol ClimateKIC_UKI IC_CEP CEEDRmdx CUSP_uk &amp; thanks to EPSRC Centre for Industrial Sustainability SustainIndustry,0
How can digital services improve engagement between government &amp; citizens? Tell DigiCatapult &amp; EIT_Digital:,1
“It might free up time to become even more human...but yes I think we have to manage that” mentioned for EITeu Health DigitalTransformation - but very same can be said for digital in education | EDUCATEldn results4dev DigEnlight AllDigitalEU AI Skills changemanagement,1
"Catch up with one cohort of students on ClimateKIC's TheJourney in Lund, Sweden:",0
Welcome back vasosv of viridomus. Great to see your progress ClimateLaunch ClimateKIC PwC_Cy_Press HellenicBank,0
sailtothecop ClimateKIC ProRail MinIenW WUR BetterPlaces_nl milieudefensie Truly inspiring!,0
Les inscriptions pour la Master's School InnoEnergyEU sont ouvertes ! Round 1 : du 9 janvier au 26 février.,-1
CsMadridCiudad ClimateKIC begonavillacis Madridiario ¿Quitando carriles bici? Vaya imagen nefasta para ClimateKICspain,0
"Reminder for this lunchtime, you are very welcome to listen in to our 2nd Resilient Cities Infrastructure Network webinar with ICLEI_ResCities imperialcollege ClimateKIC including case studies with Rezatec DFID_UK and more",0
.ClimateKIC DEVASTATING effects of KillerPalm fires greenhouse gases on climate must STOP,-1
"DariaTataj EITeu Moedas EUScienceInnov eu_com EITalumni As we both know, they already do significantly and will continu to do so.",1
Dome of vision in aarhus ClimateKIC EON_Nordic,-1
"Greetings from SEOUL. Wish I could be in lundskommun Sweden. Climathon is always fun. And with miarolf &amp; IdeonSP as organizers, nice old colleagues &amp; in my Nordic hometurf- what could have been better linegry ClimateKIC CKICNordic Lundsuni Asa_Hell",-1
We are hiring!!! EITUrbanMob,1
Day 2 of the CLPKE18 Boot camp on course with fnauta CLP18 ClimateLaunch ClimateKIC,0
Meet our finalists!🏆 EITAwards ScienceInnovation .EITRawMaterials .outotec MakingInnovationHappen EITImpact,1
"TBB2016 , it's on! Barcelona smartergrids DCbrain_feed InnoEnergyEU AI",2
We joined the ClimateKIC SurfandTurf ClimateJourney to walk around Alfama and work with the 40 participants to create innovative solutions to tackle the major problems of the neighboorhood CENSE_FCT_UNL FCTNOVA Lisboaenova ckiclearning SustainableAlfama Lisboa,0
"Se acerca la fecha del EIT_Digital Conference and Partner Event en Bruselas, donde EFLY de nuestro departamento AtosResearchandInnovation participará en la zona de exhibición de innovadores en el stand 7! Visita para más información",1
È appena iniziato il Climathon anche a Bologna! ClimateKIC promuove ogni anno la maratona di 24 ore di progettazione di soluzioni innovative per città più sostenibili. FondazioneIU hackathon clima challenge ClimateAction innovation,0
RT EIT_Digital: Only few seats left! EIT Digital Conference April 12 Brussels Save yours until …,1
"Buenísima entrada de Startupxplore resumiendo características de las mejores aceleradoras, ClimateKIC incluída. AVAESEN bigbanangels",0
"Looking forward to working with Commissioner Moedas, the European_Commission EUeic EUScienceInnov team and other board members yousefy82 hermannhauser KingaStan1 Lauragestefani bindik on the future of EU_eic support for disruptive innovation!",1
EITDigitalAccel - Innovation Day for Startups &amp; Scaleups Trento Thanks to Fondazione Bruno Kessler GEOsmartcampus EitDigital,1
CALLING ALL LOW CARBON START-UPS &gt; Get funding and support through ClimateKIC Accelerator Stage 2 EdCentreCC Closing date is 10th May.,0
Just applied for ClimateKIC summer school: I really hope to be part of this Journey ClimateJourney ClimateAction ClimateChange EU,0
World-first wind ‘hackathon’ boots up for WindEurope InnoEnergyEU EnergiaEDP WindEnergy WindEurope2017,2
iot &amp; social Dashboard for CittaBalocchi &amp; ComuneComo by socialOmeters presented in Trento at ITID16 EIT_Digital,1
JMGlachant We have to change the regulatory framework in Europe to accelerate energy transition. It’s understood but not started yet TBB2019 InnoEnergyEU,2
"Not done yet—REfACE the flood’s idea is to create natural flooding basins to diminish river flow, using successful case studies from other Italian cities. EITeu ClimateKIC Climathon, mainstage, Turin.",0
".TrivectorTraffi is a new partner of ckicnordic bringing creativity, innovation &amp; seriousness climatesolutions",0
Europe-wide call for innovative digital tech startups: EIT_Digital Challenge 2016 is open,1
"TNavracsicsEU EITeu EITeu has opened new ways to how innovation can bring value to the society. Meeting innovators &amp; entrepreneurs, I'm always struck by how wide ranging the impact is, making a difference to society as a whole, I’m proud that I have supported EIT throughout the years EITCommunity",1
"JEPaquetEU EUeic HorizonMagEU EU_H2020 EUScienceInnov BlueOceanRobot EUvsVirus EITeu devpost SmartSeparation You are systematically wasting taxpayer money on these high-tech sounding gadgets nobody will use. The reason is that your institution lacks the proper skills and expertise to select these projects. Jean-Eric, you have no clue, you were a bureaucrat in your whole life.",1
Listen to our IoT expert magnusmelander at CeBIT15 in hall 16 Code_n: via YouTube EITICTLabs EITeu cebit,1
BilolaT ClimateOutreach EITeu ClimateKIC ClimateKIC_NL ClimateSusanne ClimateKIC_DE ClimateKIC_Fr ClimateKIC_CH ClimateKICspain ClimateKIC_Hu Fascinating indeed! Make sure to punch over to ClimateOutreach for more info :),0
Try digital retail solutions that help you understand your customers EITDigitalAccel stand B02 Hall 7 EuroShop,1
Interesting open data platform by OpenDataSoft in Paris opendatasoft smartcitieslive SCLL17 AndersWijkman ContChange ClimateKIC,0
Day 2 of NordicSolutions Masterclass starts at Tåsingegade CopenhagenCity Climate Quarter adaption CKICNordic QuercusGroup w_baslow round_trip,0
"Now ResilienceLab ClimateKIC Julie Carlin’s outlining the 5 key insights for innovation solutions that can take us forward: systems perspectives, effective partnerships and frontier technologies. COP25 Cop25Madrid2019 climateadaptation AdaptXChange adaptation climate",0
Having assessed 53 excellent project CKICNordic is excited to welcome 21 applicants for pitching on NordicIdeation,0
agarciacelda ClimateKICspain ClimateKIC EnelGroupES Endesa EnelGroup Construyen sin estacionamiento y de todos modos tienen auto y invaden la ruta lo que dificulta la movilidad 🤔 EnelFocusOn,0
Innovar planificación del uso del suelo para promover mitigación y adaptación CambioClimatico ClimateKIC IF2015,0
wrf2015 conference will be made carbon neutral by ClimateKIC partner SouthPoleCarbon,-1
"“Are we really ready to deal with the consequences of ClimateChange? How business and institutions are starting to adapt?"" On en discute demain à Jussieu Spark ClimateKIC_Fr ClimateKIC I4CE_",0
"We are so very proud of our eight EITeu ClimateKIC EITawards nominees, three of which are from our Climate-KIC DACH accelerator: Estefania Tapias este_tapias, Karim Tarraf hawadawalabs and Jacob P. Bussmann seedforward_de! More information:",-1
EITeu EU_Commission WomenScienceDay DSMeu TNavracsicsEU too much time spent applying make-up dressing up and harassing schoolmates to ever get to the high levels of concentration that takes.,1
EIT Community Alumni in Budapest! Rocking time! ClimateKIC KICInnoEnergy EITICTLabs EIT_Health EIT_RawMaterial,1
Conference EIT_Digital EITDigitalAccel now InnovativeCity1 Accelarating European startups ShapingTerritories,1
Input deadline 28 Feb. comments JRC STRUBIAS draft “market study” on struvite/biochar/ashes NutrientP dpp_ev BSAG_ Phosphorus_ie SustainP RUN4LIFE_H2020 smart_plant_eu Water2Return systemic_eu eip_water EIPAGRI_SP EITRawMaterials eureau,3
Bikes in the city by c40cities EUROCITIEStweet EURACTIV theWSBF cdlariviere ClimateKIC ClimateGroup Miljodep miljotweets cities bikes,-1
"RT ClimateKIC_DE: .MyTwingz war Teil der 1. Runde des MunichRe ERGOGroup SideCall im ClimateKIC Accelerator Jetzt exklusiv für den nächsten Batch bewerben: Grant + Coaching + mehr, no…",0
ClimateKIC is getting ready for the European Innovation Summit #9EIS k4innovation We are looking forward to meeting you at our stand !,0
.ClimateKIC leadership team talking climateaction strategy with chair John S climatechange,0
On tech_eu: EIT_Digital ’s IdeaChallenge is seeking Europe’s most innovative startups -,1
Do not forget our Survey!! It's very important for our community. ckaasurvey ClimateKIC,0
EIT_Digital The future of Electrical Engineering 2050 by saracco1,1
CLP18 bootcamp day 2 starts with customer value proposition ClimateLaunch ClimateKIC,0
Thank you reneelertzman to present climate engagement Positive and realistic messages for real Climate impact ClimateKIC event Utrecht,0
"Orgullosos! Avaesen liderando una nueva generación de clusters en Europa, con apoyo de EU_Growth ClimateKIC. Noticia Clusters_EU aquí! impacto ClustersofChange",0
.ritter_mary: ClimateKIC also supports startups such as tado - from venture capital &amp; crowd funding EUCClimate,0
KIC_Madeleine cKIC_Alumni Thanks Madeleine!,-1
A lot of waste collection in Ghana is performed by informally employed waste pickers. EITeu ClimateKIC startup rePATRN seeks to turn this existing workforce into a network of self-employed formal suppliers of recycledplastics circulareconomy WCEF2019,0
"We're here at a joint meeting of the IGLO working groups on InternationalCooperation and HigherEducation to hear about the future of EITeu, opening with a presentation from GauthMG. Hosted by sost_cdti - ¡Gracias a tods por sus esfuerzos! yorkshireineurope",1
EITFANUK Cocktail hour after working through scoping market spaces and mapping value chains. Well deserved fun after hard work! EITFood IfMCambridge triplechasm YGadanakis,1
limebike planete_oui great to see Green mobility pushed from Wells to Wheels through real-time ! You should present your model Clem_mobi RenaultZE Tesla DotVisionMotion tmrowco SmartecoCTzen InnoEnergyEU ENTSO_E Energy4Europe ristori20 !,-1
Can creating local clean tech 'clusters' help boost the UK's post Brexit economy? ClimateKIC UK &amp; Ireland Director tommitchell_kic talked to businessgreen last year &gt; via,0
Startups Scaleups sign up EITDigitalAccel 'Connecting Industry4.0' Pioneers 1 June 7pm CET INiTS_at JIC_Brno,1
NickDobson74 ClimateKIC Smart Sustainable Districts Innovation Climate,0
"Pls take a look at my ClimateKIC ""PioneersintoPractice"" placement report lovesmallwoods BIFoRUoB cKIC_Alumni UoBGradSchool LCAHM_UoB",0
exciting times ClimateKIC our expert assessors reviewing climatejourney17 applications. ActOnClimate educating climate entrepreneurs,0
kramirezramos ClimateKIC MariaJPeeva EbrahimKIC CKICNordic EITeu The magic of GlobalClimathon continues......,0
NA Sustainable Phosphorus Alliance video summaries of phosphorus research NutrientP dpp_ev BSAG_ Phosphorus_ie CFPlatforma SustainP HubPhosphorus Bioref_Cluster eip_water EIPAGRI_SP EITRawMaterials EIT_food PhosphorusNews phosphoria31,3
innovEIT EITeu getting ready to showcase EIT ICT Labs ICT innovations and achievements in the digital arena!,1
How is it to be selected as one of Europe’s CleantechTop30 startups? Here’s Judit Kuszkò from CleenUp giving her 5 cents slush18 CKICNordic ClimateKIC_UKI ClimateKIC_DE ClimateKICPL,0
"Everything signed and good to go, kicking off two very intensive days of matchmaking and sorting thru 50+ partners &amp;over couple hundred proposals and ideas for 1st call of EITUrbanMob 🙌",1
The climatejourney17 enters final week in Riga! Time to prototype and polish the business plans ClimateKIC,0
"🌍💡 ¿Quieres conocer los 10 mejores proyectos CleanTech de este año? Te esperamos en CPL18 con ClimateLaunch ClimateKIC Avaesen! ✅València, 20 de septiembre, en Inn_Somnia ✅ En juego, la final Mundial de ClimateLaunch en Edimburgo. ✅",0
Thank you to our Yorkshire S4TP_BigIdeas Regional Finalists for getting stuck into the ClimateKIC Green Innovation in Schools workshop at today’s event. The first UK students &amp; teachers to contribute to this European pilot visualtools innovation entrepreneurship,0
EUvsVirus EUeic Too late to add a project?,1
City of Valencia case study for Energy transition cities project ClimateKIC,0
Cool location for the climatejourney18 at DTUtweet in Copenhagen 👌 DTUSkylab ClimateKIC UCPHHub,0
Calling energyefficiency lowcarbon innovation Must read news ClimateKIC BhamCityCouncil GBSLEP £60K challenge,-1
i3_FBK MicheleVisciola EIT_Digital _experientia zzz smallest on at wetehcdas wwqxqqqawawallmmalä x,1
"Accelerate your startup just as MyTwingz , winner of the first batch did! Apply for the third sidecall of the ClimateKIC programme from 18 June to 29 July: Respond2CC with Munich Re and ERGOGroup. noequity",0
France’s Orange says it will keep its U.K. offices despite Brexit vote via EITeu,1
"Do you ❤️ science + the environment? Check out SINReM, supported by RFG2018 Tech Partner EITRawMaterials",0
.climateKIC HQ London chilling on the green roof hottestdayoftheyear,0
Climate data: Europe expands its fleet of Copernicus Earthobservation satellites Sentinel2 ClimateKIC,-1
Today at the ClimateKIC nordicideation day at DTU listening to new ideas about how to address climatechange,0
At CKICNordic we are proud to be hosting the only Nordic cleantech Accelerator with 64 start-ups in our portfolio so far mikkeltrym,0
"👍Good to know ! Le 28 novembre, 🤵Jean-David Malo, Directeur de l’European Innovation Council Task-Force EUeic, présentera le programme EIC Pilot, lors de la journée 100% Europe. Join us : Details : H2020SME, EUREKA_NETWORK",1
"Congrats, penstable - so cool to follow your success! One of the few fintech companies in our portfolio 💚 ClimateKIC",0
Davide Garufi explained how InnoEnergyEU helped to achieve their success during Training on EITeu in Brussels 23 April organized by NCP_Academy Check more: … InvestEU InvestEUresearch successtory Science innovation research development,2
Delighted to open the climathonlund hosted by our CKICNordic partner lunduniversity. Great crowd for the second year in a row - this time addressing the plastics challenge,0
"In less than 3h, our product ""Moss-it"" will go through a business plan evaluation by experts📝 ClimateKIC climatejourney17 innovate SDGs",0
"Colin Keogh &amp; I are running a 2-day EITeu ClimateKIC Scaling for Impact program for entrepreneurs! Spaces are almost full, but if you own, work for, or know a startup in Europe who could benefit then make sure you register your interest here:",0
"ClimateSusanne shares CKICNordic's perspective on and ambitions for reaching the SDGs, and SDG9 in particular at CSR_LINK's sust debate",0
"The EUeic and the EU_Commission organized the EUvsVirus Hackathon, where our CEO &amp; Co-Founder, tkolind, has been invited as an ambassador and speaker. Watch him today at 8:00 PT (17:00 CET). Let's innovate solutions for COVID19 related challenges!👉",1
"📢Check out the latest interview to PCusachs by EUeic at the Digital Single Market news section ""PROJECTS STORY: The study of mechanical forces opens a promising front in the fight against cancer""➡️ mechanocontrol mechanobiology",1
Investment in a green future must be a priority for cities says Deputy Mayor of Reykjavik SBBlondal nordicsolutions COP23 CKICNordic,0
"ClimateKIC Resilient Historic Districts science practice session in ECCA2019 with presentations from the cities of Lisbon, Sassari, Savona and Nicosia talking about their challenges and opportunities for increased climate resilience. climatechange adaptation",0
EITRawMaterials VisualCap Atomic number of Copper is 29 with atomic mass of 63. Aluminum is 13. Titanium is 22. Copper is the heaviest.,3
copenhenken Sustainia EnerginetDK Google facebook amazon Energistyr CKICNordic This is done in Helsinki already in several places. This is on old article from 2010.,-1
Our moderator twittitrentatre ClimateKIC explores Maas concepts but business models would be helped if real price for parking was charged,0
Asia's pandemic stimulus may slow the demise of coal AndersWijkman bankers4climate tomkerrglobal ClimateGroup c40cities CDP ClimateKIC IEA Enviro_Finance CFigueres WeDontHaveTime0 WRIClimate WWF friends_earth eaEnergyEU LeadershipMatters,0
"Want to know more about the calls on EICPathfinder &amp; EICAccelerator programs? Access2EIC &amp; the EUeic are teaming up for a webinar. opencalls 🗓️ March 25, 9:30-12:30 CET 🔗 Full agenda &amp; registration:",1
innoveit making Europe more innovative &amp; competitive is EITeu mission: impact for people is the ultimate goal,1
EIC roadshow arrives in 🇬🇷 Greece! Eκδήλωση της GSRT_GR για τις ευκαιρίες χρηματοδότησης μέσω του Ευρωπαϊκού Συμβουλίου Καινοτομίας 🗓11 Ιουλίου 📍 NCSR_Demokritos ➡️ EUeic H2020 EICAccelerator EICPathfinder EUeic EUScienceInnov,1
"Majakrowicki malmostad GlobalClimathon CKICNordic Safe travels, climathon-Maja 🌎🇸🇪",-1
Here are 10 DeepTech startups awarded by EITDigitalAccel (glad to see our portfolio company ZelrosAI in that list). growth InsurTech,1
".EITDigitalAccel Alumnus &amp; Innovation Activity partner for 2017 juliedesk also at VivaTech, don't miss them:",1
"In April 2016, EITeu held its annual awards event, InnovEIT. See who won the three awards",1
circulareconomy model for coffee machines. Great presentations EITRawMaterials DocSumSquare summerschool,0
"Do you have a digital innovation in mind, and do you want to see it become reality? Don’t hold back! You are cordially invited to submit your innovation proposal to EIT_Digital. The call opens on 5 March. Read more:",1
Hackathon global hub ClimateSusanne ClimateKIC smartcitieslive EU_CoR James_Hanusa c40cities CrowdWeek,0
Volterion is an EITeu ClimateKIC-supported start-up that provides easy and efficient storage of renewable energy. Meet them at SlushHQ! Slush18 MissionFinance,0
The sorts of things people say to a prayer chatbot via EITeu,1
"Latvijas, rezervējiet datumus! EITCommunity iepazīstinās ar savām aktivitātēm Riga 28. martā. 👉",1
"Petri Liuha, digital industry Action Line Leader opening the event with Eero Eloranta from AaltoUniversity EIT_Digital",1
Helsinki meetup planned by DigitAlumni cKIC_Alumni to network reflect on Slush SlushHQ &amp; enjoy Xmas cheers 🎅,1
You want to access special infrastructure? Now it's possible! Find out more: innovation resource EITRawMaterials,3
.ClimateKIC DEVASTATING effects of KillerPalm fires greenhouse gases on climate must STOP,-1
"Partners of the event: taival_, AaltoUniversity, EIT_Digital, EITRawMaterials, EIT climate-KIC.",0
"""Work with water through energy to connect sectors"" says GWPMed director, Vangelis Constantianos, in Barcelona // ConnectSDGs guardianeco Energy4Europe EU_ENV EITeu",0
"When thinking of Horizon2020 and Budapest normally I am thinking of EITeu and it´s contribution to EUInnovation, but today it is ICTpropday with view to last Workprogramme of Horizon2020. Some slides are already online!",1
RTClimateKIC_AT Digitalisierung: migros geht Partnerschaft mit mit dem ClimateKIC Startup pickwings ein,-1
Univ_Lorraine et Lorraine_LUE sont impliqués dans InnoEnergy. Des candidats pour la PhD school d'InnoEnergyEU ?,1
Share your event on the Open Education Platform for IoT. An IoT_EPI initiative! taslab TheIoT EIT_Digital agile_iot,1
"Na čtvrtečním pitchingu na téma kyberbezpečnost, soukromí a kritická infrastruktura, který jsme pořádali v rámci festivalu pioneers18, zvítězila firma GreyCortex! Vítězové si odnesli balíček mentoringu od EIT_Digital a návštěvu cybersecurity klastru v Berlíně",1
Joying us on Data-driven services for a workshop in Brussels tomorrow supported by BNI_ENTSOE InnoEnergyEU👍We will talk about “Data-Driven Services for Energy Consumers” and will be looking at what is happening at the household level😀 Register here ➡️,2
"Estamos celebrando un InformationMorning sobre la convocatoria de proyectos 2019 de EIT_Digital. El director del Nodo español, Jesús Contreras, y la responsable local de la DoctoralSchool, Susana Negrete, explican los procedimientos y requisitos. Innovación MadeinEurope",1
Ready to begin our pitching practice! Putting down the fundamentals for the ClimateKIC ClimateLaunch national final in September! thecleantechroad2Edinbourgh cKIC_Alumni PwC_Cy_Press BSM_shipping GZGLawyers,0
"on 2nd June EPCulture adopted two opinions - 1) Recast of EITeu (26 in favour, 0 against, 3 abstain - for EP_industry report) and 2) EITeu Strategic Innovation Agenda for 2021-2027 (21 in favour, 0 against, 8 abstain) (for EP_Industry). See more",1
"ClimateSusanne CKICNordic Thanks, our project idea and calculations are available at:",0
SmartRetail by DigitalTransformation at EIT_Digital and OlivettiOnline HacktheFutureofShopkeeping. Launch-ready solutions in just 48hours. Social media in cash register? DeepHack StoriaDiInnovazione,1
"El ministro italiano de medioambiente, ahora mismo en CKCIS17 ClimateKIC ClimateKICspain Elmundoinnov",0
Rafael also participated in the Community Summit as a journey alumni. His participation gave journey teams inspiration and encouragement to pursue their climate solutions further and achieve their vision for a sustainable future. 💚🌍💪 ClimateJourney ClimateKIC EITeu,0
Op 17nov officiele lancering van de WellmoApp (EIT_Digital). mHealth Nictiz HAPP15,1
Tech startup fighting climatechange? €95k+ noequity up for grabs ClimateKIC Accelerator. Apply until 25.01.18,0
"On 6-7 March find out more about EITRawMaterials @ the Conference on Recycling &amp; RawMaterials in Berlin, Germany!",3
ClimateKIC Thanks for the RT. Check out our idea for Climathon NZ - Conscious Commuters,0
opendata energy su progetti GeoSmartCity e CitiEnGov DEDAGROUP_ICT ClimateKIC,0
Citymap on Climate EurActiv usmayors CompactofMayors c40cities EUROCITIEStweet ICLEI_ResCities ClimateKIC,-1
Very interesting webinar this afternoon by EIT_Digital and EdinburghUni about Space Data for the Digital Economy. Thank you so much to the organisers and panelists.,1
Inner journey startup Master Class Lab in Madrid by ClimateKIC OndineHB aupward ClimateKICspain,-1
"EUDigitalEdu EU_Commission simonapetkova7 pankampylis eu_schoolnet EITeu EU_ScienceHub eTwinningEurope CodeWeekEU DSMeu EUErasmusPlus EdChatEU Large groups are really a great inconvenient in Spain. This is indeed one of the main challenges we find. Also, software installed by admin does not always help",1
Read more on page 54 in the EIT Digital Annual Report 2018! EITeu,1
ClimateKIC EITeu There is no climate emergency. Recently 91 Italian scientists wrote a letter to their government saying that global warming is a scam. Here is a graph of 47 years of satellite data from NOAA.,0
malmostartups traveltech startup Handiscovercom secures €1.6M from EUeic to help physically disabled travelers find the right lodging. By annieMusgrove via tech_eu NordicMade nordictech,1
EIT Digital levert Europa’s volgende generatie innovaties en ondernemers EIT_Digital,1
EricThelen70 KayFButterfield EvaNahari GoogleAI EUintheUS open_austria EITeu EIT_Digital Multiple definitions or realizations?,1
"Applications now open! Join The ClimateKIC Journey, Europe's largest climate innovation summer school. Meet people, become a world-changing climate entrepreneur, join the world's raddest alumni group cKIC_Alumni. Apply here for the climatejourney18&gt;",0
Three use cases where 5G can differentiate and add extra value. EIT_Digital Innovation Days,1
"As part of our Mission Possible campaign, edie brings you this weekly round-up of five of the best sustainability success stories of the week from across the globe. AndersWijkman ClimateKIC 2030Sweden miljotweets LedershipMatters",-1
"S/O SustainableGW ClimateKIC, sponsors, and other competitors for the opportunity for incredible insights and collaboration Climathon",0
"EITeu well done Europe, what happened to manufacturing? A big disappointment for the community,",1
tommitchell_kic introducing bestclimateventure for ClimateKIC_UKI,0
"Discovering mineral potential of the Balkan region and the latest developments of the EITRawMaterials supported EITris project RESEERVE connecting SEE region for the pan-European Mineral Intelligent Network from benda_z, GeoSZ. SustainableMatters FEM2019Levi",3
SmartViser EITDigitalAccel LaverdureArnaud CPepinieres LaFTRSM_Int comtradegroup energizing!,1
Yesterday we talked about responsible and ethical innovation in artificial intelligence in SanFrancisco SiliconValley with EITeu open_austria DSMeu EIT_Digital. Learn more on what’s at stake listening to our latest EUNowPodcast on AI:,1
"EIT_Digital IMDEA_Software PSA: SHORTLY ENTERING THE LAST 12 HOURS BEFORE THE DEADLINE . If you are an EIT_Digital student, make sure to apply and bring some entrepreneurial spirit to the event!",1
EIT_Digital presenting at GlobalCityTeamChallenge Kick-off RocketSpace in SanFrancisco,1
"""We must embrace a great and unlikely goal"" ITarnanas and altoida identify the first neurological symptoms of AlzheimersDisease with an accuracy of 94%, six years before they occur GBHI_Fellows TrinityResearch EITeu",1
Great ideas need great support: tado Co-Founder Christian Deilmann thanking EIT_Digital and the EIB for helping to kick off their idea of sustainable energy usage! Especially social innovations need even more such support! SEND_ev GemeinsamWirken DigitisingEU,-1
TUCDesignAgency loving how you deigned our annual report! Thank you! EIT_Digital emmaljoy,1
AnastNiko cKIC_Alumni este_tapias looking forward to an amazing year of more pics :),-1
"Voice is overwhelmed by data, IEEEsmartcities expert rsaracco of EIT_Digital explains:",-1
1871Chicago setsquared imec_int itucekirdek INiTS_at LACIncubator seedspot BIC_Montpellier I3P_Torino YESDelft AUGEUCR CentechMTL chalmersventure RyersonDMZ GUVentures INCUBAUDEC javerianacali IPNunes DobsonCentre PoliHub UvmIncubadora studiognmsu superaparque TECEdmonton UofTStartup UtrechtInc etcbaltimore UIC_Sweden theHCDC ingriapark WSLlinks GECinD8 miditecnologico startupc YEDInstitute EIT_Digital ISDI_edu ...and find out how startup_mission NDRC_hq AC_Waterloo Chinaccelerator shell_ij and others arrived at sustainable business models. Get the World Benchmark Report 2019-2020 here: startups incubators accelerators entrepreneurship,0
"Predstavnice i vlasnice kompanija WannabeMag KidsterCo, HitSolution ali i Sanja Ribar ispred kompanije EY na radionici za devojčice startitrs EITeu",-1
NL_Circulair degroenezaak ClimateKIC_NL wbcsd ClimateKIC,0
EITeu GabrielMariya ECinBulgaria EP_Bulgaria AntoanetaAK WebitFestival PlamenRussev JABulgaria Благодаря много! Честит празник на всички българи! 🇧🇬🇧🇬🇧🇬,1
"Join Initiate! Lead Partner InnoEnergyEU in Paris for 3 days of networking, learning and business during EUW19! Accept their invitation and register here:",2
Team Challengers finalpitch climathon ClimathonTRD digstrondheim NTNU Trondheim CKICNordic,0
Thank you RegusGlobal for hosting our ClimateLaunch and ClimateKIC accelerator training session in your Nicosia Cyprus facilities.,0
Smartive invested by InnoEnergyEU secures contract with acciona,-1
Proud to be part of the project!!! MISE_GOV EU_Commission EITRawMaterials GrapheneCA grapheneinfo GrapheneCouncil,1
Another great restart party in Limerick today. Lots of electronics repaired and critical raw materials discussions rawelectronics EITRawMaterials RestartProject,3
A compostable coffee cup made out of spent grain? Follow NGrain reusable cup campaign Greenhouse ClimateKIC,-1
"Hear the latest in CloudComputing at EIT_Digital Symposium on 19-20 October in Rennes, France. Register now:",1
Innoveit 2017 mira en Budapest el futuro de la innovación en la UE EITeu EIT_Digital,1
When agriculture becomes the best place for impactinvesting Tenke Zoltani from BetterFinanceCH and adviser to ClimateKIC explains how: Great opportunities across the value chain. A win for the SDGs! impakterdotcom,0
"Future entrepreneurs meet cleantech innovations: Greenfomfort, reducing energy usage in buildings ClimateKIC",0
KickOff of Thought Leadership EITDigital EITeu w/ TechGroup89 Arctik_EU,1
In Maribor City hall at ClimateKIC Catalyser Workshop. Cities presenting their urban transformation. Riga &amp; Budapest Climatechange climate SDGs,0
Climathon ClimateKIC Teams are working hard to create adaptation tools to climate change in Boston region; 3.5 hrs to go! TIE_Tufts,0
Parcheggio a portata di smartphone: quando i sogni diventano realtà di eunewsit EIT_Digital,1
BiffoAbdulkadir MomentsWithBren EITRawMaterials DrOlufunmilayo NaijaFlyingDr funmioyatogun iaboyeji tosinolaseinde lindaikeji olatunjiomoola OgbeniDipo MomentsWithBren DrJoeAbah thepamilerin .Please let's use your influence to make this young man achieve his dreams. Together we can do it. Each one help one.,1
It's the first day of four ClimateKIC journey2015 summer schools. 150 participants are embarking on cleantech entrepreneurship learning!,0
Meet Europe's 10 best Deep Tech Scaleups of 2018: EIT_Digital EnerbrainLive Tovertafel Toposens understandDotAi WeAreLeveris KaskoLtd BaffinBNetworks Easy_Broadcast,1
Smart Cities Going Climate Neutral - Stockholm 2-3 Nov nordenen ClimateKIC southpolegroup Almedalenjustnu,0
An evening of watching the finalists for the ClimateKIC_CH GreenHouse Programme! What a privilege! ClimateJourney18 ClimateKIC,0
Google and LinkedIn property swap paves way for decades of Bay Area real estate hell via EITeu,1
The EITeu EIT is looking for new members of EIT Governing Board to: 📢 Shape the Future of Europe 🌍 Help solve global challenges 💪 Power talented 🇪🇺 entrepreneurs,1
"The EITDigitalAccel are looking for the most innovative European Deep Tech startups; to support them in their international growth. Registration is possible until June 14, 2019. 10 winners receive growth support worth a total of € 750,000. Register:",1
'Transforming an idea into reality is what drives inventors' prof. Linnar Viik EITDigitalAcad 2016 graduation ceremony,1
Eszter Mihaly of the CKICNordic Alumni Association introduces the EITalumni Group to the Nordic Label students,-1
".ClimateKIC is looking for an Accelerator manager in Berlin, interested in developing and operationalising acceleration strategy for cleantech start-ups in Germany?",0
Let the games begin with COSYapp ClimateKIC ClimateLaunch Greece Hellas,0
Routing for aeropowder -one of ClimateKIC’s Top 30 startups at Slush competing in the finals of slush100 CKICSLUSH,-1
Ya puedes votar para los 🏆 premios del Público de los EITAwards2018🏆. El español Miguel_ennia (Miguel A. Navalón) de navlandis seleccionado por el EITeu en la categoría de EIT Venture Award VOTA online aquí ➡,1
"EUeic, please reconsider this situation and improve the communication on this point, which has been highlighted frequently. Your ""Green Deal"" unicorns could lose their chance because they are held up in the evaluation process. EICAccelerator EUGreenDeal",1
APPLICATIONS OPEN for the world's largest climate innovation summer school! ⚠️ Join us on The Journey! Apply before 18 February! ClimateJourney EITeu ClimateKIC ClimateKIC_NL ClimateSusanne linegry sollazophoniasd,0
So great to meet the EITCommunity today at EITHouse Brussels! EIT_Food EIT_Digital EUSocialInnov EU_H2020 ClimateKIC InnoEnergyEU,1
EIT_Digital Challenge Finalists also in Cisco semi-finals. Well done ProGlove and Exipple (Gestoos)!,1
EITeu ClimateKIC Arterran nominated for Governor General Innovation Award … EarthToParis,-1
"“Technology is shaping the future. But women are underrepresented in tech. We need a diverse tech population to build a better future”, says EIT_DigitalMasterSchool student dorapalfi. That is why she co-founded _imagilabs to bring technology to girls.",1
"On WorldHealthDay2020 🩺we StayAtHome and work on a new, innovative technology 🚀to detect early signs of diseases. MunichImaging HelmholtzMunich TU_Muenchen EUeic EU_H2020",1
ClimateKIC COP23 bertrandpiccard CDP HSBC kneebe Walmart BSRnews c40cities emma_pinault Our refrigeration condenser coil cleaning technology is ready for deployment and scaling. We need local partners to deploy the workers/retain customers. DM for free white paper with your email address. COP23 Uniting4Climate,-1
explaining ClimateKIC. SustainableNation is becoming a hub. susgath2016,0
cKIC_Alumni having a great time at EITeu INNNOVEIT SDGs innovation entrepreneurship friends,-1
InnovEIT EITeu should boost womenentrepreneurs!!!,1
ItInnoDay EIT_Digital EngineeringSpa presenta Cute !,1
coderinheels EITDigitalAccel WWCLondon Great to have you with us again Gen! :),1
"Learn more about EITeu ClimateKIC's ClimateJourney summer school, a programme for students with a bachelor’s degree and above as well as for practicing climate professionals, focusing on systemic change to tackle the climateemergency:",0
Any location working on ebike solutions? Looking for some input for my team at Climathon Frankfurt. ClimateKIC linegry MaciejSupel,0
Business Model Canvas Workshop for Copernicus climatejourney18 at lunduniversity IdeonSP ideoninnovation LU_entrepreneur! We are learning so much! ClimateKIC EITeu linegry sollazophoniasd Majakrowicki ClimateSusanne businessmodelcanvas,-1
"Rachel Chester, Naval Architect at Principle Power presented floating foundation solutions for offshorewind farms. Check out the innovative solutions in her presentation here: ClimateKIC DEREE_ACG windenergy windmission windmission2019",0
Want to learn more about how to invest sustainably and meet the CEO of a start-up in the spotlight of sustainable investments? Then this EITeu ClimateKIC Spark! lecture is right for you! 🙏 DL for registrations 19 April ⬇️,0
Fine tuning the remakery presentation at the Innovation Challenge for ClimateKIC_UKI here hubwestminster,0
Data initiative launched for Indian cities southpolegroup c40cities Euractiv cities ClimateKIC MayorsInAction,0
The winning team representative for the ENGIEInnov ENGIEgroup InnoEnergyEU GCIC challenge takes to the stage. EUW17,2
EIT_Digital makes new appointment innovation,1
Nice to be in ClimateKIC stand during the startUpGET in Berlin. energytransition techfestival17,0
ETN_DEMETER EITRawMaterials pietwostyn Robordinator well it was actually me writing it! ;) We tried it at the TOPSTARS school with VITObelgium.,1
Become organizer of next EITalumni Connect in Budapest or Startup Days! You'll love being active part of this! 🤓,1
longlifelearning projects Tdore_EITRM are the perfect complement for upscaling EITRawMaterials projects! Learn and innovate together!,3
"Meet inspiring WomenInTech from the EITcommunity: spotlight on Eva Aasmäe, Head of Product Development at our supported Scaleup nasys_no",1
Calling all low carbon startups &gt; get &lt;€10k + support w. ClimateKIC Accelerator EdCentreCC NEW DEADLINE 27 APRIL,0
EIT_Digital I am going!,1
HorizonEurope shadow rapporteur Lieve Wierinck says the new European Innovation Council (EU_EIC) covers same areas’ as European Institute of Innovation and Technology (EITeu) and predicts the two bodies will merge. HorizonEU research innovation,1
We are proud to announce that VSight is amongst 27 SME and startup that has been selected for the Gazelle Accelerator Program! EITManufactur innovation eu digitaltransformation augmentedreality remotecollaboration vsight vsightremote connectwithvsight remoteassistance,1
Have you already checked out our latest video on The InnoEnergyEU Open Space Studio Journey? Listen what our students have to say about our unique Master's programmes education energy entrepreneur,2
tcddublin graduate Rachel Gallagher presenting a sustainable solution to soil erosion and slope instability at a ClimateJourney18 ClimateKIC pitching event in Gozo,0
RT: Episode 3 of ThisNewClimate is out now! Listen up and learn why the democratisation of climate data is important for building climate resilience : OASISLMF Oasis_HUB EITeu ClimateKIC NaturalHazards Natcat,0
Check out European innovation partnership on rawmaterials &amp; download scoreboard: EITRawMaterials EU_Growth,3
"🌱 Today is ClimateReality's 24 Hours of Reality: TruthIntoAction, a global conversation on the climate crisis. EITeu ClimateKIC's work is geared towards the systemic change needed to solve it. Learn about our work with cities, land, finance &amp; industry",0
Join us at CKICNordic as Nordic Education Lead. See more: linegry sollazophoniasd Maja Krowicki ckicnordic,0
"purassan: MicrosoftFrance and SchneiderElec launched ""AI for Green Energy"" a program focused on finding new ways to use AI… EUeic, EICAccelerator and EICPathfinder EUeic Energy4Europe EnergyUnion CleanEnergyEU",0
"⭕️ ÚLTIMOS DÍAS ⭕️ Solicita tu beca para Pioneers into Practice, el programa de movilidad profesional de ClimateKIC que opera en más de 20 emplazamientos en toda Europa. ¡Elige tu destino! Inscríbete aquí antes del 11 de abril: YourPathYourFuture",0
gj7 has arrived in Riga ! We're excited 2 see how this week will unfold! ClimateKIC aqueraltf ClimateJourney17 gj8 entrepreneurs,0
"If you missed the EnergySystems thinking webinar with InnoEnergyEU and EnergySystemsIG, you can access the full webinar recording here -&gt; EUW19 EUW_live EnergySystems LienSchepdael",2
See ChrysalixTech compete against Europe's most promising green startups at ClimateKIC's Climate Innovation Battle tomorrow from 4-7pm at the Warehouse Venue of Slush17 Slush100 Only a few seats left - sign up here! ClimateKIC_UKI,-1
"RT ClimateKICItaly: 19Jul circulareconomy Angelica Monaco direttore ClimateKIC Italy sulla Teory of change come strumento strategico per orientare obiettivi e programmi, per raggiungere impatti di lungo periodo, trasformazionali.",0
Y si.. también beneficiaria del EUeic de H2020,1
My best RTs this week came from: EIT_Digital WtdOffice thankSAll Who were yours?,1
"Check out ""Ideation Day I 2017"" climate-kic ckicnordic",0
Aster_ER ClimateKIC bologna phd summer school pitch training session. Learning together is better!,0
Nederlandse Scaleup Quantoz een van de beste Fintech scaleups van Europa. Quantoz EIT_Digital,-1
"theMartti SlushHQ kieku_co twiitit spacenation pvesterbacka trendinaliaSE IdaTuononen SlushMusic LIFTEDfi SusannaTirkkone ClimateKIC pvesterbacka_ru Kiitos, tosi mielenkiintoista, en kyllä ymmärtänyt että olen noin aktiivinen tviittaaja :)",-1
"Klaus Beetz, CEO of EITManufactur, highlights some of EIT Manufacturing goals for 2030 and explains why it is necessary to boost European's innovation in manufacturing. EITCommunity EITeu Manufacturing Innovation",1
"Andrea Cruciani, CEO and founder of TeamdevPerugia told us about them joining EITDigitalAccel &amp; FIWAREFoundation",1
"HEATWAVE2019: the worst is over for now. Still, in the eastern part of the EU people experience discomfort stress (indicated in orange) due to extreme temperatures. UNFCCC wmo who DrMariaNeira ClimateKIC UNICEF UNEnvironment wef CleanAirLondon",0
Check the article of our Dr AnastNiko featured in impakterdotcom introducing lowcarbon landscape . BCU_Arts myBCUresearch PgrStudio PGRNet BCUAlumni ClimateKIC ClimateGroup CkicCyprus livingingreece geoponiko wlandscapearch,0
It was such pleasure to meet so many promising and committed young people focused on climateinnovation. We enjoyed being part of the climatejourney community summit ClimateKIC unihh,0
It was a pleasure to interview EssersEIT AndersFlodstrom for our businessofcollaboration podcast knowco EIT_Digital EITDigitalAcad,1
Travel Festival &amp; Climate Change Award wikivoyage Wikitravel ClimateKIC AnzeoJackson TyphoonWatch,0
The cKIC_Alumni joint climatejourney17 and ClimateLaunch Cyprus event on national television! ClimateKIC chrysalisleap CyUniTech,0
To do list del lunedì: iscriversi a Greenhouse per trasformare la propria idea in un business sostenibile cambiamenticlimatici ClimateKIC,0
Discover how EIT_Digital is bringing digital innovation out of the lab &amp; into the marketplace with DigiCatapult:,1
Want to know how we can create a strong digital Europe that leads innovation? Find out more about EIT_Digital's Strategic Innovation Agenda here: DSMeu,1
Looking forward to this event SmartCity opportunities - London and beyond! EIT_Digital,1
So proud of this first output of an Ecosystems project led by CKICNordic &amp; malmostad in collaboration with our partners c40cities Veolia Helsinki etc. Asa_Hell mirajar jonbloomfield2 thanhtamle2 ClimateKIC Follow us at,-1
Navlandis startup ClimateKIC enters the US market with its folding container Zbox,0
IndiNatureCo WeAreHeehaw ScotlandBuild CircularGlasgow ZeroWasteScot scotent EdCentreCC ClimateKIC ScottishEDGE Great video Scott &amp; co. V powerful. Strong desires now to build my own house and insulate it with this healthy sustainable powerstuff 🌍🌎🌏,0
¿Tienes ideas que contribuyan al cambio? ¡Participa en el EUvsVirus 🇪🇺 Hackathon! ¡Regístrate aquí! 👉 SEDIAgob redpuntoes GabrielMariya hermelbalcazar EUeic CoR_President Europarl_EN hackthecrisis coronavirus EUvsVirus HackforEurope,1
Pitching the good ideas at climatejourney16 hosted by ckicnordic partner NTNU,0
".EITeu has announced this year’s EITAwards winners! Michael Dittel, LeafTech_twitt, Marc Julien, Diabeloop, Matthew Dickson, Corpower_Ocean, Sara Guimarães Gonçalves, and David Pistoni Perez, zeleros, won the top prizes.",-1
Great accomplishment OriginalRePack ! NewCoAcce entrepreneurship Startup ClimateKIC,0
EITDigital17 meet OrangeDigitalVentures at the EIT_Digital Cybersecurity &amp; Datatech matchmaking event !,1
Make sure you take a look at our EIT_Digital PitStop video for highlights: personaldata,1
Proud to be part of the ClimateKIC EITeu RIS network in Cyprus CyUniTech chrysalisleap CEA CYPRUS green innovation,0
DrAnthonyHorton ClimateKIC stevemollman Thanks for RT. The Palm oil destruction of Borneo rain forest is of crisis proportions as well,-1
Very happy announcing start of our crowdfunding at innovEIT EITconnect EITalumni EITeu,1
Anti COVID19 3D Printing Task Force announced its first successful obtaining approvals for the CIIRC 3D Print respirator RP95 (half mask). The Task Force is sharing printing data for community. Check it out! EU_H2020 EUScienceInnov EUeic EU_Growth,1
"Successful meeting last week with OrleansMetropol to kick-off EITeu ClimateKIC's 'Healthy, Clean Cities' DeepDemonstration initiative with our design partners - to drive systems innovation for ambitious decarbonisation in cities! TransformationInTime ClimateEmergency",0
"Working this week on LoRaWAN LoRa underground with Mining companies in Lulea, Sweden in conjunction with EITRawMaterials EITeu",3
GrowthAfrica CLP17 ClimateLaunch Love of agribusiness. Leads to a better living environment. ClimateKIC kilimoKE UrbanAgRRicult,0
"KMU &amp; startups aufgepasst: Sichern Sie sich bis 2,5 Mio € Förderung &amp; bis 15 Mio € Beteiligung für die Markteinführung Ihres Geschäftsvorhabens beim EUeic Accelerator! Wir beraten Sie kostenfrei in unserem Seminar am 7.7. &amp; über unser &amp; WM_BW Portal",-1
"HEATWAVE2019: the worst is over for now. Still, in the eastern part of the EU people experience discomfort stress (indicated in orange) due to extreme temperatures. UNFCCC wmo who DrMariaNeira ClimateKIC UNICEF UNEnvironment wef CleanAirLondon",0
L'appel Eit manufacturing pourrait être re-ouvert en 2018 EITeu,1
gadrilling RehakLubomir InnoEnergyEU Plasma milling sounds exciting. It has indirect impact on P&amp;A of oil and gas wells and enables fast access to geothermal energy. Wishing all success for the good of future generations! Congrats gadrilling!,2
"ClimateKIC Sustainable Historic Districts 2nd Catalyzer workshop starting with a walking tour with the participation of Stakeholders from Sassari Savona Lisbon, Ptuj Valleta Nicosia CyEnergyAgency CamaraLisboa _thisisparagon Lisboaenova FCTNOVA ezavod1 CmccClimate",0
Well done! Great event a_charalambides chrysalisleap ClimateKIC CyUniTech SteliosYiatros 👏👏,-1
"JGuerrier_EU EUeic EEN_EU EU_EASME Given these things magic word games &amp; we have to play the game, can I get a copy of the check list the evaluators score against, please. Then I know what you want me to write &amp; we might finally get a pass. Thank you.",1
Matchmaking happening at the_heroes_club Madrid between our disruptive digital Tech scaleups and top-level Spanish corporates. This is part of the unique entrepreneurship ecosystem created by EIT_Digital,1
"Hemp innovators hempeyewear &amp; IndiNatureCo join ClimateKIC Accelerator 2, kicking off at ECCI today. Full story &gt;",0
arikring C37H42Cl2N2O6 RuthPtn ZacharyPBeasley DawnRoseTurner ToddMcKissick Jackthelad1947 NeurozoInnovat1 ristori20 kashthefuturist AdamRogers2030 ReclaimAnglesea debraruh HansLak SusanHeaney matthewshirts seth_leitman AmazingChevVolt Paula_Piccard 1o5CleanEnergy kirillklip autrement_votre TXsharon jellsmoor rtoinsider Bookfoolery lillith6 charluv2011 cberrl MichaelEMann mzjacobson ShiCooks ProfStrachan GretaThunberg stracma p_hannam iron_light WhyToVoteGreen gezgintrk MarcVegan Firefly_Power AKimCampbell bluedillygal NoFascistLies 1CaptD JeremyDeeSelden Earnest_One IMwauraKimani cohan_ds ClimateKIC Polar Vortex cold temperatures not seen for...,-1
.bjornhovstadius EIT_Digital thank you for the opportunity to present! great talks throughout,1
insuringdigitalheath bringt heute Krankenkassen und startups zusammen. Wir freuen uns auf interessante Gespräche EIT_Digital deHubChemHealth innovation digitalhealth,1
MarieLatour stracma ristori20 InnoEnergyEU EERA_SET EASE_ES zabala_eu Energy4Europe SETPlan_eu EU_H2020 .sebasti70920974,2
Exploring the sights of Brussels with our iPad Treasure Hunt for 22 teams from EIT_Digital this week!👁️ EITDigital19,1
Carbon Emissions Are Already Falling in 30 Cities c40cities C40Summit Mayors4Climate ICLEI_USA ICLEI_advocacy usmayors karolinaskog AndersWijkman KirstenCKIC ClimateKIC CDP AHallbarhet LeadershipMatters,0
El transporte sostenible del futuro con hyperloopupv rápido y limpio en aceleradora startups ClimateKIC en,-1
Super flot gået af joinTRINE - en alumni fra CKICNordic Accelerator mikkeltrym,-1
"yay And we’re off with CLP18 finals, sold out in the beautiful McEwan Hall of EdinburghUni Two days with 132 startups from 44 countries. Fixing climate change 1 startup at a time ClimateLaunch ClimateKIC EITeu",0
Maybe someone knows someone who could be interested to apply for performing this study?! circulareconomy EITRawMaterials iFixit socialimpactlab CloseWEEE RREUSE_Brussels,3
ClimateKIC prioritise climate innovation &amp; have been SET supporters for multiple years now. Check our their programs &amp; areas of focus. Are you working in sustainable production systems or land use? Get involved:,0
ClimateKIC_UKI ClimateAction ClimateKIC climatechange EITeu cKIC_Alumni education ClimateInnovationClusters,0
versantvision clarmondia WURenvironment ClimateKIC &amp; CSABooster are pleased to share a new report on Environmental Impact Reporting in Agriculture EIRA-global,0
EITDigitalAcad InnoOrigins EIT_Digital EIT,1
Increased financial support is necessary if we want to win our fight against COVID19. Proud to announce EITeu's new EITCrisisResponse initiative that will power entrepreneurs &amp; new innovations across the 🇪🇺 with €60 million. Learn more 👉 H2020,1
Mucho interes en ClimateKIC y el proyecto de innovación agadapt gestionagua watermanagement en Región Murcia,0
AdamRogers2030 SDG2030 PaulEDawson ScheuerJo ClimateKIC Marco_vdRee UNDPClimate To be continued... 😪,0
"🌍 Enhorabuena al equipo ganador del Climathon Valencia y a sus organizadores, FValenciaport GlobalClimathon ClimateKIC ClimateKICspain",0
It's all about energy. We need the right sources ClimateKIC CKCIS2016 yesssmen frankfurt cleantechnica cleantechheroes climatechange,0
« No smart city without citizen’s support » elegale on the digital transformation in the city of Issylesmoul EIT_Digital Digital Cities event,1
EU Com defends new energy rules and climate ambition EurActiv southpolegroup andersegelrud ClimateKIC theWSBF,-1
Step into Innovation 2015 | Climate-KIC | Climate-KIC ClimateKIC,0
Visit our crossKIC online education stall at INNOVEIT2015 climatekicstart ClimateKIC elearning climatechange,0
Excellent scaleup coowry with an innovative solution-great to have them on board &amp; showing what we are about EIT_Digital MadridOpening,1
"SIOS18 Now on the stage la nostra vegeacompany, la startup che sta rivoluzionando il settore fashion con tessuti innovativi ricavati dalle vinacce. Vegea fa parte del Programma Accelerator di ClimateKIC con Aster_ER TnSviluppo HIT_trentino",0
EUDigitalEdu EU_Commission simonapetkova7 pankampylis eu_schoolnet EITeu EU_ScienceHub eTwinningEurope CodeWeekEU DSMeu EUErasmusPlus EdChatEU “A5” + EUDigitalEducation EduSummitEU To pursue a common vision for Lifelon Learning EU Techbased and IA (deep/machine learning) developed as our last resource (or... as if it was) to achieve goals of leadership worlwide. With learning professional at all levels.,1
David Fitzsimons VTTFinland for day 2 EITRawMaterials circulareconomy project. Fresh thinking from tudelft,3
Building the perfect analytics stack: It’s now about choice and customization via EITeu,1
"EU_opendata EUPublications isidrolaso JEPaquetEU JeanDavidMALO1 bindik ediggs cee EUeic mike_arias GabrielMariya EULawDataPubs EURLex CORDIS_EU EUTenders EUvsVirus unpublications OECD_Pubs WBPubs ILOPubs WTOPublications USGPO Check out too the EULawDataPubs YouTube playlist of webinars and testimonials to help datageeks... we're sure EUvsVirus hackers could find something useful in the webinars! Presenters include ECDC_EU, EU_ScienceHub and EUEnvironment .",1
"ABN commissaris aroobeek bij BNR: ""PSD2 is een grote weeffout en staat haaks op privacy."" Voorzitter EITeu: ""We moeten oppassen dat mensen geen wrakhout worden in de tech-oceaan."" PSD2 privacy",1
Next up for the EON_SE_en GCIC Challenge judges is the Red Team 2 GCIC EUW17 InnoEnergyEU,2
Structuring what barriers can be acted on now &amp; what needs to be developed further. Wood in Construction workshop led by CKICNordic,0
"👉Les Temps fort de la semaine🥁🎉 👉Les entreprises du territoire qui réussissent les appels à proposition d’horizon 2020 . Bravo à l’équipe Nively_sas, un moteur de l’innovation dans le domaine de la santé, classée parmi les 8 plus importants succès par EIT_Digital ScaleUp",1
SpaceLayer proud to be selected as one of the CopernicusAcademy. CopernicusEU esabicportugal IPNunes Space4Europe ClimateKIC ClimateKIC_PT bgiaccelerator,-1
"Thanks to EUeic project LevitateProj, levitation is coming to our everyday life.",1
OlivettiOnline JOL_SCube pronti per l'evento EIT_Digital a Trento DigitalMarketing SmartRetail WCards OlisignageSmart Innovazione,1
"Check out our 8 ClimateKIC EITAwards nominees and support them in the public voting: Our three DACH nominees are Estefania Tapias (este_tapias ), Karim Tarraf (hawadawalabs ) and Jacob P. Bussmann (seedforward_de ).",-1
INNOVEIT participants are now going on a guided tour to learn more about the EITCommunity &amp; meet all EITAwards nominees,1
Not long now! GlobalGoalsJam17 Edinburgh 15-17 Sep InfAtEd. Designing solutions to society's big challenges ClimateKIC data innovation,0
E' aperto il bando Startup Accelerator su CambiamentoClimatico supportato dalla comunità ClimateKIC di EITeu!,0
EU_EASME EU_MARE EUeic EEN_EU BBI2020 EU_Growth DigtalEconomy CircularEconomy BlueEconomy and SustainableDevelopment,-1
GREAT! LEDlife WINS CrackTheCrisis!JOIN &amp; Innovate4Refugees UNICEF MITEFarab EITalumni EITawards EITstartup,0
Great turnout with key players at the EIT Digital 5G event. Mixture of presentations and panels. Current panel topic: Scotland as a leading 5G nation. EIT_Digital thegraemegordon,1
Congrats to ClimateKIC supported ReVibeEnergy on raising 7.5 million SEK to power the industrial IoT! businessinsider mikkeltrym ClimateSusanne chalmersventure,-1
The world’s biggest cleantech business ideas competition is live. Apply now ClimateLaunch ClimateKIC roomitchell,0
Michael_Mast EIT_Digital mycitytree EITDigitalAccel Interesting. There used to be one at ´place de la nation' in Paris but it disappeared one month ago.,1
Leading innovation in Education ! Our ClimateKIC colleagues MariaJPeeva &amp; sollazophoniasd are pitching the shortlisted climatejourney18 at the ReimagineHEdu Awards in the USA ! EITeu cKIC_Alumni EbrahimKIC linegry ClimateAction,0
The Roskilde festival believes in ClimateKIC startup aqubiq's potential for climatechange mitigation,-1
EITDigitalAccel alumnus scaleup MetronSas sharing its experience with openinnovation and accesstofinance during the Energy Innovation Report presentation event polimi EnergyStrategyG,1
SasjaBeslik - what is the purpose of the economy? core provocation ClimateKIC missioninnovation &amp; central to CUSP_uk work on sustainable prosperity!,0
Annual Meeting of the digitalumni loading... digitalumni18 trentino mountains wellness digital tech,1
"Today we're in in Ljubljana, Slovenia 🇸🇮 to gather key stakeholders from different European MSs and regions and facilitate interaction, exchange of good practices and set up potential collaboration on smartspecialisation with EITeu 👉",1
EIT Digital levert Europa’s volgende generatie innovaties en ondernemers EIT_Digital,1
International Data Protection Day: 10 EIT Digital European tech scaleups that can help you secure your data via EIT_Digital:,1
Day 2 ACTonNBS getting up and running in Amsterdam with ClimateKIC tudelft ResiliencBrokrs Vejle icatalist Valladolid London Warsaw Prague lTuMadrid and many more 🌿🌾🌼,0
What should be in the EITeu Strategic Innovation Agenda 2021-2027 on transport? Give your feedback by Friday:,1
CONGRATS!!! 16 EITCommunity innovators in forbes30under30! H2020 TNavracsicsEU EUScienceInnov EITstartups,1
"Together with ClimateKIC EITRawMaterials at Ukrainian Academy of Sciences, Kiev, Awareness Day EITeu EITHealth",-1
Komm mit deiner Cleantech Idee auf die Überholspur: Jetzt beim ClimateKIC Accelerator bewerben:,0
"“Málaga para vivir, Málaga para invertir”. Susana Carrillo, teniente Alcalde y delegada de Innovación en el Ayto. malaga participa en la inauguración de ClimateKicStartupsMedia promalaga ClimateKIC media_startups",0
"JEPaquetEU EUScienceInnov Moedas EU_H2020 GabrielMariya EUeic ERC_Research EU_ScienceHub MSCActions HorizonMagEU 'We call on national governments in Europe to protect EU investments in education, research and innovation' - New statement from researchers via Eurodoc Mariecurie_alum &amp; yacadeuro on EUInvestInKnowledge for the RiDaysEU. Full statement 👉",1
Calling all budding low carbon entrepreneurs and inventors! Access funding and support EdCentreCC with ClimateKIC Accelerator. Apply by 24 Jan,0
Recording MOOC video today with InnoEnergyEU on the “Potential risk of digitization and cyber security in energy systems” jagforskar,2
Startups talk innovation and failure in this 3 min film from ClimateKIC 👍 🌏,0
"Looking forward to speaking to educators, researchers &amp; innovators EIT_Digital Conference in Brussels today. I will be looking at how education can help deliver the necessary skills to respond to digital future. technology innovation disruptive EITdigital18",1
refurbed_de ClimateKIC SlushHQ Gg wp guys!,0
Congrats on all the projects presented 🎙️by our Summer School students👨‍💻👩‍💻! There were such a smart and wonderful ideas💡! eitfoodGFVP EITFood,1
ClimateLaunch Austria national final just kicked off! Excited to see the progress of the top 11 teams in the next minutes! ClimateLaunch ClimateKIC ClimateKIC_AT,0
ClimateKIC_NL Change is here; get on board 😊 Great energy at ClimateKIC CircularIQ circulareconomy,0
Daan Wesselman is presenting his research about the Wadden Islands ClimateKIC event in Utrecht,0
Ultim'ora: 2 startup italiane in lista per vincere i 500.000€ di SlushHQ nate dal Programma Accelerator ClimateKIC in collaborazione con Aster_ER: Cubbit Enerpaper! ansa_ambiente CorInnovazione sole24ore tuttogreenLST Agi_RS rep_ambiente,0
Question time at INNOVEIT2015: how can the eu and EITeu help create facebook and google. connectedcontinent GDPR DigitalAgenda,1
Summer School Issylesmoul visiting smart neighborhood Fort d'Issy EITDigitalAccel GillesBetis ledantecb,1
Thank to all the good friends at EITDigitalAccel!!!,1
foster_change ClimateSusanne CKICNordic KU_IFRO MartinyModvig SustainDTU Thanks!! Katherine!🙏,0
"Mobility-Startups watch out! In July 2020 we start our EITUrbanMob Accelerator programme for early-stage startup teams with a mobility-related business idea! Receive € 15.000 in funding, mentoring, coaching &amp; more! Apply until 31 May 2020 on 📲",1
cool Save the date for the ClimateLaunchpad Global Final 2018: November 1-2 in Edinburgh. You can register for early bird tickets ClimateLaunch ClimateKIC EdCentreCC,0
Annoyed by people printing every email? Tell them about Unprinter ClimateKIC INNOVEIT,0
"Tatu Koljonen from EIT_Digital is presenting Digital Entrepreneurship in Europe: ""Winner takes it really all""",1
EvidenceAid ClimateKIC_UKI heth66 LibrarianGrace sophiewhitney2 Thanks for the welcome .EvidenceAid! You have great resources!,0
AdamRogers2030 GretaThunberg HansLak TeachSDGs ContactTeachers CanGeoEdu teachtheungoals kkidsinvt HallidayInc TeachSDGsCU P_wang2 GuaperDani ClimateKIC climate_asia ScheuerJo martinfredras RKalapurakal AkwyZ Hey! This is so important for kids. Thank you .AdamRogers2030 🙏🏻🙏🏻🌍🌍🌍,0
"bluedillygal arikring RuthPtn DawnRoseTurner ToddMcKissick Jackthelad1947 NeurozoInnovat1 ristori20 kashthefuturist AdamRogers2030 ReclaimAnglesea debraruh HansLak SusanHeaney matthewshirts seth_leitman AmazingChevVolt Paula_Piccard 1o5CleanEnergy kirillklip autrement_votre TXsharon jellsmoor rtoinsider Bookfoolery lillith6 charluv2011 cberrl MichaelEMann mzjacobson ShiCooks ProfStrachan GretaThunberg stracma p_hannam iron_light gezgintrk MarcVegan Firefly_Power AKimCampbell HeinzVHoenen NoFascistLies 1CaptD Earnest_One cohan_ds ClimateKIC I like your dad, he sounds really cool I can’t see future generations having such honour Cheers",-1
EIT_Digital This is great. Will be coming in for CyberSecurity major.,1
CSICdivulga CSIC CIAL_CSIC_UAM EITFood ImdeaAlimenta Comprándolo en los mercados municipales 😉 que es invertir en SALUD.😘,1
Students fight against antibiotic resistance at EITeu Innovation Day Global Health Case Challenge:,1
"The Young Professionals in Renewables Network reception on Thursday 07 February will hear from keynote speaker FutureARK Director, UK &amp; Ireland for ClimateKIC Register for FREE: In collaboration with BayWa_re_solar &amp; Pinsent_Masons YPiR",0
Innovation methodologies with Alex Kaatz at the InnovationJourney &amp; EntrepreneurshipJourney in Energy for SmartCities InnoEnergyEU,2
"C'è tempo sino al 31 maggio per partecipare al programma di accelerazione EITUrbanMob, finanziato dalla UE per risolvere i problemi legati alla mobilità, diventati ancora più importanti con l'emergenza COVID19",1
Check out the news report on national television 📺 of our ClimateKIC project on Sustainable Historic city districts for AlfAMASustentv1. Thank you to the surfandturf 2019 journey participants for taking part in it.,0
"📢EUeic published results of EIC pilot: 107 innovative SMEs will receive €340 million to get their innovations faster to the market InvestEUresearch. Congratulations to Codasip EICAccelerator; FZU_AVCR , UPOlomouc &amp; CVUTPraha PathfinderOpen➡️",1
"Algunas 📸 de cómo transformamos parte de ""la nave de cables"" de minasenergiaupm La_UPM Para albergar la exposición el Cobre en tu vida diaria del Consejo de Ingenieros de Minas de España RawMaterialsUniversityDay2017 MADRID EITRawMaterials RMUDM17",-1
The Rise of ‘Urban Tech’ NiklasNrdstrm mayorofaustin c40cities AndersWijkman ClimateKIC MistraUrbanFut EUUrbanAgenda ICLEI_advocacy ICT_org LottaEdling theWSBF,0
"Excellent article by kjojoso on Expert_Investor on the Climate Tech Compass, a new tool to identify 2-degree pathway investments with support from ClimateKIC",0
"🔈Calling out SMEs and startups! Do not miss out the online event addressing the topics of eicAccelerator EUeic, human-centric internet under NGI NGI4eu, the future of blockchain StartUpEU, and data economy BDVA_PPP. REGISTER NOW ⤵️",1
"Today is about partnersips between cities, universities &amp; companies in solving climate challenges Nordiccities Ilmastokumppani ClimateKIC",0
"For many of us, ClimateAction is personal. The IPCC_CH says we have 12 years to limit the impact of climatechange ""which is the age of my son"" said ClimateKIC CEO KirstenCKIC as she opened today's global 24-hour ClimateAction hackathon ➡️",0
.InnoEnergyEU has opened a call for all Spanish and Portuguese sustainable energy start-ups! Find out more at:,2
The Technical Expert Group (TEG) on SustainableFinance has released its final recommendations to the EuropeanCommiss on the EUTaxonomy. EITeu ClimateKIC represented in the work group by SDDecleve &amp; Felicity Spors ⬇️,0
Great opportunity supplied by EITDigitalAccel,1
EITDigitalAccel Another great op for deep tech scaleups to grow.,1
We are happy to be there! Stay tuned for live updates from InnoEnergyEU,2
"Bitácora de la semana: MWC17, elonmusk (SpaceX), JeffBezos (blueorigin), ESA_TGO, EU_Commission, EIT_Digital",-1
"""Innovation is not only about finding new ideas, but finding new ways of doing things we already do"" says MarosSefcovic of EU_Commission. Join him in Dublin this November at Climate Innovation Summit to shape climateaction! MissionFinance ClimateKIC",0
"Join EITRawMaterials Regional Center Adria’s free short online course on 10 July and learn about Social License to Operate in the rawmaterials sector, from an expert in the field. Register by 8 July. SLO LifelongLearning OnlineLearning",3
EIT_Digital Paris DTC running in Paris this week. Our future Doctors entrepreneurs present @ in Paris,1
Thanks team! You have been amazing mialgae CleanWaterWave IntelliDigest EdCentreCC ClimateKIC_UKI market review session🙂,0
"Hitting toughest climate target will save world $30tn in damages, analysis shows EU_CoR miljotweets Miljodep GDenergi AndersWijkman ClimateKIC ICLEI_advocacy WRIClimate usmayors WorldResources EURACTIV ClimateAction creating a new marketplace",0
Fabulous bunch! Great achievement for the EdCentreCC ClimateKIC_UKI... and of course congratulations to their mentors at Aurora_Cons 😎 we can pat our backs and theirs 😉,0
rekreitz ClimateKIC Herzlichen Glückwunsch!,0
We are pleased to have The Right Honourable Lord Deben (lorddeben): the UK’s longest-serving Secretary of State for the Environment attend EITeu InnoEnergyEU's TBB2019. Learn more: TBB2019 Sustainable Energy Innovations Event Paris France,2
"‼The opening of EIT Manufacturing Matchmaking, the NEW INNOVATION innovation network. EITCommunity EUinnovation H2020 EITManufacturing",1
Excited to have eccemarco inspire CKICNordic students Sustainability fssd,0
David Goatman kicking off proceedings at our Demand led innovation event earlier today CRE ClimateKIC,0
We are proud to see 5 EITDigitalAccel entrepreneurs represented in 2017 ForbesUnder30 Europe list! Find out more:,1
"Reunido con mis homólogos europeos para abordar la Agenda Estratégica de Innovación del EITeu y las iniciativas para la retención y atracción del talento, principalmente con la mejora de las condiciones laborales de los jóvenes investigadores y el fomento de la excelencia.",1
From yesterday's EITeu INNOVEIT showcase: Build sustainable cities through executive education! ThrowbackThursday,1
"rmartinezdalmau GVAvicepres2n jaume_monfort _ABallester matarredona_nur begonya_serrano lamarinadevlc RamonMarrades COACV UPV Cotec_Innova info_conama GBCEs ROCKWOOL_ES albertgrauteres eig_c2c GVAavi ClimateKICspain ClimateKIC MartaEsteveN GVAeconomia emparmbonafe RebecaOntinyent matmapco MariaMartinezM_ ASCER_comunica casasinhaus La gestión circular de los residuos en las ciudades por Beatriz Castillo, Jefa de Proyectos de EconomíaCircular en ferrovial_es",0
Incredible innovations don't be left out join the discussion CLP17 innovate4climate SustainAfri ClimateLaunch ClimateKIC,0
EITUrbanMob Congratulations! Welcome to the EIT family!,1
"""There is no conflict between return and sustainability"" - Mats Andersson from AP4 GreenFinGot ClimateKIC",0
Kicking off our ClimateLaunch national finals for Cyprus 🇨🇾 &amp; Greece 🇬🇷. Let’s get to pitching! cleantechheroes PwC_Cy_Press BSM_shipping GZGLawyers ClimateKIC EITeu CkicCyprus cKIC_Alumni,0
ROCKWOOLInt BPIE_eu ClimateKIC anthesis_group TeicosGroup c40cities Something to think about for our TuesdayMotivation every day is a good day to enrich modernliving ROCKWOOLandPROUD,0
"Being asked to grade the performance of EUScienceInnov programmes, MEP mgracacarvalho said we are now on the right track &amp; doing the right things. She congratulates Commissioner GabrielMariya. She gives EUeic an ""A"" and ""B""s for the others. 🔴LIVE:",1
Nederlandse Scaleup Quantoz een van de beste Fintech scaleups van Europa. Quantoz EIT_Digital,-1
CKICheroes - Kirsten Dunlop: “The impact created by ClimateKIC startups like Lilium and Thermondo offers great opportunities for a sustainablesociety!” community collaboration sustainableinvestment impact,0
"Single-use plastic bottles banned from half marathon in London &amp; runners instead re-hydrating with biodegradable seaweed sachets, thanks to OohoWater! Fantastic to see innovation in action impact ClimateKIC_UKI | via RebeccaSmithers",0
StartUpGET WECouncil KfW edfenergy innogy_en EON_agile startupchile ClimateKIC envisioncn giz_gmbh dena_news innovators startups energy,0
Studenten naar Digitale health Summer school in Eindhoven icthealth EITeu TUeindhoven,1
"W Warszawa właśnie trwa krajowy finał konkursu PowerUp by InnoEnergyCE. Na scenie prezentują się startups związane z energetyka, CzystePowietrze, Elektromobilność eMobility.",-1
Record number of 279 deep tech scaleups applied for the 2019 edition of the EIT_Digital Challenge! 🇪🇺🚀,1
moyn2000 eurohumph looking fwrd to our panel together! EIT_Digital DigiCatapult eitdigital16,1
Retweeted ECCI (EdCentreCC): Congratulations to our resident business MiAlgae and ClimateKIC coaches Aurora_Cons who have been named ScottishEDGE finalists! Read all about it &gt;,0
EIT Digital levert Europa’s volgende generatie innovaties en ondernemers EIT_Digital,1
"Research unis &amp; EITeu think for 'nowadays', not just the 'now'. They look to what students need for their future as citizens pjprendergast",1
BREAKING NEWS: Smog reduction could save EU citizens €183bn by 2025! CleanAirChallenge report by InnoEnergyEU and Deloitte identifies innovative solutions to growing health and economic crisis:,2
EITCommunity delivering significant impact for Europe and its citizens. Read more about the successes in each of the EITeu's key areas in the new Impact Study: EUinnovation H2020 impact,1
Showing Industry 4.0 project result today at italianInnovationDay trento Cefriel EIT_Digital,1
parleyxxx ClimateKIC adidas,0
Getting started now on EITeu :),1
We are proud being a member of the Europoean Battery Alliance. Thx to the organisational team from InnoEnergyEU for their effort to make this cross functional working initiative happen. energy batteries innovation europeanunion EUBatteryAlliance,2
Oberta la convocatòria de l’EITRawMaterials sobre Business Idea Competition in Raw Materials 2018,3
"climatejourney16 winners in Wrocław - Mowa, Panni Masters, Savedrop and Journey 1 ClimateKIC Congratulations!",0
DelsolClaire BusinessDCU IrishTimes EUeic EU_Commission EU_H2020 Entirl 4 of 4 - We are an Irish female founded company and passionate breastfeeding advocates. We want to provide mothers whom this information will be valuable for a range of different reasons.,1
Programma Pioneers into Practice: posticipata la scadenza del bando al 30-03 ClimateKIC,0
ClimateKIC partner GVAivia talking how it solves remaining bottlenecks in water manegement 4 agrofood ClimateEU17,0
ClimateKIC EITeu tommitchell_kic Replace all municipal vehicles in cities around the world with electrics powered by solar panels on municipal parking lots by 2025. The World Bank and IMF should support massive loans to fund these: countries would save money on fuel and repairs costs and repay!,-1
Welcome address from the heads of Innovation &amp; Entrepreneurship for the City of Madrid at ImpactHubMAD for the ClimateKIC ClimateKICspain masterclass. TCDTangent eitInnovation eitKICmasterclass,-1
Equip yourself with the most up-to-date knowledge on sustainabledevelopment and empower decision makers in your region. Let ClimateKIC and CRS show you the most effective tools and strategies available to educate the green business leaders of tomorrow:,0
.IEEEsmartcities expert rsaracco of EIT_Digital discusses emotion recognition:,-1
We are actively looking for top young EU engineers to join our EITeu labelled program. Experience the best Univ_Lorraine LTUniv TUBergakademie UniversiteLiege HZDR_Dresden,1
"HappyNewYear from the EITCommunity! This is the future we are building, may it be full of life-changing innovations. 🚀 EUinnovation",1
Help your favourite EITeu ClimateKIC innovation win the PUBLIC AWARD at the EITAwards 2018! 🏆 VOTE online ➡,-1
Proud to be part of the wef center for 4th industrial revolution India launch with Prime Minister Modi. Thanks for inviting me to give the weareKONUX perspective on the development of AI. CNBCi EITeu Digital Empower IoT,1
At TBB2017 with all InnoEnergyEU stakeholders ! A few minutes to listen to the conference before gettin back to Sylfen_fr D66 booth!,2
Hi to everyone from TOP STARS 2017 EIT Raw Materials Winter School! EITRawMaterials HIT_trentino UniTrento,3
"Win a €100,000 growth package &amp; scale up your digital tech business w/ the EITDigitalChallenge EITDigitalAccel",1
RT EITeu: The Nominees! 🤗 Europe’s 2018 EITAwards – 41 outstanding innovators shaping the FutureOfEurope 🇪🇺 See the shortlist ➡ EITCommunity EUInnovation H2020 HorizonEU,1
Chi sarà advisor scientifico al prossimo Seeds&amp;Chips The Global Food Innovation Summit? ENEAOfficial partner ClimateKIC che si occuperà di sostenibilità innovazione nel settore agroalimentare,0
.EITeu ClimateKIC supported Climetrics’ Fund Awards recognize 10 European equity funds for their outstanding climate performance. InvestorAction GreenFinance CDPawards,-1
Up Next: OFFICIAL LAUNCH of UNEnvironment ClimateKIC FC4SEurope with Speeches from RichardbrutonTD Ireland’s Minister for Dept_CCAE and SNolanIre who will lead FC4SEurope MissionFinance ClimateWeekIreland @ climateinnovationsummit,-1
London event showcases innovation behind new investor climate tool via ClimateKIC 👉,0
Diário Fernanda K Palermo is out! Stories via ClimateKIC DostMushtaq AmericanDebate,-1
High-Level Expert Group on Sustainable Finance HLEG_Sus_Fin highlights the key role finance will play in achieving the Paris Agreement goals - via ClimateKIC,0
"gianave telling our journey8 climatejourney18 participants about transition cities, an EITeu ClimateKIC urbantransitions project ClimateKICItaly bologna",-1
A brand new video about our EMERALD master program awarded with the EITeu label EITRawMaterials,1
After the buspitch with EIT_Digital it was time for boatpitch with Bitkom_Startup at init_ag Great event TOA15,1
...equity investments in SMEs by the newly launched EUeic is apparently ‘OK’ because “state aid” rules don’t apply to EU monies! The winners are now to be chosen at EU not national levels... The economic ‘War of the Blocs’ is being taken up a notch.,1
"EU_Growth EUScienceInnov DSMeu ECThinkTank TNavracsicsEU EBienkowskaEU vestager GabrielMariya VladimirSucha OECDgov ccatalini valkenburgh dtapscott alextapscott OECD_BizFin discomplex sfnohohon XTroussard fabianasc25 coindesk ethereumJoseph PaoloTasca CadeMetz laurahelmuth StelaMocan BKowatsch FTAlphaville ftalpha WiredUK techreview uclcbt blockchain_soc CambridgeAltFin technology HarvardBiz EUeic blockchainRI NetTechEU TimoPesonen1 Energy4Europe EU_ENV civiccatalyst PZilgalvis EP_ThinkTank EP_ScienceTech AnnMettler WFP WFPInnovation AnneMarieLarse7 wef How to promote more direct exchanges between policymakers, regulators and supervisors ➕ blockchain companies, start-ups and entrepreneurs? Regulatory sandboxes and other experimentation spaces can be a solution. ➡️ Blockchain4EU Facts4EUFuture",-1
Workshop on DigitalTransformation by found_ationgr EIT_Digital AriseEurope at TheHubEvents_GR,1
On parle de LumoFrance citizenergy CrowdFunRES &amp; ClimateKIC en page 6 : NvelleAquitaine RemiVignes adialpc,0
The EITHealth KIC is presented next! Innovating health is crucial for EU sustainable future with a larger and aging population. EITeu,1
"Agriculture, forestry and other land uses are responsible for 24 percent of global carbon emissions. That’s why we worked with ClimateKIC on their mission to reduce carbon emissions in the food system.",-1
Two phase ideation process. How to choose your idea? Climathon ClimateKIC EUC_UoM unimelb Carlton_Connect hackathon climate startup,0
At ClimateKIC's Climathon COP21 winners event iRBansal introduces the dragons den to 12 teams from 6 continents!,0
EVENT: Proud to have provided ClimateKIC startup support to the game-changing OrigenPower - pitching now CleantechInnov8.,0
This week’s ten biggest climate innovation stories from ClimateKIC,-1
Le 1000 donne che stanno cambiando l'Italia: Unstoppable Women. C'è anche il direttore di EIT ClimateKIC Italy Angelica Monaco!,0
Funding building retrofit &amp; electric vehicles on the green finance agenda for Copenhagen - article from ClimateKIC,-1
"🙋🙋🚀‍♂️ ClimateKIC, aborda el CambioClimatico a través de la innovación en SmartAgriFoodSu HOY.16:30 hs. Acércate al Corner AgriFood19 a conocer las startup que están dando que hablar👍 ClimateKICspain FinnovaEU BiofySpain kmzerohub HOPUbiquitous Juanfradelgado",0
INTERNATIONAL CONFERENCE Landscape and Infrastructure - 21st/22nd June 2018 ! Our conference page is now LIVE! Spread the word! IntFedLandArch talklandscape ClimateKIC_UKI bham_colab birminghamcg22 RTPIPlanners EnvAgencyMids theTCPA,0
Convocatòria per a projectes d'innovació energètica fins al 23/10 InnoEnergyEU loogic_com LasNavesINN innovació,1
"📢Eirik Eide Pettersen de SeaborgTech, ancien étudiant 👨‍🎓 du Master EMINE, est nominé à l'EIT Change Award, soutenez-le ! 👍 InnoEnergyEU supported by EITeu",1
Great presentation of CKICNordic and OpenInnoSE17 at greenweek DTUtweet today! grøndyst greenchallenge grønuge,0
EITDigitalAccel EIT_Digital EITDigital17,1
Discovering a fascinating way to tell the story of what climate change means for humans in 2018 climatejourney18 ClimateKIC QGPAC CoolPlanetExp,-1
Todo listo para mañana! Conferencia Minería de Vertedero Barcelona lmc2017 residuscat EITRawMaterials,3
jsoldatos launching Digital Finance Academy finsec_project London workshop! See you in Paris for next Finsec Workshop on Digital Innovation Hub for key competencies for Fintech and Cybersecurity! gft_it RaphaelAttias lefrere idattani EIT_Digital financeinnov,-1
Come say hi at cleantechinnov8 today! Our CEO thehagemann is presenting in the 4pm ClimateKIC sponsored waste session CleantechInnov8,0
jordan_blanca AtosES presenting essence project at EIT_Digital innovation day in Spain. EIT_Health_es,1
"Can technology mitigate the effects of climate change? What technologies make the planetary sustainability possible? ""ClimateInnovation: reimagining everything"" Conference worth spreading! with KirstenCKIC ClimateKIC RRI SDG13 🗓️20th May Barcelona ➡️",0
"I am slowly catching up with the modern world and have made myself a website. I just published my first blogpost, in which I talk about my experiences as a ClimateKIC Pioneer into Practice.",0
"Would you like to be part of the sustainable approach, including raw materials and innovative technologies with entrepreneurship development? Apply to SIMReM master in cooperation with EITeu ugent UU_University TUBergakademie. FictESPOL fcnm_espol AAPGESPOL AIChE_ESPOL",3
"Join us on Monday, 5 March for a joint EBANimpact / EBAN Energy Webinar with WermuthJochen, InnoEnergyEU's Elena Bou and our Board Member Heddapm! Register here:",2
Join BusinessFinland CTScandinavia CLEANcluster BusinessFinland InnovasjonNorge tillvaxtverket and us for the SustainableUrbanSolutions conference during the NCEW2018 in Copenhagen in May! SUSnordic EITeu stateofgreendk nordensk nordenen,-1
From ClimateKIC project to fully fledged fund: SUSI &amp; southpolegroup launch €250m energy transition fund in Asia!,0
Una burbuja para beber agua sin usar botellas. La innovacion en Europa con EITeu OohoWater NuritasResearch,1
"Do you want to learn how to do smart business with BlockChain? Then join us at the two-day Blockchain360 class for Business Applications, developed by EIT_Digital and Fraunhofer_FIT. Enroll now!",-1
Here is a little snippet from our recruitment campaign films for EITeu. Go to our website to see the all the films! spectrecomfilms digitalmarketing recruitmentcampaign socialmedia creativeagency film…,1
Participate in Office Hours with Accelerators at StartupOle EITDigitalAccel Metxa_Emprende sbcIoT_Data,0
Congratulations to Florian Schneider winner of the Venture Award EITAwards ClimateKIC,0
The ClimateKIC Circular Fashion Challenge is closing for applications on Monday! Don't miss the deadline if you're looking to enter CircularEconomy,0
Over €3bn of revenue generated by ideas conceived during Hackathons says InnoEnergyEU CEO Diego Pavia. Come and see WindEurope’s first Hackathon in Amsterdam,2
More cities and regions to join forces in search for climate change solutions ClimateKIC,-1
🗣️13 llocs de feina per a treballar en la innovació en la mobilitat urbana a l'EITUrbanMob a Barcelona. 📅Fins el 08/09! Més ofertes com aquestes a la web FonsUECat👉🏼,1
Inspiring talk from BlaBlaCar CEO about startup values TBB2016 by InnoEnergyEU,1
Explaining the relevance of activities in climatekic H2020 MEDProgramme in a special about research el_pais,0
365ACTNOW From 3D printing to ingredient development: Icelandic innovators taking waste out of the blue economy ClimateKIC KirstenCKIC UKFood4Thought LindaFoods DailySFN FoodForThought EATForum19 EATLancet EATforum G_stordalen LeadershipMatters,-1
Thanks EITDigitalAccel therlin !,1
Marketresearch for Climatechange ideas and solutions is vital! holgerd tells climateKIC Climathon participants,0
2 round of teamwork underway: diversity and collaboration are critical to build sustainable solutions Climathon EITeu GlobalClimathon,0
ClimateKIC Nordic is hosting a Spark! Lecture 4 June on LCA and sustainability. All welcome but please sign up:,0
IndiNatureCo ZeroWasteScot CircularGlasgow EdCentreCC scotent ClimateKIC edcraigecci Unlock_Ambition asbp_uk koistycassels BackstoryDesign helenbdunk ArcDesSco ScottishEDGE _LauraPeachey Awesome 😎 Very proud of you 🙏🌍👍,0
Bravo à greenerwave scaleup de EITDigitalAccel qui à remporté la ChallengeCup1776 à Nice,-1
How do we best to share knowledge? We should set up a Community of Knowledge; sharing ideas/solutions about how we get the solutions to the market EITeu ClimateKIC can have a role in this missionfinance Any volunteers to set this up?,0
The new Nokia also builds on partnerships 👍. EIT_Digital HMDGlobal,1
solatomcsp loogic futurizable ClimateKIC It is a very interesting update. We will be happy to see you in SolarTech 2018. Please get your e-ticket and take part this October.,0
Sessió informativa màsters InnoEnergyEU. 23 de febrer. 12 h. Aula Capella de l'ETSEIB. Join us in shaping the future of global energy,2
We know that political leadership and governance can lead change in cities but how to understand science of cities? ClimateKIC UNFCCC KordasOlga c40cities CDP usmayors Mayors4Climate ChallengesFnd GlobalUt Kommuninvest LeadershipMatters,0
Proud to have them in EIT_Digital accelerator,1
"Nuno Quental, Policy Officer, European Innovation Council Task Force – Financial instruments EUeic, participará en una mesa redonda en el CongresoAEBAN sobre nuevas iniciativas de inversión y co-inversión. European_ESIL ICEX_ dayoneCABK",1
INNOVEIT : education is indeed needed - look forward to advance our X-KIC training on digital transformation EITHealth EIT_Digital,1
"As we prepare to launch the biggest ever version of our CSABooster FutureOfFarming MOOC in September, learn about its creator Marie Dittmann EITeu UniRdg_SAPD CSAMOOC18 WatchThisSpace 🇬🇧🇫🇷🇩🇪🇨🇳",-1
"G-Moji, a digital companion to help teens in therapy visualize and understand their emotions via EIT_Digital:",1
The EITHealth Summit has started EITeu EITDigitalAccel sylvie_bove,1
Still some time to enroll in this highly interesting webinar on 12 December! rawmaterials watertreatment EITRawMaterials,3
Thank you AnaMarreiros and BCSD Portugal for co-worker hosting this event! Great discussions on the CircularEconomy with your fantastic members wbcsd ClimateKIC,-1
"Companies Highlight Benefits of Investing in SDGs, Green Economy ClimateKIC JKuylenstierna sdg southpolegroup",0
"""Promoting Sustainable Innovation"", ein Programm des ClimateKIC sucht Change Agents für Innovationen im Klimaschutz",0
"""Los presupuestos de la Unión Euopea se están invirtiendo en energías limpias"" MAC_europa ClimateKIC CambioClimatico",0
Proud to be a part of CKICNordic We had a great and valuable time at OsloStartUp and nordicedgeexpo events :),0
"Thumbs up DECCgovuk - 19.2% of UK power in 2014 from renewables, up 20% on 2013. Moving toward a better future. ClimateKIC",-1
"Climate-KIC: Communications Expert – Sustainable Production Systems, 8.9. ClimateKIC ClimateKIC_DE",0
"""it’s increasingly vital that businesses work together to share information with the cybersecurity industry to enable it to stay one step ahead of the ever-evolving threat landscape."" CyberSecurity360 EITDigitalAcad via InfosecMag",1
Proud of medu_soil pitching at the Grand finale Climate impact battle at SlushHQ where a lot of impressive swiss Startups are present VDtech ScanTrust GaitUp LargoFilms Innovaud ScaleUpVD swissinnova EPFL_en MarcBGruber SGE GGBa_Invest ClimateKIC,0
IKEA Greenwich UK has achieved the highest BREEAM UK New Construction Outstanding rating by a retail unit to date. Mayors4Climate UrbanDavidSimon BarrySheerman OlumideIDOWU ClimateKIC ClimateSusanne IKEAUSA theWSBF LeadershipMatters,0
"sidcorte EITRawMaterials hurry up :-) deadline is today (but tomorrow, it will be extended till May 17! don't tell anybody yet ;-) )",1
Register today for EITRawMaterials events during the 1st RawMaterials Week in Brussels! education Horizon2020,3
¿Cómo imaginas las ciudades del futuro? En GVAivace UV_EG AjuntamenVLC y grupoetra apostamos por la movilidad urbana sostenible con nuestro proyecto MaaRe: candidatura valenciana al EITeu Julia_company Rafa_Climentg GVAeconomia ➡️,0
"The hum of an energized city doesn't just happen. It takes planning, budgeting, and balancing variables. The Lumen City Challenge by Blockworksmc and innoenergyEU teaches students about energy in an immersive urban environment. ↪ EarthDay MinecraftEdu",-1
Nordic Green finance dialogue finding a strong need of stakeholder engagement and new governance strategies for cities AndersWijkman ClimateKIC JKuylenstierna CKICNordic c40cities CDP EURACTIV miljotweets Kerrclimate,0
"Matchmaking b/w projects &amp; financial actors at its best: on day 1, the Business Investment Platform under InnoEnergyEU EUBatteryAlliance leading to €5bn financial flows. Here to accelerate the deployment of batteries-related solutions, going from lab to market in record-time.",2
From Green GB Week to baffling Budgets: There's still much to be done on sustainability - The reporter's blog beisgovuk greengbweek GFI_org ClimateKIC EURACTIV LeadershipMatters theWSBF,0
citizens4science M. Fammels: EITeu has been set up to respond to societies challenges and foster links with citizens stoa,1
Barcelona será la capital europea de la movilidad urbana EITeu MOBILus bcn_ajuntament la_UPC SEATofficial Por ramonsune,1
BBC News - Bug-killing book pages clean murky drinking water desolenator ClimateKIC SmallStepsDocs,0
In SaoPaulo Brazil on 18 June? Join the global ClimateKIC Climathon! COP21 ClimateAction,0
"The cake is eaten. Thanks to: StartupWiseGuys, startupestonia, startups leaders club, EIT_Digital estonianmafia",1
"On 24 February, we're joining the EITeu Awareness Day in Zagreb! Meet Imre Gombkötő, Education Manager at EITRawMaterials, to learn about our Innovation Community and education activities under the EITRMAcademy! EITCommunity ConnectingMatters 🔗",3
"Our friends ClimateKIC have a cool joboffer as Entrepreneurship Lead! Deadline is Jan 12, be quick &amp; apply now!",0
I think this is at least a good starting point....let´s work together to increase this number! connectingmatters RawMaterials rocksrock EU_H2020 EITRawMaterials circulareconomy,3
Scoping nature for the ClimateKIC EITeu RIS Cyprus workshop on Biomimicry CyUniTech cKIC_Alumni,0
WATCH: Dr tommitchell_kic Director of ClimateKIC_UKI on how we support innovation for systems change. At cleantechinnov8 2018 &gt; via YouTube,0
The competition begins- worlds biggest green ideas event/ come on Scotland! EdCentreCC ClimateLaunch ClimateKIC_UKI PaulWheelhouse,0
EIT InnoEnergy: Call for partnerships for new InnoEnergyEU hubs in Armenia.,2
"Today we put forward a proposal for the future of EITeu so that EU 🇪🇺 continues to support the best talents and innovators across regions, businesses, universities and knowledge. Here’s what’s new 👇🏼",1
"Just in time for the EITRawMaterials Summit, the Observatory releases a new factsheet series about education &amp; outreach in the rawmaterials sector. Learn more about the skills required in the mining sector:",3
For a more ambitious &amp; more efficient Cleantech industry in the EU CleanEnergyEU MarosSefcovic InnoEnergyEU InnoEnergyFR at Bpifrance.,2
"e_move Yes, I worked for EC &amp; as journalist. Now with B_M. We're supporting EITeu, who introduced me to CorinneVigreux",1
Today makes 10y since one of the best motivational speech. Every student should listen to it EIT_Digital EITeu,1
"The registration for PowerUp! by InnoEnergyCE is open. It's the 4th edition of the largest competition for start-ups from the cleantech sector in Central Europe. To participate, have a product prototype, a team, and fill in a form on until April 15th.",2
Spotted another great EITDigitalAccel alumnus at iaamesse - french scaleup navyatech with their autonomous shuttle IAA17 EIT_Digital,1
Several workshops EIT_Digital for the Master Kick-off TU/e 2019 in our co-location centre in Eindhoven. A good mix of regular students and our own EITDigitalAcad Master School ones.,1
Getting going green bonds 4 cities greenfingot gothenburg ClimateKIC UNEPDTU ClimateBonds Skylar_Bee riyongkim,0
Take a look at some of our work for the EIT Digital Conference 2019. Big thanks to the wonderful EIT_Digital team and the design and creatives at eventdesign eitdgital19 tech Entrepreneurship innovation,1
The Graduation Ceremony of the EITDigitalAcademy has started! Follow live blog here EITDigitalAcad EIT_Digital,1
"My co-judges from ClimateLaunch today, some great deserving cleantech which we hope will get support ClimateKIC ClimateKIC_UKI",0
MetClim and co-authors will present a poster at the ClimateChange 2018 conference in Nicosia. Title is “On the uncertainties introduced by land-cover data in high-resolution regional simulations.” DrMariaNeira ClimateKIC CleanAirLondon wmo VassiliouEU LaurentFabius UNFCCC,0
Today is my last day after 3 years at the ClimateKIC accelerator. 119 supported startups &amp; over 300 million € funding later I am looking forward to an equally fun ride at spielfeld from May! Thank you to everyone who has been part of this unforgettable journey! 😃+😥,0
EIT_Digital JorianBos gtoublanc issy_media birdz_iot EM_Francois1 SBA_France Dank voor je tweet Jorian,1
"climatejourney18 ""In the future, we have to find balance between political, social, economic, biodiversity problems. Future is about making compromises and thinking the climate as a complex interconnected system"" Hervé Le Treut EITeu paris ClimateKIC",0
"Dissemination of today's constructive meeting in Berlin with the EITRawMaterials RIS HUB's 🇪🇺 Always nice to meet each other, thank you! freiberg greece adria hubkosice tuke rawmaterials MakingInnovationHappen h2020 yourprojectmanager",3
Good news for vegan food eaters🍒🥖🥙! A lactic acid bacteria from Danish plants has recently been identified by researchers DTUtweet to be used to make a 100% vegan ‘yogurt’. This ClimateKIC supported project shares the ingredients😋! Enjoy👉,-1
"In the run up to the EITeu INNOVEIT EITAwards, we interviewed members of our community nominated for awards, to hear about the great climate innovation work they are doing. Miguel_ennia, CEO of Navlandis spoke about their collapsable freight crates.",-1
Check out our interview with aquarobur from Slush17 CKICSlush chalmersventure niklasjoh Slush100 IoT WaterManagement UrbanPlanning ClimateKIC,0
Introduction to the cybersecurity event by our EITDigitalAccel Business Developers and amigosEyS + pitches by our supported scaleups,1
"6/4, ore 9 | Evento formativo su bandi KIC EIT climate e raw materials. Obiettivo: offrire una panoramica sulle opportunità di finanziamento offerte dall’EITeu tramite progetti di ricerca industriale, education e imprenditorialità tecnologica",0
"In 2018, EITUrbanMob &amp; EITManufactur joined the EITCommunity, the largest EUInnovation network ➡",1
digitalenabler and CEDUS at the IoTWeek2019. Thanks to EIT_Digital for supporting us! SELECT4CITIES EngineeringSpa,1
$28 billion of new green bonds were issued in the first three months of 2018 via Enviro_Finance Kommuninvest greenfinance AndersWijkman ICLEI southpoleglobal southpolesweden ClimateBonds CrowdWeek miljotweets ClimateKIC ClimateSusanne,-1
"About to start: Berlinale2018 panel 'Powering Europe's Audivisual Innovators' with ViolaRoberto EITeu Dir. Martin Kern, EIT Digital CEO WillemJonkerNL &amp; EIT Digital Challenge winner 3ANTS_DS Mlgarcia68 at marjoriepaillon MEDIAprogEU",1
ClimateKIC LittleSun olafureliasson thanks ClimateKIC - great to talk LittleSun and Solar ! ConnectedByTheSun,0
"Now ResilienceLab ClimateKIC Julie Carlin’s outlining the 5 key insights for innovation solutions that can take us forward: systems perspectives, effective partnerships and frontier technologies. COP25 Cop25Madrid2019 climateadaptation AdaptXChange adaptation climate",0
join us tonight! ClimateKIC ClimateKIC_DE ClimateKIC theJourney2015 CKAA Alumnievent,0
EIC Accelerator champion Sitemark raises a new €5M funding round to lead innovation in the aerial intelligence market EUeic,1
We'll be there in London ClimateKIC !,0
😍😍😍😍😍 BiancaDragomirD ClimateLaunch aguaecosocial AVAESEN ClimateKIC nos encanta!!!,0
Check out Trine- the alumni from the ckicnordic Accelerator - whoich just raised USD 6 mio in funding. See more:,0
ClimateKIC students Esmee and Eline about the Springtide Academy springtij17,0
Both my daughter and EITeu were born 10 years ago. Great journey already to be key players in and for a challenging society. INNOVEIT discussing now the future innovation society by scientist showing his 20 days baby. It is all about people EITCommunity,1
We are very proud and happy to belong to EITCommunity. We are going to work hard for the future of UrbanMobility in Europe !!! 👏🏼👏🏼👏🏼🏆 cc la_UPC,1
Sign the Global call for a phosphorus science initiative NutrientP dpp_ev BSAG_ Phosphorus_ie SustainP CFPlatforma nutrients UNEnvironment FAO EU_ENV ResearchEurope EUScienceInnov IFDCnews eip_water EIPAGRI_SP EITRawMaterials EIT_food,3
In 2018 EITRawMaterials aims to create 16 amazing new start-ups. innovation sustainability,3
Mobile cyber security startup &amp; FraunhoferAISEC innovation AppRayOfficial joins EITDigitalAccel,1
"Final 'Paris Agreement' draft published, vote expected later - via ClimateKIC COP21",-1
"SYSTEMS INNOVATION: We’re at ClimateKIC_UKI Partner Day and ClimateKIC CEO Kirsten Dunlop is inviting our climate innovation community to dive deep into our framework for achieving transformation, in time.",0
RoSi71767824 LINKSIUM_ GrenobleINP auvergnerhalpes InnoEnergyEU EITRawMaterials LinkGrenobleAlp N’hésitez pas à publier votre offre de Research Engineer sur notre plateforme :,3
Check out this week's top 10 climate stories from our partners ClimateKIC . BlueAction,-1
Read this article about Donkey_Republic from the CKICNordic Accelerator,0
Would you like to be part of shaping the EUGreenDeal agenda? Take part of the survey We did! EITRawMaterials ConnectingMatters,1
Today: eit_digital and startupestonia join forces to boost Estonian startup ecosystem. kerstikaljulaid latitude59 WillemJonkerNL,1
Have you ever heard of smoke sucking drones? Dutch designer DaanRoosegaarde has sketched out his solution to cope with air pollution in the future. EITeu ClimateKIC SRoosegaarde,0
"Looking to understand the real potential of blockchain technology for your organisation? Enrol for the two-days course Blockchain360 on 12&amp;13 June (Bonn, Germany) and learn how to innovate with blockchain. EITDigitalAcad Fraunhofer_FIT",-1
ClimateKIC_NL ClimateKIC Thanks so much!,0
One of our EIT_Digital coached startups selected for SpainTC SV immersion program - Congrats Ricardo LeanXcale !,1
🌿ClimateChange is a tough challenge! What about YOU challenging yourself? GlobalClimathon (ClimateKIC) is a 24 h hackathon that supports u + provides resources u need to hack the system! 🤟 Organised by impacthub! 🌎 HH against ClimateChange fff_hamburg xrebellion_hh,0
Good oportunity to learn about effective Agile teams and leadership style that facilitates innovative and high impact organizations tecnalia EITRMAcademy MUnibertsitatea VTTFinland UniLUT outotec RISEsweden monolithos relightItalia ArroyoAna,1
Innovabo AndersWijkman ClimateKIC IPCC_CH Fast hur plöjer man mindre utan att öka fossila utsläpp eller kemisk behandling? Det är något som man som växtodlare önskar ett svar på.,0
TBB2019 Céline Jullien from InnoEnergy explaining 1KWHAT? an ongoing initiative from the “Better Energy by Europeans” program. InnoEnergyEU ENGIEInnov,2
SteliosYiatros a_charalambides CyUniTech st_procopiou OliaNeverland CSR_Cyprus PanagKit EITalumni ClimateKIC cKIC_Alumni,0
.eduaraujo86 from CITCEA_UPC excellent explanation about TSO and wind generator power electronics uses in InnoEnergyEU greening the grid,2
"Well done. Congrats from CKICNordic to the Climathon winners in Trondheim, Norway.",0
ClimateKIC ClimateReality Interesting information Australian LNP (Libs) coal GOP oil CSG CO2 GHG climatechange. auspol,0
"RT ClimateKIC We will see many global giants arise, the Googles of cleantech VentureCapital",0
RichardTempler1 All the best! ClimateKIC will sure miss you,0
otpbank_hu Gergely Tyukodi explains how they understand PSD2 from a banking side EIT_Digital networking event,1
"🗓️Save the date ! TBB, l'évènement annuel phare d'InnoEnergyEU aura lieu cette année à Copenhague du 17 au 18 october TBB2018 🚲 innovation startups energy",2
The Licciardi Twitter Daily is out! Stories via mobileeurope EIT_Digital tvsvizzera,1
Appel à projets d'innovation dans l'énergie InnoEnergyEU ouvert! Postulez jusqu'au 23/10 pour bénéficier de financements &amp; support IR2017,2
"Alongside 14 other cities, we are now launching a new bid for creative urban solutions! Reinvent your city. Apply now! 👉 ReinventingCities c40cities, ofo_bicycle, ClimateKIC",-1
ClimateKIC is cooperating with CopernicusEU for InnoSpace climatejourney18. climate solutions using Sentinel data. Join us this summer for ClimateAction ESA__Education application open until 18.02,-1
Since 1999 traffic in the City of London has fallen by 40% as bicycles become the dominant mode of transport during the rush hour c40cities Cities4Climate ClimateKIC image: astonishme,-1
"If you think the only way forward in AI is Ethics, then come join a half day training in privacy, bias and the minimum ethical product with Women_in_AI with IvanaBartoletti katchja twainus Hosted EIT_Digital AIethics London, 21 March",1
RT ClimateKIC: Follow our 24-hr global Climathon today - let's build that clean economy!,0
Aujourd’hui nous recevons le Comité du HUB Européen « Renovation Urbaine &amp; Rurale » capeb ENGIEgroup saintgobain CPromodul_INEF4 oliviercelnik FAB21Formation capdigital Prefet75_IDF CoeurEssonne ClimateKIC_Fr ClimateKIC renocoop iledefrance GrandParisMGP,0
Oggi trovate l'intervista di RobertoCastaldi a GioiaGhezzi chair del board di EITeu. innovazione Europa Italia europainitalia EU_Commission,1
"throwbacktuesday to last week's Academy for Circular Economy - ACE 2.0 in Belgrade 🇷🇸, Oct 4-5: systemsthinking, sdgs2030 and circulareconomy in the focus of the workshop, led by Ladeja Godina Košir with Karin Huber-Heim and Stefan Blachfellner, supported by ClimateKIC.✅",0
.scibus Annual Framework Conference is almost here! EITeu GB chairman Peter Olesen and GB member pjprendergast will talk about the new EU innovation strategy. Want to join or follow live? ➡ EUBudget H2020 EITcommunity,1
Difficult decision: Groningen where I studied or Amsterdam for meetings?? Let’s go to the meeting and have nice discussions with colleagues!! Groningen can just wait a bit cause I will return!! ClimateKIC Climate-KIC,0
StartupEventsEU SolarPowerEU InnoEnergyEU Suncontract has everything you're looking. I don't know what are they waiting? Maybe they are not startup anymore. 😜 👍👍,-1
"ladyniasan vonderleyen ClimateKIC Sad to say, even the fossile industry got massive subsidies.",0
Understanding urban consumption will be critical in transforming food systems: ClimateKIC,0
One more tip: join a pan-European ecosystem such as EIT_Digital,1
Morning keynote of EIT_Digital CEO Willem Jonker: data is the fuel of digitisation now ongoing in MuziekgebouwEHV,1
A productive Study Visit in Andalusia 🇪🇸 searching for future collaborations with Lifewatch in the framework of EU-LAC researchinfrastructures Working Group celac_i EU_celac Climatekic AIRCentre_org DonanaDMD ESFRI_eu CienciaGob Thank you all!!! 🇵🇾 🇺🇾 🇲🇽 🇨🇱 🇭🇳 🇧🇷,0
My team from gj8 has a survey to get feedback on our business idea! ClimateKIC ClimateKIC_UKI climatejourney17,0
"Η περίοδος υποβολής αιτήσεων για συμμετοχή στο EITeu ClimateKIC PioneersIntoPractice 2020 είναι ακόμα σε ισχύ! Για να μάθετε περισσότερα, επισκεφτείτε την ιστοσελίδα του προγράμματος: PiP2020 YourPathYourFuture 😉",0
Investor Dinner about to start! ClimateKIC Germany greengarage startup,0
Calling Cities to join climathon movement. ckicnordic ready to assist Nordic cities. See,0
"To all friends, there will be a Climate Hackathon 18-20 October 2019 GlobalClimathon in Barcelona Sponsor by EITeu ClimateKIC 🇪🇺 and BACARDI after you finished the BEST Hackathon in Town hackupc hackupc you should Join them:",0
ArtificialIntelligence and MachineLearning in 2017 {Infographic} ai bigdata healthcare EIT_Digital EITHealth Media4Health ppiac,1
.ClimateKIC DEVASTATING effects of KillerPalm fires greenhouse gases on climate must STOP,-1
Good news for Scotland’s thriving low carbon business sector ClimateKIC launched yesterday EdCentreCC innovation,0
City-to-City Cooperation is Starting to Drive SDGs Implementation EU_CoR ICLEI c40cities CDP ClimateKIC,-1
Experienced leaders from the manufacturing sector: Now you have your chance to join our Supervisory Board and take Europe’s industrial innovation to the next level. 👉 👀 EITeu manufacturingjobs eitcommunity,1
"We re engaged in this initiative with a prestigious consortium: the imperialcollege of London, the ClimateKIC, CDP &amp; southpolegroup",0
ClimateKIC_NL EITeu ClimateKIC Glad to be in the family 😃,0
Adding value is key for competitive &amp; sustainable manufacturing in Europe!🇪🇺 EITManufactur will bring together 50 partners to do just that ➡ EITCommunity H2020 HorizonEU,1
Startup Clinic 2nd day! Today EIT_Digital &amp; bginnovators experts are at Coimbra and Aveiro! Tomorrow Porto/Braga!,1
"Výzva pro zájemce o 5 volných míst ve své Správní radě, která má rozhodovací pravomoci při řízení EIT. Přihlaste se do 29.9.2017 EITeu ✍️",-1
SME_Participant IreneLarroy AnnEvaLutor EUeic AnnEvaLutor do you also get some proposals redefining TRLs (adapting them to their field 🤔) so that a TRL 8-9 becomes a TRL 6 🧙🏻‍♂️?,1
"LedouxPedailles discussing the need for integration in the lithium-ion battery and Electric Vehicle industries in Europe, the importance of reducing carbon footprint and the need to secure lithium domestically. InfinityLithium EU_Commission EIB eit InnoEnergyEU",2
Hackathon steps to success? ckicnordic EurActiv CompactofMayors c40cities dagenssamhalle,-1
Assumption is the mother of all fuck-ups. Nicely summarised Solveig Helga Zophoniasdottir from ClimateKIC listening empathy activelisteningthenewsuperpower,0
Sounds great! Team4NatureBham Team4Nature EITalumni ClimateKIC_UKI WestMids_CA SWMtweet,0
JoaoPGouveia (SUSHI Lisbon team) participated as an invited speaker in ClimateKIC Webinar: Energy Communities in the transformation of Southern Europe. He discussed the ongoing work for implementation of Positive Energy District concept and its links to EnergyPoverty in Alfama,0
Fantastico seminario de Daniel Zimmer en fundacionbotin esta tarde ClimateKIC,0
Coming up Annette Locher's presentation about project ChipScope_EU: she collected her experiences about the communication of reserach results. EUeic FutureTechEU EICPathfinder FETFX_EU EU_H2020 H2020,1
indoorway InnoEnergyCE Congrats to the Grand final of PowerUp18 - you have done great job there! 👍🏅,2
Parlimag EITeu Europe and the EU are different different entities. Do you NOT know the difference?,1
"The stakeholders perspective and the future of innovation in the energy transition in one afternoon! Thanks to the participants and speakers that were part of the discussion at InnoEnergyEU Let's Talk Energy, as well as to our supporters innovationatEDP, EY_Portugal and RNAE",2
Technology transfer to the zero carbon economy - perspectives from ClimateKIC UNFCCC_CTCN EUClimateAction UNEPDTU - starting now,-1
"Some action pics! urbansystems sustainablecities knowledge pathways for implementation for a national strategy for cities: great tech westernsydneyu &amp; key inputs from Prof Michelle Leishman Macquarie_Uni ClimateKIC Australia, researchers, local &amp; state gov FutureEarthAus",0
SueEhlerding Und was ClimateKIC macht hab ich für riffklima riffreporter aufgeschrieben,0
Apply before 1 March to ClimateKIC summer school on climatechange &amp; entrepreneurship: sustforum_LU ckicnordic,0
pamr83 ClimateKIC great ... I'm arriving!!!,0
Dutch Design Week gebruikt EIT_Digital initiatief GameBus DDW16 GameBusApp,1
IdaAuken at ckicnordic event for ambitious Nordic cities. ClimateKIC,0
sarnab75 GamifyAwards BeaconingEU disrupt_learn EU_Commission EU_H2020 EUhorizon2020 CoventryUniNews Master of Gamification ! Disruptive technologies for skills EIT_Digital DigitalSkillsEU,1
"msojdrova EPCulture EITeu CzechTV Je moc dobre, ze vy, ostatni libtardi, a ted uz dokonce i EU ma obavy z novych clenu Rady CT. Znamena to, ze se snad konecne blyska na lepsi casy ;-)",-1
Scaleup Opportunities in FinTech London &amp; Beyond - Welcome words by moyn2000 EIT_Digital,-1
.ClimateKIC DEVASTATING effects of KillerPalm fires greenhouse gases on climate must STOP,-1
Great intro day AaltoUniversity We are ready to welcome more changemakers to the community! CKICNordic climateaction,0
So proud of ClimateKIC startup mimblytech and Isabella Palmgren who just won didigital_se's Female Founders award! Congrats! annasoderholm chalmersventure haxh Almiinvest BonnierVentures dagensindustri norrsken_org eqtventures MimiBilling,0
"ClimateLaunch dinapsis igriol ClimateKICspain ClimateKIC infoHIDRAQUA aszapla La mayor escuela de emprendedores contra el CambioClimático sigue formándose. En el horizonte, la final nacional del 15 de octubre en Valencia. Aprendiendo sobre ventaja competitiva con Luis Estaban Domínguez de Fundacion_IVE greenbusiness climatechange CLP19",0
"Welcome to GalwayClimathon 2017 hosted nuigalway, with RyanInstitute &amp; tech_innovate &amp; support from SusNatIrl ClimateKIC Climathon",-1
"EITRawMaterials KarelVA on Circular Economy challenges: improve reusability, dematerialize &amp; substitute. I say ""slow down the loop!""",3
Fantastic to address a full house of climathon changemakers in Lund hosted by our CKICNordic partner lunduniversity! Let’s find some great solutions as to how to use and discard less plastics ⚡️climathonlund,0
.IEEEsmartcities expert rsaracco of EIT_Digital discusses a transparent paint for house cooling:,-1
Tomorrow meet the US City Council of Boulder sampweaver in Bonn - a city with visions and actions by the local government - this is also US ... CKICNordic ContChange c40cities MikeBloomberg sampweaver EU_CoR usmayors ICLEI_USA ICLEI,-1
The EITeu has mobilised €60M funds to innovators powering solutions to tackle social &amp; economic challenges across 🇪🇺 The2️⃣main activities: ✅Venture Support Instrument ✅Pandemic Response Projects ➡️ ECCP StrongerTogether EU_EASME EU_Growth,1
"[2°/ Création de contenus] Pionniers du batiment et de la VilleDurable , mettez en avt vos savoir-faire via les réseaux sociaux en faisant appel à C21, votre partenaire de comm digitale ! L'ademe , ClimateKIC et bien d'autres ns font déjà confiance -",0
"NinaTheScoop JeremyMathieu _richardblack ChiefExecCCC NavinSinghKhadk tommitchell_kic Although I admit I had a parallel agenda - which was hearing ChiefExecCCC (in the previous photo), here's *our* panel. Especially tommitchell_kic from ClimateKIC was inspiring - so much innovation out there, so many solutions.",0
Such a great moment at Reykjavík Climathon ! Planting trees 🌳to reforest Iceland and getting energized for the last 12hours With the French Embassador Graham Paul MatisIceland RVKClimathon sollazophoniasd CKICNordic FranceenIslande 🇮🇸🌍,-1
April 12: Brussels is the place to be. EIT_Digital,1
ClimateKIC is going to start! As ClimateLeader with algore's ClimateReality I am more than happy to be here! Milano climatechange,0
Si tienes un proyecto innovador que lucha contra el cambio climático ¡participa! ClimateKIC,0
Networking Finnish style - sparking new ideas and movement aimonday EIT_Digital tekniikkatalous taival_,1
⚡️ Blockchain dans le secteur de l'énergie : une révolution ? InnoEnergyEU offre une vue d'ensemble sur la manière dont la blockchain va révolutionner notre consommation : désormais les particuliers pourront acheter et vendre de l'énergie entre eux !,-1
"For exciting sessions on MSCActions, EITeu, universities and other topics, plus a big ScienceIsWonderful exhibition, join European Research &amp; Innovation Days RiDaysEU. 🖊 Register now More info ➡️:",1
Ξέρεις τι είναι το EITeu; Συνδέει εκπαίδευση ↔️ έρευνα ↔️ καινοτομία. Πληροφορίες →,1
Il 27-28/10 a Cesena Climathon ClimateKIC: soluzioni per progettare l'acqua del futuro. Scadenza call: 25/10,0
Cudos to this great set of CKICNordic partners Johanneberg Science Park AB RISE Research Institutes of Sweden Chalmers University of Technology,0
Once again we benefit from the Green finance experience of CKICNordic partner the City of Gothenburg,0
Good start for 1st day of COP21 for ClimateKIC UK innovation project Blue Green Dream BGD_Europe who win Business Green Technology Award,-1
This week in the headlines of our WorldBarometer: “Scientists turn waste polymer into battery components” &amp; “Mining tax policy responses to COVID19” - Contents via wef EITRawMaterials EITIorg,0
"EIT Festival Welcomibg words by Janne Laine, VP Innovation at Aalto University EIT_Digital EITeu AaltoUniversity startups Entrepreneurship innovation",1
"Due to our partnership with IDEGUI we had, during the last 6 months, to intern with us a student of of Product design! Yesterday was the presentation of the work he developed in XpectralTEK :) The outcome we will show later:) EU_H2020 EUeic mendigutia",1
Aled Thomas Innovation Lead ClimateKIC_UKI welcoming the teams to Climathon London,0
"Enjoyed the hackathon at AtmosNews this week. And there is a new, global one, coming up, October 27. Climathon organised by ClimateKIC!",0
"Delighted to be at DTUSkylab this evening. Happy to be joined by 3 startups from the CKICNordic Accelerator MashBiotech, DK 2017 ClimateLaunch winner solar_sack &amp; new entrant Trebo Iloveglobalgoals mikkeltrym P4GSummit SDG",-1
My strong support to the collaboration btw solarimpulse &amp; InnoEnergyEU to accelerate cleanenergy innovation TBB2017,2
Delighted to see pamlin from RISEsweden at the MissionFinance summit. Other Nordic speakers include SasjaBeslik AarhusUni tiinakaho Matterpension CeciliaRepinski FredrikLundin CKICNordic,0
"c40cities Anne_Hidalgo MayorOfLA Listening to Eric Garcetti talking about rethinking our economics. Environmental protection enhances economic performance. Green jobs are fastest growing sector in LA. ""Get with or be left behind"" ClimateKIC",0
Solving Oslos logistic challenges through sensormonitored parking/sharingsystem! osloclimathon Bymiljoetaten CKICNordic Ruter bellona,-1
.Simonhboas CarlsbergGroup addressing a full room ckcis2016 on circularpackaging SustainbleProduction climateaction ClimateKIC,0
Climathon Main Stage é lieta di ospitare il Sindaco di torinocity Chiara Appendino. Insieme per i cambiamenticlimatici. Welcome! ClimateKIC EnvironmentPark rep_torino Corriere tuttogreenLST tuttogreen Agenzia_Italia,0
"JEPaquetEU GabrielMariya EU_Health EUScienceInnov EU_Commission REA_research inea_eu EUeic ERC_Research EU_H2020 EU_ScienceHub Jean Eric, bien fait.",1
This year PowerUp2020 organized by InnoEnergyCE turns into 100% VirtualConference. Over the coming weeks we will connect with startups from Central-Eastern Europe to enable them to present their companies in contest. :) Staysafe and attend in OnlineEvents. 💪🙂,2
.ClimateKIC DEVASTATING effects of KillerPalm fires greenhouse gases on climate must STOP,-1
"GrandFinal of DEX_IC DanubeAccelerator Bootcamp, SEW18 Liberec. We listen whaleboneio final pitch - protect your network startupeuw Interreg_CZ Interreg_Danube startups igortasic tyinternety czechcrunch DSMeu StartUpEU EIT_Digital LibereckDrbna",0
Great new initiative from MICleanEnergyRD ClimateKIC RISEsweden to identify one hundred 1.5C compatible energy solutions. ipcc cleanenergy,-1
cdlariviere mycitytree ClimateKIC Where does it put the 275 trees' worth of pollutants when it's taken them out of the air?,0
We need to mobilise Europe's 30+ financial hubs for sustainable finance &amp; we now have the mechanism to do this via a new partnership of the UNEnvironment hosted network of Financial Centres for Sustainability (FC4S) &amp; ClimateKIC = FC4SEurope A great working group meeting,0
.IEEEsmartcities expert rsaracco of EIT_Digital covers advances in respiratory testing:,-1
"2 fantastic opportunities to join the Grantham Institute team - currently recruiting for a Director of Operations, and a ClimateKIC Investor Marketplace Administrator. Deadline looming! See full details here:",0
Proud to be nominated for the EIT_Digital Challenge! More information on the contest:,1
gtoneill Mariecurie_alum mdifranc Eurodoc EUScienceInnov MSCActions euatweets EUACDE ScienceEurope LERUnews YERUN_EU EITalumni GlobalYAcademy yacadeuro Well deserved after all what you have been done with Eurodoc. Early-Career Researchers are back to be an active partner for research policy making in Europe. Bravo!,1
📢 Join us at greendays2020 for a keynote by anatrbovic of gridsingularity &amp; EITeu board member and panel discussion on all the latest innovations including blockchain technology + how to drive digital innovation &amp; education.,-1
The current COVID19 pandemic has already by now caused profound effects at the global macroeconomic scale. EITRawMaterials Community response in building up resilience and contributing to the EconomicRecovery post-coronavirus ➡️ GreenDeal EUpolicy,1
"The EITeu new Strategic Innovation Agenda for 2021-2027 is designed to increasing the regional impact of Knowledge and Innovation Communities, boosting the innovation capacity of higher education &amp; launch of new Knowledge Innovation Communities More →",1
The Next Big Thing For Real Estate: Sustainability southpolegroup ClimateKIC ckicnordic ClimateBonds,-1
UdoBub from EIT_Digital is infosharepl already. As member of the jury He is selecting startups for the final of their contest.,1
📢Meet EITeu Food's strategic objectives! 👉Overcome low consumer trust: support Europeans in the transition towards a smart food system that is inclusive and trusted! ImpactHubIST foodhub,1
davegraham robotiguy discordapp EUeic SlackHQ sapieninnovate DavidPollardIRL rapidfoundation BillyLinehan isidrolaso nnovick Huawei_Europe Microsoftirl UCDinnovation genemurphy Dunux,1
SanttuCT SitraFund presenting st1suomi cleantec innovation at AaltoUniversity ClimateKIC tuijapulkkinen,0
"Si tienes un SME, y necesitas un poco de apoyo y financiación, no te pierdas la oportunidad de obtener más información sobre InnoEnergyEU InvestmentRound. ¡Solicítalo antes del 4 de octubre! sustainable energy innovations funding",-1
CEO of ClimateKIC BertrandVanEe is kicking of climathon pitch workshop b4 big event in grandpalais tmrw cop21,0
".EITeu ClimateKIC was among the 600 participants at SwissECS, Switzerland’s main conference for energy and climate, discussing just how radical our political roadmaps need to be for effective climateaction SwissECS1",0
"Ecopreneur oder TechInnovator? Dein Startup entwickelt Lösungen für den Klimaschutz? Dann bewirb dich bis zum 22. Juli für den ClimateKIC Accelerator von MunichRe und ERGO! Gewinne bis zu 95.000 Euro, Coachings und mehr: NoEquity Klimakabinett",0
"ClimathonGandesa retoma la actividad🌞. Ya está todo listo! El grupo de ayer decidió trabajar en el reto del agua💧, están buscando soluciones para hacer que el Canaletes tenga la mejor calidad posible. Climathon ClimateKIC",0
MarosSefcovic Intersolar EU_Muenchen SolarPowerEU SolarHeat_EU solarimpulse bertrandpiccard Energy4Europe Regions20 InnoEnergyEU EU_Growth Arguably could hydrogen play an even more important role. Any initiatives on this front coming soon?,-1
-ClimateKIC supported modvion and SwedishAlgae in the top 10 of Nordic cleantech companies! 👏👏🌱 CleantechInves1 cleantechregion,0
Have ideas of how to combat coronavirus Covid_19? Apply for funding to eicAccelerator EUeic by 18 March -&gt; startups innovation StartUpEU isidrolaso mikebutcher seedcamp Seedstars podimconference seedrs rtvslo south_summit,1
EIT_Digital EITeu 3ANTS_DS Honoured to be on the panel and looking forward to engage with many of you.,1
A great pleasure for weareKONUX meeting Jean-Pierre Loubinoux and Josef Doppelbauer at the International Rail Summit AI IoT EIT_Digital,1
EIT Digital Challenge 2016 launched to scale up startups across Europe EITDigitalAccel EIT_Digital,1
Congratulations to the Accelerator alumnus _wisebatt and its CEO w_dron (an alumnus of EITDigitalAcad) with the success at EmbeddedWorld2019,1
"☔or☀️doesn’t stop us &amp; it shouldn’t stop you! Come meet EITcommunity &amp; the innovators that are changing our lives today in Budapest. Join one of our workshops, meet our innovators &amp; find out how you can join our innovation activites. EUday EUandMe EC_Budapest EP_Budapest",1
"Climathon Intro by Sara in Addis Abeba, Ethiopia EthiopiaCIC ClimateKIC HoheteTSC",0
Oberta la convocatòria EITeu de comunitats de coneixement i innovació KICs (2016). Termini: 14/07 recerca,1
Flattr’s Peter Sunde seeks to end online media’s dependence on advertising via EITeu,1
Moedas northvolt EU_H2020 Energy4Europe EBienkowskaEU EIB SETPlan_eu Bulc_EU H2020EE inea_eu InnoEnergyEU Berekotry as African startup with near success H2020 SME threshold evaluation of 12.85/13 speaks volume . See conductive polymer demo &amp; recently in Abu Dhabi MarosSefcovic EUCommission InnoEnergyEU eurobat_org IFRI_,2
"Will your startup become Europe’s next tech success story? 🚀 Apply for the EIT_Digital Challenge by June 14 &amp; win an international growth package worth €100,000 to scale up your business! DeepTech GoGlobal DeepTech Tech",1
Getting ready for the kickoff EIT_Digital Master school in Paris. EITDigitalAcad EITeu. Thanks Sorbonne_Univ_ for hosting! Digital Innovation Entrepreneurship Education Europe,1
danielnavarrob ClimateKIC congratulations! Another Climathon great solution!,0
U.S. farm bankruptcies hit an eight-year high: court data theWSBF bankers4climate ClimateKIC FAOclimate eaEnergyEU EcoWatch WorldResources miljotweets billmckibben ClimateGroup,0
World's largest automotive alliance launches $1bn fund for future driving innovations via edie AndersWijkman CrowdWeek ClimateKIC ClimateBonds JKuylenstierna Automotive logistics transport TfL c40cities MayorofLondonUK stinabillinger,0
On stage/pitch _SafetyLine at ClimateKIC event COP21 bigdata analytics for Aviation (Fuel &amp; Maintenance savings),0
In Cina non esiste traduzione per la parola privacy rsaracco EIT_Digital Trento frasisam SGInnovazione barbaracarfagna,1
"Last wk, Project Drawdown attended the launch of Drawdown Europe, a regional “hub” led by the German Energy Agency, ClimateKIC &amp; the European Climate Fdtn. Ft. speeches from internat'l climate leaders, the event sparked a new effort to reverseglobalwarming in Europe &amp; beyond.",-1
Aster_ER ClimateKIC Ma che bella!,0
"Congratulations to Michael Dittel, our 2019 EIT CHANGE Award winner! 👏 The award recognises top graduates from EIT education programmes. Watch Michael Dittel of LeafTech_twitt share his InnovationJourney, supported by ClimateKIC 🍃 EITAwards",-1
.PolytechniqueE et InnoEnergyEU ont développé un programme certifiant qui vise une double expertise tant en ingénierie qu'en entrepreneuriat ☀️🍃🌊ENR MOOC SPOOC,1
CEO and founder of G-Tec sharing experience with EMerald_Master students @ Winter Business School EITRawMaterials,1
Estamos de enhorabuena! Somos una de las diez sturtups españolas seleccionadas para participar en el InnowiseChallengeLab de EITFood para luchar contra la escasez de agua en el sur de Europa. Veamos como aprovechar mejor ese 80% de agua usada en agricultura en España 🛰️🌍,1
"cdlariviere ClimateKIC GlobalClimathon Point being that it’s possible to go much higher res on carbon sensing and accounting if infra in place to do so, such that abstraction leakage is not external to how the model indexes",0
dhofstetter_x MazzucatoM ClimateKIC IIPP_UCL CarlotaPrzPerez IPCC_CH snowded AxiloSpace exaptive EITeu 9/ Dominic I have to be clear I do not have all the answers but I have the vision 3 UK Patent Applications on the H2 Turbine and an agreement in principle with a Prof Panos at Berlin Technical University to assess my Turbine,2
Climate conference organised by ParagonEurope &amp; ClimateKIC gives birth to ‘Valletta Declaration' climatechange,-1
"Instant analytics is now a reality thanks to the French scaleup indexima, supported by EITDigitalAccel",1
"19Jul circulareconomy Angelica Monaco direttore ClimateKIC Italy sulla Teory of change come strumento strategico per orientare obiettivi e programmi, per raggiungere impatti di lungo periodo, trasformazionali.",0
"SuperLabPorts Official opening by KirstenCKIC and Aurelio Martínez, President of the AutPortValencia. New space in Valencia for innovation and entrepreneurship in ClimateChange in Ports. MaritimeHubs DeepDemonstrations FValenciaport AutPortValencia ClimateKIC",0
Thanks to cKIC_Alumni for making this photo available freely on unsplash 🎁,-1
SiobhanMDunn uoebusiness 2020ClimateGrp 2050ClimateGrp GreenerScotland EdCentreCC VIBES_Awards ClimateKIC_UKI ScotRenew ZeroWasteScot Just what our forthcoming blog says!,0
"Sustainia SDSNNE cbsPRME CBSCSR Sustain_UCPH PRMESecretariat CKICNordic jesper3460 ClimateSusanne katapultimpact Hi Sustainia - Is this internship located in Denmark, or are applicants worldwide invited?",-1
.EUAuditorsECA: EITeu must modify its delivery mechanisms &amp; elements of its design to achieve the expected impact,1
Ecofunding en camaravalencia ClimateKIC Do You green fund?,0
"frankamat1 keith__johnston OLEVgovuk innovateuk SMMT ClimateKIC We agree that more is more - especially when it comes to the quantity of charge points, so far with 1000+ we think at least the beginning has been made. Reserved EV bays are optional and up to the local authority as there are reasons for and against them.",0
"StartUpGET ruukki ClimateKIC EEANorwayGrants Ruukki_Norge startupestonia WECouncil EEinEU TechInvest_EU rockstart InnoEnergyD Very interesting. Europe, in fact, added roughly 23 GW of new solarpower generation capacity in 2019, up 88% year-on-year. Most of the growth has been registered in EasternEurope. Discover more on renewables in the EU: hockeyshooter",2
Strategy officer Laura Supjeva EITeu opening the idea of creating knowledgevaluechains - attending EUregionsWeek EITris workshop on universities as engines of innovation and regionaldevelopment rethinkers,1
Launch of Irish Gov's MurphyEoghan ifs2020 2017 plan tonight. greenfinance growing at fast rate KPMG_Ireland ClimateKIC_UKI blackrock,0
"ENHORABONA! Orgullosos de que LasNavesINN, soci de ClimateKIC , a través de fons europeus transforme València en una ciutat més sostenible",0
climatejourney16 students pitch climate business ideas to innovation experts in Budapest ClimateKIC summerschool,0
"Are you a bachelor student or recent graduate interested in being part of the energy transition? Join our four-day summer school from 26 - 29 July, 2018! Programme &amp; application: energytransitionbusinesscamp karlsruhe InnoEnergyEU",0
8luglio Inizia il programma Catapult Cities and urban supply chain di EITeu ClimateKIC . Due le città laboratorio: Bologna e Almada (Portogallo) dove i partecipanti progetteranno soluzioni concrete. In collaborazione con Twiperbole FondazioneIU FCTNOVA UniboMagazine,0
Great to see and take part in the juding of all the great ideas at the AarhusUni Deans Challenge. TKS. also to challenge owner Vestas Grundfos and DuPont_News. CKICNordic ClimateSusanne,0
Mathea Fammels from EITeu presented the forthcoming call for a KIC on manufacturing at manufuture2017. Industry4.0 IsmbOnweb CSP_live,1
Moedas EUeic 👏For Dutch entrepeneurs that want to know more about the EIC. There is an EIC roadshow at CES unveiled in Amsterdam next week. Enrol here: CES RVO_Innovatie EUinNL TechLeapNL CES2020,1
🇪🇺 Europe's most innovative startups are currently meeting bbva &amp; ferrovial_es at the EUeic promoted by EUeic 👉,1
Excellent discussion today at EITeu House in Brussels on the challenges of industry digitalisation and needs for European policy reform. Thank you WillemJonkerNL PeterDroell FiloBXL BegonaArano ccodag EITManufactur for joining us! Read our report!,1
Getting rid of an invasive plant to make renewableenergy? Very innovative. CLP18 ClimateLaunch ClimateKIC,0
SIT4ME project is shaking the ground in the Zinkgruvan mining area. Nothing better than having a live profile that allows to QC seismic data as being recorded actively and passively on a random-kind 3D mesh array! EITRawMaterials,3
Our partner outotec in the ZWCluster supported by EITRawMaterials is showcasing at IFAT2018,3
GRANT: EITeu ClimateKIC is looking for partners to host hackathons to solve their challenges around digitaleducation and climatechange. Apply now to host your 24-hour DigiEduHack 2020. Deadline is 12 June: DigiEduHack,-1
Co-create the future of education in a digital age! Join the DigiEduHack on 3 October and become a part of a global community of change-makers! 🙌 👉 Powered by EITRawMaterials tcddublin UniOulu KU_Leuven oamk_ouas LearnovateC ConnectingMatters,-1
Board gaming and circular business models!! Thank you KatherineWhalen whalenka lovemyjob EITRawMaterials @,1
"Looking forward to seeing you all tomorrow in Kista, Sweden! Annalisap EIT_Digital",0
"LCVoters SenCortezMasto Rise of boot camp, intensive coaching and awards CLP17 innovate4climate ClimateLaunch ClimateKIC",0
How to get positioned for the coming VR wave via EITeu,1
Propuesta de KIC EITeu Fabricación presentada por AlianzaIK4 y tecnalia eno evento H2020 NMBP Innobasque,1
North America's Cycling Capital Is Losing Its Lead miljotweets EUROCITIEStweet bike CKICNordic,-1
EIT_Digital Challenge 2016 now accepting applications EU startups - Eindhoven News EssersEIT EITDigitalAccel,1
Wonder what EIT_Digital and chino_api are doing now? Here it is - Trusted Cloud for Europe! cybersecurity,1
Forefront cities presenting their CircularCityModels All stressing the role of the business community WCEF2017 ClimateAction ClimateKIC,0
On 14-16 June learn more about EITRawMaterials Regional Innovation Scheme at ForumMINEX! EITris rawmaterials,3
Getting very excited for the Climathon in Birmingham! ClimateKIC ClimateKIC_UKI S4TP_BigIdeas,0
ClimateKIC EITeu Agreed. We do need to act now.,-1
"Professor Dr Jean Michel Glachant, Director of the Florence School of Regulation, believes that we need to start thinking about a new type of energy system and industry, and so regulation also needs to change EITeu InnoEnergyEU sustainable energy innovations TBB2019",2
RT LaFTRSM Retrouvez les photos d'hier EpitechRennes UnivRennes1 Supelec businesschool facettsapp EIT_Digital,1
"¡Nuestra Dirección de Innovación y Tecnología a la vanguardia! Recibimos la visita del Consorcio Europeo del proyecto RED SCOPE en nuestras instalaciones. El proyecto se enmarca en la KIC RawMaterials del EITeu. Proyecto en colaboración con Aquatec (suezES), CETAQUA e IVL",1
At the EITeu pit stop DigiCatapult today: 50 people discussing how to unlock the potential of personal data in local government,1
poumtali EITeu Nanotechnology внедрение новых технологии сберегающии экологию.экономию энергосбережение Зеленая химия,3
"📡DigiEduHack winning ideas have been announced: Immersive learning experience virtual tools, AI for teamwork &amp; mobile mentoring encouraging women in tech careers. 🤖📝More about winning teams: MakeTechInclusive UN_UniteIdeas ClimateKIC DigiEduHack",1
PertonMSchool heathpark_ AlderbrookSch ColeshillSchool ColtonHillsCS merylbatchelder MerchantsAc nailseaschool SEEd_Edu SocialEnt_UK BSACommunities BritSciAssoc CRESTAwards ClimateKIC_UKI GraduatePlanet1,0
Widen your knowledge on short food supply chains at the EITeu ClimateKIC Catapult PhD Autumn School in Budapest and Valencia. Apply now: sustainability climatechange foodchains,-1
Great 2 hear Julia Rawlins ClimateKIC_DE ClimateKIC talking about climate entrepreneurship &amp; creating new climate solutions. ACEdialogue,0
The winner of the ClimateKIC ClimateLaunch in London is solartrailar. Combining transport with cutting-edge solar for cleaner greener urban-friendly delivery in partnership with DeutschePostDHL. Thank you to Grantham_IC for delivering this green ideas competition!,0
Portfolio composition processes take four days to explore how projects fit together and make decisions on what to take forward. The group understands the system from many perspectives and are not only ClimateKIC employees. tommitchell_kic SitraLab,0
"Formation : La formation "" Entrepreneuriat dans les énergies renouvelables "" accueillera sa quatrième promotion en septembre cc InnoEnergyEU",2
Aurora_Cons foster_change jonoberlander ClimateKIC edcraigecci EdCentreCC ClimateKIC_UKI ScotNatCap I 💚 twitter! Let's do this. So much great stuff could come from collaboration like this. fintech4good innovation socialenterprise,0
"RT ClimateKICItaly: blockchain e rifiuti elettrici/elettronici: al via BlockWEEE, un nuovo progetto finanziato da EITeu ClimateKIC e realizzato da ConsorzioEcodom. StayTuned WasteManagement ClimateAction",-1
Warsztaty poswięcone działaności Wspólnot Wiedzy i Innowacji KIC EITeu już 18 i 19 września na UniWarszawski,-1
On 4-5 Oct come to SMETCH: SMEs match in Italy with EITRawMaterials! Organised by ENEAOfficial Details here,3
Creare una comunità capace di riciclare correttamente e allungare la vita dei propri oggetti elettrici ed elettronici 🗑️🖥️🔌Arriva l’edizione 2019 della GlobalClimathon promosso da ClimateKIC💥L’appuntamento trentino in corso a Rovereto è organizzato da FBKcom e HIT_trentino,0
EITalumni EITRawMaterials EITeu EITHealthAlumni cKIC_Alumni InnoEnergyEU EITHealth ClimateKIC EIT_Food Wow! 😍 Can't wait to fully have you on board guys!,1
Its official!!! Just sent in our application to ClimateKIC_NL ClimateKIC for our Startup GreenAnchorPorts-wish us luck🍀!,0
7 DAYS left to register for EITeu Infoday Call for KICs proposals in FOOD &amp; Manufacturing,1
"Depth analysis of the BIPV context, the main technologies, the design and simulation of BIPV systems, the legal framework, standardization issues, business models, installation... EnergiasRenovables MariaLauraMt tecnalia InnoEnergyEU CatyArevalo renovacionverde EFEverde",1
Introductionary remarks by KlossekAndreas from EITRawMaterials to start the second day of RawMaterialsWeek by EU_Growth EU_EASME EIPRawMaterials in Brussels talking about their key role in technology transition in the mining sector of Europe,3
marco_recchioni EU_EASME FredericCoulon1 zoe_322 feld78 menaabela ENCOsrl SCRREEN_EU ProSUMProject ZWCluster iterams minguideEU EITRawMaterials minatura2020,3
"GMeRitS, a consortium led by researchers at Finland's Aalto University, has been granted the Blockchains for Social Good prize by the Enhanced European Innovation Council. via AaltoUniversity GMeRitS EUeic Finland blockchain EUeic",-1
Still in doubt about where to direct your attention during the Nordic Clean Energy Week 2018? Look no further - here's the only guide you need NCEW2018 MI3 CEM9 CleanEnergyHack SUSNordic stateofgreendk CLEANcluster ClimateKIC FORESIGHTdk NCEW18:,0
"Découvrez Agrisource, 1re plate-forme européenne d’innovation ouverte et gratuite pour l’agriculture climato-intelligente! ClimateSmart EITeu Inra_France Cirad UNFAO",0
EdwinMermans NewMobilityServ EITUrbanMob TGoldsteen BernadetteBergs LuanaBid EUSmartCities ZOSmartMobility SmartwayZNL POLISnetwork Transport_EU Succes! Is er iets verder in de toekomst een conferentie/talk waar ik eens aan kan schuiven om te horen wat er allemaal gaande is?,1
VivaTech était très prolifique grâce à la regionpaca ! Prochaine étape : InnovativeCity1 avec 3cixty et PasTime_EIT ; EIT_Digital,1
About to hear from ClimateKIC KirstenCKIC on driving innovation at Standards4EU event standardsplusinnovation,0
"Tomorrow's AklConversations features pennynelson_mfe, Malcolm Shield CityofVancouver, Ian Short recent CE ClimateKIC &amp; PennyHulseWest",0
"EUvsVirus 🇪🇺hackathon is about to start teams from all over the continent have joined together to tackle challenges related to COVID-19-developing ideas for different industries. Follow the opening ceremony today, at 5 pm (CET) live at EUvsVirus EUeic",1
Kristin Bergensen from nordicinno announcing some of the lucky winners of NordicIdeation Day led by CKICNordic &amp; NTNU,0
SMEs leanxcale and f-secure ict2015 with bdva_ppp and EIT_Digital to share their challenges in the data market,1
"Das ClimateKIC Start-up TwaiceTech hat mit 1,2 Millionen Euro seine erste größere Finanzierungsrunde abgeschlossen! Die Seed-Finanzierung kommt von UVC_Partners und speedinvest. Mehr dazu im Blog: Startup Investment Batterietechmik DigitalTwins",0
RT ClimateKICItaly: RT ComeOn_report: COP24 KirstenCKIC CEO of ClimateKIC makes it clear: We need multiple solutions and ways to transform the existing system! There is no linear pathway for the needed shift!,0
How to make the most out of your company’s outdated devices? The BusiSource project invites you to the webinar (held in German) to provide you with valuable tips on WEEE management in your organisation! Join here: Wupperinst EITRMAcademy recycling,1
Cooperation is cybersecurity's secret weapon … EIT_Digital fsecure N4S_fi tekesfi DSMeu trustedcloud ecso_eu,1
.ClimateKIC DEVASTATING effects of KillerPalm fires greenhouse gases on climate must STOP,-1
EIT_Digital how much of this growth would you attribute to digital startups (as opposed to non digital startups)?,1
"Now open for entries: Apply for the EIT Challange 2018 and win growth support worth €100,000 for your digital TECH scaleup! Learn more: EIT_Digital",1
WELCOME to NEW MEMBERS of our Governing Board!Great to have new talent&amp;experience to EITeu!,1
Catch EITDigitalAccel supported scaleup LeanXcale Sept 12 in siliconvalley SEC2SV,1
"Photographers, don't participate in this award unless you want to build up an in-house photo archive for InnoEnergyEU ""you permit EIT .. a royalty-free, world-wide, perpetual, non-exclusive license .... in any media now existing or later developed, for any ... purpose""",2
"ClimateKIC helps bring innovation to market more quickly, building co-operation, learning and sharing across Europe. PRASEG2017",0
"Marja Makarow SuomenAkatemia EITeu: ""The EIC could start by synergizing existing programmes"" scibus EuropeanInnovationCouncil LERUnews",1
(Almost) over the moon today - we are at the esa on this 5th day of the ClimateKIC CopernicusEU InnoSpaceJourney. Learning more about EarthObservation data and the potential use of Sentinel and missions' EOdata for tackling ClimateChange through entrepreneurship.,-1
Nice to see how students of the EITeu labelled master innovation_ub enjoy this super visits. We are so proud to support you! Learn more about EITHealth Campus activities at,1
"Climetrics, world's 1st climate impact rating for funds, wins Climate_Action_ SInv17 ClimateKIC ClimateKIC_DE",-1
Climate Edge ClimateKIC_UKI Greenhouse business looking at weather info for coffee farmers,-1
2 startups supported by EITRawMaterials were nominated for EITawards! Watch how it was on ⚡️ INNOVEIT 2017!,1
Find out more about the 2018 Call for Proposals at the EIT’s InfoDay in Brussels: EITUrban EITManufacturing EITCommunity innovation,1
The excellent Ester van der Voet from Leiden University at the suscritmat EITRawMaterials LDE_CfS BKTUDelft LeidenDelftEras Winterschool in the Swiss Alps. Another great Leiden Delft partnership. Go Ester!,3
NaylorChemistry EITRawMaterials angstromABC chem_angstrom The sight of mountains always calms my soul. Good luck with the meeting! Grenoble is a great place,3
LucaCapra69 Pmeccatronica TnSviluppo ClimateKIC Vogliamo vedere il primo pupazzo di neve,0
Testing and experimenting. Trying and failing. Helsinki as a test bed for mobility projects! 🚗We need new alternatives for people so they are willingly choosing something else than their cars. Learn more here: EITeu ClimateKIC,-1
Joining the ClimateJourney18 ! Super excited! Summer school for Innovation and enterpreneurship I'll be at the Utrecht/Budapest adventure! ClimateKIC,0
Thank you EIT_Digital and tnwx for listing us in the top 150 favorite innovators of the European Deep Tech 2018 - Startup Landscape. Leveraging machinelearning in radiology to improve patient outcomes is our main focus.,1
"Closing the loop on Diabetes is a priority! EITHealth works closely with students, innovators and EU stakeholders to improve the quality of life for patients on insulin therapy. Find out more on DiabetesDay ➡ EITCommunity H2020",1
"weareKONUX , an EITDigitalAccel alumnus, raises another $20 million in a Series B financing round (after a $16M round last year !) : via EIT_Digital",1
.CircularIq is an EITeu ClimateKIC-supported start-up that accelerates companies that believe in the economic benefits of the circulareconomy. Meet them at SlushHQ! Slush18 MissionFinance,0
Let's kickoff the eehack2017: enersissuisse is here to solve some challenges! Great opportunity for EITalumni reunion :),1
ColinJ_Keogh HISI_Ireland CrokePark rapidfoundation eHealthIreland EIT_iDay EITeu EITHealth_UKI TCDTangent HSELive HSEchange_guide PeopleofHSE,0
Rune Wendelbo Abalonyx pitches his graphene oxides and derivatives for composites EITRawMaterials HIT_trentino,3
Thanks for support CKICNordic :),0
FloJVGschwend from imperialcollege helped by ClimateKIC_UKI nominated for the EITAward at innovate,0
Ancora pochi giorni per partecipare alla EITDigitalChallenge: iscriviti EITDigitalAccel,1
"Sincere thanks GabrielMariya for joining and for providing the context of Innovation, Research, Culture, Education and Youth - in which the EUeic fits perfectly!",1
EIT_Digital Perché non scrivere in italiano!?!,1
Digitalisation and decentralisation key at CrowdWeek - Patagonia's new digital platform connect environmental activism community via edie ClimateKIC cdlariviere ContChange ClimateKIC miljotweets GDenergi c40cities theWSBF,-1
ClimateKIC #alsen,0
"La divulgación de la ciencia ,de la geología , minerales ,la minería y sus aplicaciones en la vida de la sociedad uno de los pilares museosuniversitarios minasenergiaupm La_UPM con los que IAPG_SPAIN junto con COIMCE1 FGP_ETSIME EITeu EITRawMaterials colaboramos😊",3
.ClimateKIC-supported OohoWater on stage at EITeu's INNOVEIT. They create waste-free alternatives to plastics!,0
"NordForsk nordicinno NefcoNordic 2C2030 SEIclimate CKICNordic RGeneration2030 Nordic_Climate BusinessSweden A very special thanks 🙏to our amazing partners in Stockholm WeDontHaveTime0, norrsken_org and GlobalUt You also have ClimateSuperPower 💪 NordicClimateAction",0
"We are very proud to introduce our next EITeu inspirational womenleader. Meet LauraSoucek, co-founder of EITHealth-backed Peptomyc 👏",1
Visiting mineheritage object in Italy part of MineHeritageEIT project EITRawMaterials ConnectingMatters rocksrock,3
"Andreas Klosseks CEO EITRawMaterials ""we want that raw materials will be a major strength for Europe"" 7EIS inpact",3
"This October, EITCommunity gathered in Ljubljana, Slovenia to meet local stakeholders and identify next steps for cooperation with the local ecosystem in the rawmaterials, climate, digital, food, health &amp; energy sectors. ConnectingMatters EITeu",1
This is a way to support local climate actions when national government fail... usmayors sampweaver James_Hanusa WorldResources WRIClimate ICLEI_USA UNHABITAT trends Network climatechange ThomasNorrby crowdsourcing CrowdWeek ClimateKIC,0
"EIT_Digital à Rennes, partenaire du BizConnectionDay RennesAtalante Technicolor",1
"Situation Room alla 25° edizione di Eurochocolate Festival per monitorare il più importante evento italiano sul cioccolato, insieme a: OlivettiOnline, TIM_Official, EIT_Digital e FIWARE. | Eurochocolate | faceciok ➡️",1
‘Focus on disruptive &amp; systemic change’ innovation in climatefinance collaboration ClimateKIC SustainableFutureForum MarcWEISSGERBER,0
307M€ a 64 empresas beneficiarias de la primera convocatoria del PactoVerde Europeo y ¡¡¡4 son Españolas!!! EUeic EUGreenDeal,1
On our way to Athens for ClimateKIC workshop on Biomimicry for sustainable land use in urban areas SteliosYiatros,0
jmmaza2 Microsoft redborder Innovalia_group EIT_Digital Microsuave,1
Fascinating to hear from ritter_mary about ClimateKIC at EUCClimate by EUC_UoM and Carlton_Connect,0
CEN report on standards for CircularEconomy chemicals use Standards4EU NutrientP dpp_ev BSAG_ Phosphorus_ie CFPlatforma circulatenews circecon eip_water EIPAGRI_SP EITRawMaterials EIT_food circecon CircularAgro,3
If you have an innovation involving; 🌏 LowCarbon technology ZeroCarbon heating Interoperable control systems for energy systems Green transport solution EnergySysCat needs you as part of their latest challenge with ClimateKIC &amp; EnergyCapitalUK👇,-1
CleanTech Startups gesucht! ClimateKIC Accelerator fördert mit €85k NoEquity. Deadline: 27.01.19,0
INNOVEIT day 2 -- time to spotlight how innovation &amp; technology can solve problems plaguing our cities EITeu INNOVEIT2015,1
"Congrats SCEPstartupcities Málaga for EUSportCapital 2020 GabrielMariya pacodelatorrep francisalasm =&gt; The new EU InnovationEcosystems are ONE puzzle with many pieces. The sport piece is linking people + new innovation opportunities for SMEs, startups.. EUeic isidrolaso",1
The Deputy Mayor of Reykjavik speaking at the Greenfinance event arranged by ckicnordic &amp; ClimateKICLoCal at the nordicsolutions COP23,-1
Thank you for the mention TheGCIndex This event part of one of InnoEnergyEU ’s cornerstones: to feed the market with a new wave of talent that is equipped with the relevant skills to make game-changing impact sustainable energy innovators,2
theranos debate got into EIT_Digital summer school. Amazing startup story alainleloux,1
Today is the last day to apply with your climateinnovation startup for the ClimateKIC cleantech accelerator!,0
❓ What did the EU do to grow a research community on Visual Analytics? Don't miss our interview with vismastereu coordinator and founder of euro_va Jörn Kohlhammer. ➡ FET_eu eicPathfinder EUeic,1
"EUClimateAction inea_eu Energy4Europe EUScienceInnov EUEnvironment EUeic EESC_TEN EUCarbonCapture EITeu GlobalCCS IRENA Rev 13:8 (KJV) And all that dwell upon the earth shall worship him, whose names are not written in the book of life of the Lamb slain from the foundation of the world. “The Great Controversy” by Ellen White Audio Order book:",0
Congrats 2 our CODE_n Alumnus Sensefinity - winners of the EIT_Digital Idea Challenge in the IoT strategic area!,1
Janez Potocnik on stage now RawMaterialsWeek exceeding planetary boundaries EITRawMaterials BKTUDelft tudelft,3
"UN UNDP We r an EITeu EU_H2020 team working on combining blockchain, nomenclature of the datasets-linking them in corporate reporting &amp; using the 17GlobalGoals to report, share &amp; link up the data with others via GlobalGoal17 Thy 4 keeping us in mind.",-1
Cabo Verde ClimateLaunchPad 2018 follow-up &amp; Coaching Sessions. ClimateLaunch climatelaunchpad CLP18 ClimateKIC,0
"DeepHack with EIT_Digital, UltrahackHQ and trinckle3D in Berlin. Be part of it and ""hack the mass customization"" in December!",1
"Scottish innovators - sign up for ""Investing in Innovation Opportunities for Scotland"" EIT_Digital DataLabScotland",1
UKI FINALIST: Luxury bathroom accessories startup beundisturbed is one of nine UKI teams pitching at the ClimateKIC ClimateLaunchpad Grand Finals in Edinburgh today. Good luck! CLP18,0
EUeic Any news? Today is may 5th: we only have 14 full days to readress proposals....,1
Digitalhealth The ambitious Moonshot mhealth ECHAlliance DSMeu EIT_Digital,1
Digitalization is changing way of doing business EIT_Digital Europarl_EN EITeu” EPlenary,1
Let's start! Tomas_O_Jensen from EITRawMaterials opening the Idea Camp - WEEE! RWTH,3
"Heard many talk about innovation, startup, but RaoulStubbe's today keynote is one of the best. Nice story. Nice delivery. EIT_Digital",1
So many people queuing to Climate-KIC stand at Slush2917 CKICNordic ClimateKIC,0
"💡Future engineers, are you thinking to apply to one of InnoEnergyEU's Master’s in sustainable energy to study in Fall 2019? 🎓Interested in getting dual degrees from top Universities? 🗓️Good news: the last application round is open until 22 April! ➡️",2
On 26 Sept join the 2nd iDeepMon User Workshop to learn more about the EITproject supported by EITRawMaterials!,3
ClimateKIC we are at eusw2019 GAHelsinki where EU_Growth Copernicus study shows: KICs communities still need to know how better use CopernicusData ! Let's boost on that !,-1
Reduce WaterWaste. Take control of your Water consumption! 💧 EIT ClimateKIC-supported aqubiq gives you the full overview of your water consumption to help you save 👉 EITCommunity WorldWaterDay,0
Congratulations to MatohaScience - winners at PhysicsNews IOPBusiness IOPAwards19 business awards! Matoha has developed a new platform that allows low-cost solutions for efficient manual sorting of recyclable waste. ClimateLaunch ClimateKIC,0
Take ClimateAction on 18 June! Join the ClimateKIC Climathon and help your city to solve climatechallenges!,0
Off to dinner with the education network and stepandstone ArthurTolsma and all of our other ClimateKIC Journey2015 coaches!,0
Join the world's leaders at the Climate Innovation Summit in Dublin 6-8 November and unlock the $26 trillion sustainablefinance opportunity! MissionFinance ClimateKIC Find out more:,0
"Awesome job by startupestonia partner ClimateKIC, nominated to GuardianSustBiz award!",0
Best solutions coming out of today's bikedataworkshop hosted by koebenhavner CKICNordic,0
"Food Innovation alert! 💡 RisingFoodStar NaturalMachines brought their intelligent 3D food printing kitchen appliance Foodini to EITeu HQ for EU_Commission VP Margaritis Schinas to see - It has never been easier to personalise food, eat healthier and lower food waste🗑️.",1
voci e progetti di startupper europei da innoveit di EITeu a Budapest nel podcast di oggi,1
"Impressed by EITeu innoveit2015: great speakers, inspiring crowd and EITalumni, successful useful projects, good event organization.Thx!",1
Not long until ClimateKIC launch the Climathon- 59 cities in 24hrs creating solutions to manage climate change,0
"Mr Goncalo Amorim from bgiaccelerator opens Session II ""Collaboration Oportunities between ESIF &amp; EIT-KICs EITeu NERDAbxl",1
.Matterpension wowing us! 📱 Our beloved start-uppers offer an app which promises an easy way of identifying the impact their portfolio actually has. Fantastic job. Clear impact. EITeu mikkeltrym ClimateSusanne ClimateKIC,0
"Letzte Woche endete unsere Seminar-Reihe über die Fördermöglichkeiten des EUeic! Wir haben uns über die zahlreichen Teilnahmen sehr gefreut &amp; bieten weiterhin bis Ende 2020 Beratung für innovative KMU, startups &amp; ForscherInnen aus BaWü. Kommen Sie auf uns zu! innocheckbw",-1
"City of Malmö with Head of Unit, Per-Arne Nillson, is talking about the sustainable work within the municipality. LoCaLPartners CKICNordic",-1
5.1. EITeu What I would like to see is minimum real security and framework support for needs- and choice-driven innovation structures,1
"On 29-30 November, DTUtweet will host the 2018 SustainDTU Summit on technological solutions to sustainability challenges. CKICNordic will attend with three sessions. Today is the last day for registration 👇 ClimateKIC DanskIndustri spisekammeret",0
raj_ghelani AmericanExpress Ashoka LEDsafari InnoEnergyEU Thank you :),1
"Sincere thanks GabrielMariya for joining and for providing the context of Innovation, Research, Culture, Education and Youth - in which the EUeic fits perfectly!",1
"Webinars του EITeu για προκηρύξεις στους τομείς Αστικής Κινητικότητας &amp; Μεταποίησης, υποβολή ερωτήσεων ως 4/9",1
Are you a professional looking to address cybersecurity on a global scale? 📲🌍 Check out EIT_Digital &amp; BerkeleyExecEd joint programme and join the community of change-makers! 💪 ➡ cybersecurity360,1
Thank you very much InnoEnergyEU for the info! Great webminar!,2
Welcome ignilife EITDigitalAccel,1
Read the short article about Trucks On the Map and ChrysalixTech's prizes at the climate impact competition at SlushHQ via ClimateKIC simoneokkels ckickslush cleantech,-1
Just out: UpsideEnergy is A 2016 Global Cleantech 100 “One to Watch”. ClimateKIC Challenge_prize CleanandCool,0
"Este jueves no te pierdas la presentación de clarapez ""El valor de los profesionales de doctorado y postdoctorado para impulsar la innovación basada en investigación en la IndustriaDigital: el caso de Atos"" en el evento de EIT_Digital. Registrate en",1
"👏 pjprendergast, tcddublin member of CoimbraGroup, for this important mission EITeu on ’Innovation Capability in Higher Education’! Completely in line with CoimbraGroup motto: ""A Tradition of Innovation""!",1
".EIT_Digital, l'EU digitale, innovativa, unita c’è (oltre la Brexit) SEC2SV StartUpEU SEP_EU Startupbusiness",1
In Dublin with ClimateKIC &amp; this 👑 Fearless Girl 👑 for the Climate Innovation Summit. Tomorrow’s highlights include a finance incubator pitch competition and anna_luise sharing insights on corporate innovation from TheFinanceLab MissionFinance,0
ClimateKIC rekreitz EITeu Liebe Regine! Du hattest hoffentlich einen guten Start! Herzlichen Glückwunsch und viel Erfolg!,0
jsoldatos launching Digital Finance Academy finsec_project London workshop! See you in Paris for next Finsec Workshop on Digital Innovation Hub for key competencies for Fintech and Cybersecurity! gft_it RaphaelAttias lefrere idattani EIT_Digital financeinnov,-1
In deed it is!! We are proud to fight against this challenge in office buildings with Smart and Sustainable Offices Fundacion_IVE and ClimateKIC project - you can consult our SSO BES office building certification for Mediterranean Climates here :,0
Reducing foodwaste helps fight climate change via ClimateKIC StanKrpan LoveYourLeftovers,-1
Applications are now open for this year’s EIT_Digital Challenge. Startups: Apply now and scale up! 🚀😎 --&gt;…,1
More about New Yorks innovation drive via edie ContChange James_Hanusa c40cities WRIClimate ClimateKIC JunagarhMedia eaEnergyEU,0
La DeepTech ça change quoi dans ma vie ? Venez découvrir des innovations européennes concrètes à l’Innovation Day EIT_Digital France le 6 Décembre 2017,1
Heating houses with 'nerd power' ClimateKIC ClimateKIC_NL startup Nerdalize hits the headlines,-1
ClimateKIC JunckerEU If that is true DO put in place the measures needed to stop this selfish destruction a minority is imposing to profit,-1
"ClimateChange Direct observations. ""We need to see the long term data, not just a few years or decades. Something is changing"". ClimateKIC Journey11 ClimateKICItaly",0
After a well deserved summer break EIT_Digital board and management meet in Brussels to drive Digital Innovation and Education in Europe.,1
Start of ClimateKIC ClimateLaunch boot camp in Sweden a group of eager projects will work with their projects during coming two days,-1
"EdCentreCC for ClimateKIC greenhouse pitches. Now that HothouseEarth has been initiated, SOME of these guys are the future.",0
Watch out! We’ll soon announce the 2018 EITAwards nominees. We can’t wait for the exciting journey ahead! Turning the best ideas into EUInnovation and making the FutureOfEurope happen! EITCommunity HorizonEU H2020,1
Check our latest newsletter with lseplc StartPulsing MindTheBridge EIT_Digital EBANMunich BAND &amp; more ➡️,1
.EITRawMaterials team together with supported startups &amp; SMEs will be present at the EuroMineExpo! Join our sessions and stop by our booths for a chat about the latest innovation &amp; activities boosting competitiveness of the EU rawmaterials sector!,3
📢 The draft of the EUeic WorkProgramme is public! Check the latest updates on EUGreenDeal ArtificialIntelligence and prepare for applying to an EIC FET call 💡💶🇪🇺 👉 H2020 EUResearch,1
"📢NEW OPPORTUNITIES: Are you keen on working with us, the Orléans Métropole and ClimateKIC to involve residents in climate solutions? We would like to hear from you 👇🏿",0
EIT_Digital conduit la TransfoNum de l'Europe. Venez nous rencontrer à Paris le 29/11 innovation FrenchTech,1
UrbanFarm_ CoolPlanetExp bernier_do rakearound socentie climate_ambass SEJumpstart ClimateLaunch SInnovationIRL ClimateKIC ClimateIreland ClimateKIC_UKI Where is this happening,-1
BBCCape Fergus_Burns innovatorsmag CofGCollege ClimateKIC wearekura AdoptAnIntern Nice words and fun animation.,0
Watch Bill Nye Explain ClimateChange With... Emoji! via ClimateKIC,0
Green Finance LeadershipMatters bolund southpolesweden AndersWijkman EURACTIV ClimateBonds ClimateKIC Almedalsvecka SR_gmvarlden LottaEdling Kommuninvest MikeBloomberg,0
.Estabanell &amp; estudiants de InnoEnergyEU treballen en el projecte ecoBOT.,1
tommitchell_kic ClimateKIC UK Director talks low carbon innovation and envisioning future economies bitesize,0
"An entrepreneurial journey on bigdata - nice to see and listen to a great mind and friend barbz79it , ceo of SpazioDati :) at innovationtalks EIT_Digital Trento",1
".ClimateKIC PhD CATAPULT Urban regeneration decarbonisation of city supply chains is on the move! After an exciting and very busy kick off in day 1, today we learnt about supply chain management and walk around case study 1: Bologna",0
Exciting career opportunities within climatechange and city resilience! job ClimateKIC,0
This month two of our Innovation Communities have officially started EITinAction to deliver innovative solutions in urban mobility🚇 &amp; manufacturing 🏭 This week's FF keep up with EITManufactur &amp; EITUrbanMob and join them on an InnovationJourney!👏,1
Really proud of my guys! Go for it! Journey2015 ClimateKIC climatekicVLC IDEASUPV stepandstone,0
"Get your applications in for the ClimateKIC Journey Summer School. Get expert briefings, masterclasses &amp; coaching and give yourself an entrepreneurial edge in the climate economy. For postgrads / pre-Masters students. Fully-funded. Info &amp; apply &gt;",0
Some MondayMotivation thanks to XRUniversities's share. Enjoy Greenhouse_PR's 17 environmental podcasts you need to hear...preferably while applying to our SocialChangeDegree (via the link in our profile). Our first pick? EITFood's EITFoodFight:,0
"Ayer ClimateKIC y ClimateLaunch fueron protagonistas en levante_emv,",0
"Next stop is the booth of the MiningForum2017 organizer and the EITRawMaterials partner, DMT!",3
"About EITeu, how to join EITUrban &amp; EITManufacturing, as well as how EITCommunity is driving innovation and fostering entrepreneuship in Europe - all today at the Information Day!",1
Delighted the visionscotmag special of TheScotsman is featuring Aurora_Cons and many innovative value-driven organisations building up ImpactForGood and InspiringVision 🙏 HIEScotland Unlock_Ambition CanDoScotland HubClimate ClimateKIC ClimateKIC_UKI Innovation_Sch,0
"EIT_Digital OMG (oh my god) this is so... yesterday -) whatever, every period have a Flinstone age -) but will be also one omega -) enjoy the present -) (not shady just my mind)",1
GlobalClimathon CKICNordic theyre still going in Copenhagen!,0
"Introducing Connode , evothings and ShortcutLabs to my friends SandvikGroup today. Feeling very proud. sthlmtech EIT_Digital startups",1
Fabtotum presenting new 3dprinting milling 3dscanning Core machine EIT_Digital Museoscienza startup scaleups,1
Enchanted by prof. Suchomel! SETI 2017 EITRawMaterials HIT_trentino UniTrento,3
"Only one week until the UCPH Spring Festival! We welcome you to the UCPHealTheWorld tent for 3 mini SustainTalk and snacks to go with it! +many more activities offered by our good friends CKICNordic, Green Campus, GLPerspective , carlsberg &amp; more!",0
"MontseSV EUeic TheWowTune GabrielMariya ICT_Energy This is not transparent and it is unfair: it is an arbitrary decision, impacting on access to EU funding. EUeic please clarify and PostponeCutoff.",1
How digital is your city? Check out DigitalCityIndex and follow EIT_Digital at ICT2015,1
"EUDigitalEdu EU_Commission simonapetkova7 pankampylis eu_schoolnet EITeu EU_ScienceHub eTwinningEurope CodeWeekEU DSMeu EUErasmusPlus EdChatEU A2. I think is very important to use digital technology as a learning tool, not just as another ""cool"" new thing. For me, technology is just tools to get things done. Digital materials can support classroom learning topics, and introduce different teaching methods for each child.",1
.santifarrero avui 🗓dimecres ⏰ 18h participa al 📍cececebe a la taula rodona del seminari InnoEnergyEU InnoEnergyIB sobre el paquet d'energies netes per als europeus i el nou disseny del mercat elèctric 👉,2
"Huge congrats to Michael Dittel of LeafTech_twitt, an EITeu ClimateKIC supported innovation, for winning the 2019 EIT Change Award! LeafTech is developing 'the future of shading automation for smart buildings.' EITAwards EITCommunity INNOVEIT",-1
Who is the next competitor of GroupeSEB asks xdeboidevezi : classic cooking devices companies or Google ? We need to take a step beyond ! Inspirational digital transformation speech for the MasterSchool students KickOff18 EITDigitalAcad Sorbonne_Univ_,1
Searching for a dynamic and talented Professional School Head for EIT_Digital,1
The Digital Thread to Industry 4.0: International day at i40lab from EngineeringSpa OEDIPUS project solutions for SMEs EIT_Digital Cefriel superdidi80,1
"📢📢¡ÚLTIMA SEMANA PARA INSCRIBIRTE EN EL ClimateKIC ACCELERATOR2020! 🌎🌎🌿🌿Presenta tu startup de innovación climática y economiacircular antes del domingo 26/07 y accede directamente al ""Stage 2"" (Validación Modelo de Negocio). ClimateKICspain",0
AlessioLana è stato nel più grande Incubatore d'Europa EITeu startup il suo resoconto su Nova24Tech di carta,-1
R2B2018 twittitrentatre la nostra Innovation Lead ClimateKIC indaga nei businessplan delle startup per colpirne i punti deboli... e trasformarli in meravigliosi opportunitá! opponent HIT_trentino TnSviluppo Aster_ER,0
Estamos en el Climathon Madrid de ClimateKIC ¡Mucho ánimo en estos 2 días de ideación para la transformación sostenible de las ciudades! La_UPM CEIGRAM ClimateKICspain,0
Bravo: UNEP_FI UNEnvironment Principles for Responsible Banking just signed! Let’s follow the call from antonioguterres for Finance pull out of fossil and into green not grey economy! ClubOfRome TriodosNL ClimateKIC PRI_News e3g,0
This week’s ten biggest climate innovation stories – 21 June - Daily Planet ICLEI_advocacy AndersWijkman sampweaver ClimateSusanne ICLEI theWSBF WorldResources Tinu2C NiklasNrdstrm PLarshans miljotweets LeadershipMatters via ClimateKIC,-1
Tesla Gigafactory commences battery cell production miljobloggen Supermiljoblogg andersegelrud ClimateKIC,2
"The biggest lie of the Internet is ""I Do Agree to the terms and conditions"". Mikko Hyppönen mikko InnovationDay17 EIT_Digital FSecure",-1
"TechForPlanet Rdv chez WeWorkFrance le 31 mai 2018, pour une Open Night d'anniversaire de l'appel MakeOurPlanetGreatAgain avec ECOSYSGroup, WeWorkFrance, ClimateKIC et cleantechopenFR. Inscriptions :",0
"ClimateSusanne opening CKICNordic climate innovation day at AaltoUniversity. 21 climate innovation to be pitched on stage today, 7 by Aalto researchers NordicIdeation",0
365ACTNOW - Transport Systems Changemaker TRATON SE - - Meet Roberto Cortes - Modularization in the electric era - TRATON_GROUP AndersWijkman KirstenCKIC TfL ScaniaGroup GFI_green ClimateKIC eaEnergyEU LeadershipMatters,2
Just 5 days left to apply to EIT_Digital Venture Program. Get financial support up to €25k and online mentoring to develop your deep tech idea into fully functioning business. More info at,1
zeleros Altran altran_es angels_capital RedElectricaREE road_ventures Goldacre17 EITeu ClimateKIC EspanaGlobal PlugandPlayTC Congratulations! We are proud to have you as a EUeic company!,1
florinappsc1 EUDigitalEdu EU_Commission simonapetkova7 eu_schoolnet EITeu EU_ScienceHub eTwinningEurope CodeWeekEU DSMeu EUErasmusPlus EdChatEU This is very important - we need to help students to become creators and not only consumers of technology. We had interesting discussions about this in April 2018 in Sofia at EUDigitalEducation EduSummitEU EU_ScienceHub,1
"Scaleups in BosniaandHerzegovina, pitch to us &amp; EIT_Digital at MeetandMatch on 6. 9. at WeAreNetworks! Apply ⏩",1
"5febbraio PartnerDay Abbiamo la missione di creare una società equa, prospera e stiamo percorrendo la strada per realizzarla perché ci assumiamo la responsabilità dei cambiamenti che produciamo. ClimateKIC is the beacon for innovation and knowledge",0
"EIT Manufacturing is recruiting for Director of Finance, in our Headquarters in Paris! Recruiting Innovation Manufacturing EITeu Take lead in this exciting journey! Find full information here REMINDER: Applications until May 19, 2019",1
Time is almost up! FINAL HOURS to vote for your top innovation at the EITAwards. 🏆 ➡ INNOVEIT EITCommunity HorizonEU,1
"DaliasBook Code4Romania EUeic EU_Health IMI_JU EMA_News ECDC_EU EEN_EU JEPaquetEU EUScienceInnov CodeforAll SabinaCiofu Could anyone anonymise FB &amp; Twitter &amp; any social media accounts to feed a matching algorithm to create links to more secured personal information in order to help anyone in self isolation with any kind of physical support - food and drinks delivery, books, pep talks, etc.?",1
"🗓️SaveTheDate - June, 13 - 2 pm CET - Webinar on ""Why Energy is the backbone of the Construction 4.0 revolution?"", by Ecole Centrale de Lille and 3 construction companies, suppported by InnoEnergyEU 👉",2
"Great to meet with all our CKICNordic Partners from cities, universities &amp; companies engaging with Climate-KIC partners across Europe NordicPartners NordicMade",0
"Congratulations, ClimateKIC startup mycitytree on winning the TechCrunch pitch competition! TOA16",0
innovation by creating climate action. learn more webinar from rightXDC Maybe interesting for emissionsreg energyenviro UNFCCC James_BG michaelholder guardianeco CIF_Action ClimateKIC CarbonBubble CarbonBrief TheClimateGroup growth4climate ?,0
"We actually get researchers, companies and entrepreneurs working together at the same eye-level. This is how innovation happens - Benoit Buntinx arctic15 Arctic15 Helsinki FoodInnovation EIT_Digital",1
Want to learn more about the new technologies in recycling of secondary critical raw materials? Join the webinar and hear about the gathering and pre-processing of spent automotive catalytic converters. Please see EITRawmaterials CRM EITRMAcademy,3
Join the ClimateKIC climatejourney17 on climateinnovation this summer and you might end up in Portugal.,0
"Happy DataProtectionDay! It marks the 39th anniversary of the ""Convention 108"". 🇪🇺 The first binding international law concerning individuals' data rights which played a pivotal role in dataprotection advancement. DSMeu EU_EDPS EURightsAgency NetTechEU EITeu privacy GDPR",1
"Connect the unconnected with PointIoT. UseGalileo🛰️ &amp; IoT to solve asset tracking and personnel safety challenges of our industry partners. Work with corporate end-users, receive technical &amp; business training, have the chance to win 👉 EUeic TheIoT",1
"Heard about the 2020 ClimateJourney? Submit your application for a chance to join our active &amp; influential network of innovators, where you can interact with our ecosystem of businesses, start-ups, cities, govts &amp; academic institutions! EITeu ClimateKIC",0
ClimateKIC_UKI We are doing this in Sofia! Let's tak?,0
Pass it on! The growing importance of rawmaterials for Innovation via EITRawMaterials,3
"Last day EITRawMaterials winter school and it's time to present the results of our weeklong project. Up now, group 2 discusses solar panels and the silicon in them. suscritmat materialseducation CircularEconomy",3
Highly recommended businesscamp from our partner InnoEnergyEU together with Axel_Energy. Calling all forward thinking engineers with a passion for sustainable energy and business!,2
Our founder attends workshops to Identify the right patterns in the supply chain to mitigate climate change and reduce risk ClimateKIC homepod startups buildings architecture iasi romania sustainability sdg climatechange frankfurt ProvadisSchool germany,-1
Provocative TV Ad Tells Kids: “You Deal With ClimateChange” climateaction climatekic,0
Where are they now? The Journey Alumni climatejourney17 ClimateKIC SusNatIrl tcddublin imperialcollege Grantham_IC,0
cKIC_Alumni ClimateKIC Thanks Alumni for joining general assembly👍🏽you added perspective and energy to the mix!,0
"If you want to see how a Mediterranean community of projects of social and creative projects is cooperating for the future, come to Bari. EITeu",1
.CellProthera from Mulhouse developing innovative stemcell regenerative therapy to treat myocardial infarction biotech alsacebiovalley francebiotech .EUeic .EU_H2020,1
"Changing ourselves is the social impact that we should look for, says EITeu ClimateKIC CEO KirstenCKIC at ClimateLaunch CLP18",0
ClimateKIC_UKI Can I sign up for the Climate KIC UKI events listings as I'm back in the UK?,0
Excited one of our EIT_Digital startups PlugSurfing_DE made it to final pitching of Slush100 - slushhq Slush2015,-1
Dragons deliberating... Thank you Rachel MHPC Kathy ClimateKIC_UKI Amy 10:10 UpRisingDD17 UpRising_LDN,0
"Katrin Stjernfeldt-Jammeh, Mayor of Malmö COP23 with KajEmbren reflecting on Cities,finance,climate and SDG nordicsolutions malmostad ClimateSusanne nordenen AndersWijkman ClimateKIC ClimateKICLoCaL AHallbarhet southpolegroup JKuylenstierna c40cities CDP EURACTIV",-1
"cortsenc EnerAgen fCIRCE ANESEASOCIACION Ecoserveis EITeu Respuesta a su duda: Existen varios proyectos activos. Para localizarlos debe introducir como mínimo rango de Inversión y Tipo de promotor en sus desplegables. Si no desea filtrar por resto de criterios, elija Todos en desplegable y compruebe que todos los check están marcados.",0
Impressive EITeu EIT_Digital ClimateKIC InnoEnergyEU EITHealth EITRawMaterials EIT_Food,1
"GlobalUt providing nordicsolutions to Hamilton, Canada with IFHP ClimateKIC QuercusGroup cityofhamilton whitearkitekter jagvillhabostad Urbangirlsmovement sdg11 Agenda2030 NewUrvanAgenda housing CanadaUrbanLab",0
"Hoy concluye CafésScientifiques con “Cómo podemos adaptar la ciudad al cambio climático”, una charla en formato distendido junto a Susannahfisher (directora de investigación de ClimateKIC) y tinamonge (asesora de ecodes) sobre el futuro.",0
Need support with internationalization or AccessToFinance? Check EIT_Digital AriseEurope OpenHours,1
"We're delighted to be awarded for the EITeu Innovators Award, congratulations to our co-CEO marc_diabeloop 🏆🥇 Many thanks to EITHealth for its strong support from years now 😉 And thank you very much to all of you for your votes! EITAwards innovation",1
24-11-2016 is Innovation Day. Spannende innovaties in Nederland en Europa. Startups Scaleups EIT_Digital,1
TestimonialTuesday 💬✨ István joined the Pioneers programme in Hungary in 2017 to broaden his experience beyond his academic learning and to have the opportunity to work abroad on a placement. This is what he learnt👇👨‍🎓 Yourpathyourfuture ClimateKIC,0
AI_TraWell IEJGov transportgovuk EITUrbanMob CTS_UCL TfL UCL_GCHW No worries! It was this tweet I saw that reminded me of the ongoing AI_TraWell project work:,1
20 years IIIEElund sustainable solutions ClimateKIC WWF WWFSverige SPtechnews ICLEI GGKPlatform,0
📣 Ultimi giorni per candidarti e partecipare bando ClimateKIC Accelerator Italy. 🍀 Hai una startup o progetto d'impresa nel settore lowcarboneconomy? ClimateKICItaly può aiutarti a sviluppare la tua idea innovativa. ⏳ Scadenza: 15 aprile!,0
Retro+MVP+Presentation: Huge Work here! 💪LSC TUM EITMunich EITDigitalAcad MVP Design postit,1
Find the right innovation partners to grow your business w/ EITDigitalAccel SlushHQ 30 Nov startups slush16,1
[EIT] Head of Innovation Communities Unit (EIT/TA/2020/146) EITeu EUjob,1
"Get charged up! On Friday the four best solutions to the ""Parking for Power"" call posed by malmostad, Parkering Malmö and EON_SE_en as partners in the project SmartCitiesAcc in cooperation with EITeu ClimateKIC will be presented. More information ➡️",2
📢CALL FOR INDEPENDENTS EXPERTS👨‍💻👩‍💻: ClimateKIC is extending the window for applications until the 22nd of September 🗓. Please send us an initial expression of interest ✉️ to expertsclimate-kic.org and we will respond with an application package.,0
"The future in a climate smart society&amp;economy looks exciting,according to enterpreneurs at ClimateKIC's open innovation in copenhagen",0
ClimateKIC_UKI ClimateKIC Great idea Kirsten - I tried to validate it with AUT insurance managers who just meant that preventive cost wouldn’t be accepted in premium calculations by price-regulators who just respect past actual damage expenditure in new premium fixation which grants them recoupment anyhow,0
StartinSaclay Bon StartupKickOff! Plus que 4 jours pour rejoindre la preincubation greentech ClimateKIC,0
Un progetto finanziato da EITeu ClimateKIC studia l'impatto del clima sulla viticoltura,0
"Brainstorming experiments to create a sustainable, resilient City4.0 of the future. climatechange urbanplanning innovation ClimateKIC",0
Are you the next innovator?Apply for the biggest competition for startups from Central-Eastern Europe! 🏆65 000€ financial prizes from InnoEnergyEU 💵Additional financial prizes from our Partners 💡Business awards➡️mentoring &amp; access to awscloud,1
makingitmag UNIDO Climate_Action_ Regions20 ClimateHome ClimateKIC Fridays4future GretaThunberg JKSteinberger StephenLeahy GeorgeMonbiot Relevant content? IPIECA PlanUK WeMakeChangeNow Every1Mobile brac circulareconomy,0
The EUeic is rolling out a brand-new service: EIC EUeic SMEs get the chance to join forces with large corporates and come up with innovative solutions to challenges directly related to the EUGreenDeal ♻️,1
Sustainable agriculture enables us to meet humanity's food &amp; textile needs without compromising our 🌍's ability to meet the needs of future generations. ClimateJourney teams are learning about this climatesolution &amp; how to add to innovations. EITeu,0
"The role of technology in the fight against AirPollution was raised by Marcin Lewenstein, Innovation Officer at InnoEnergyCE during the panel discussion with representatives of FortumPolska, PGNiG, cleanairsol_usd, NFOSiGW, Wozny3, globalcompactPL during EECKatowice",2
"Don't miss! A hackathon tackling policy challenges for entrepreneurship at SEC2SV, by Dell cc EIT_Digital",-1
Join us at InnoEnergyCE PowerUp! tomorrow in Budapest! startup cleantech,2
"Students present some electrical items no longer being used that will be brought to the ' Free Household Electrical Waste Drop Off Day' here in Castletroy College tomw, Sat, 10am- 4pm. All welcome eminers stepup eitrawmaterials jctscience jctbusiness UL inspectorate",3
Check out ClimateKIC s daily Planet. Ideas to Action climatejourney16,0
"If you missed the Grand Final of PowerUp! 2020 powered by InnoEnergyCE, we are happy to inform you that two startups that participated in the PolandPrize powered by HubSHP and parpgovpl - Dynamic Air Cooling and Viezo - got awards there! Yes, we are proud of it 😉",2
"“I didn't just want to build beautiful houses, I wanted to get to the root of problems and find solutions.” ClimateKIC PhD-Label graduate Estefania Tapias about her motivation to create sustainable architecture. Read about her in this great article:",-1
J'ai voté pour Lumo Cc LumoFrance Cleantuesday FrenchTech ClimateKIC Pole_FIN_INNOV Silicon_Tile Fin_Part,-1
"Join the ""EU-China collaboration on a circulareconomy"" today in The Hague! Both economies rely heavily on resources. How can they turn things around? Organised by EITRawMaterials, LDE-CfS and CML.",-1
.ClimateKIC ClimateGroup DECCgovuk Only if we stop incinerating resources,-1
CorkClimathon ClimateKIC_UKI JohnSodeau PM10s rather!,-1
EU_EESC GretaThunberg PhilHoganEU EUAgri SustDev ConnectSDGs COPACOGECA 350 EUClimateAction ClimateKIC Ecolise EU_Social CaritasEuropa Nog in geen 1000 jaar,-1
"AndersVJensen Sustainia CKICNordic Emil_Grann malarse didahartvig Synd for Sustainia! De er heldige hos Climate KIC. Held og lykke med det nye job, Anders.",-1
That’ really a dreamteam oascities EIT_Digital EngineeringSpa SCEWC18 for cityenabler and open innovation for #(smart)cities,1
Be like Nebula X Medical RibasJC and turn your innovative idea into a budding business! Apply for EITJumpstarter 2019: EITHealth EITeu EIT_Food EITRawMaterials EIT EITHealthAlumni,1
"mgracacarvalho k4innovation epirocgroup TUBergakademie Europarl_EN EIT_Digital DSMeu EITManufactur KlossekAndreas Co-organised with k4innovation, our Breakfast Debate also presented a live feed from LKABgroup digitally governed &amp; remote-controlled🕹 operations in the world’s largest underground ironore mine in Kiruna🇸🇪. Thanks to all participants for this great event!👏 ConnectingMatters",1
"New Building Market Briefs for France, Germany, UK, Netherlands &amp; Switzerland from ClimateKIC - useful for those working on EPBD",-1
Last Thursday the Berlin branch of the ClimateKIC Accelerator hosted an event for startups to pitch their big ideas about sustainability and cleantech at the TOABerlin . Read more:,0
emigrant2019 GabrielMariya EUeic EUScienceInnov EU_H2020 JEPaquetEU bindik Carlos_Oliveira hermannhauser JeanDavidMALO1 ana_maiques emigrant2019 - Please read about funding opportunities and submit ideas,1
Thanks NeilMaiden EIT_Digital EITDigital2020 DigitalEurope,1
You guys were great! Spreading the EIT Digital message! WillemJonkerNL rsaracco EIT_Digital,1
Want to know the climateimpact of your food choices at rf18? Check out Carbon_Cloud's CarbonAte calculator on all 100 food stalls! One of the successful startups in the ClimateKIC accelerator - want to join? Apply by 15 August! Roskilde mikkeltrym,0
Karbono neutroa izango den gizarte baterantz trantsizio justua sustatzeko jardunaldietan gaude ClimateKIC|eko ordezkariekin eta Mariana Mazzucato (MazzucatoM) adituarekin batera ClimateKICMintegia DeepDemostration BerrikuntzaSoziala,0
"""Celebrating a touch of genius, the EITeu announces the 41 nominees for the EIT Awards 2018. All across Europe, excellence is accelerating, with women entrepreneurs making up more than 40% of the nominees."" |",1
Great Remote talk from AstraZeneca about Wearables into ClinicalTrials FULL ROOM ClinTrials ClinTrials365 fitbit humanitcare npastohe EITeu EIT_Health_es,1
Un lujo poder contar con la presencia de LidiaGullon de FGP_ETSIME en este magnífico taller de minerales de IGME1849 y EITeu. Ha sido todo un disfrute. Y muchas gracias a Mining_Barbara de ayma_mining por dárnoslo a conocer. ¡Repetiremos! Science 👨🏻‍🔬👩🏻‍🔬🥼🧪💎👨🏻‍🏫,3
"MarosSefcovic 1Hildegarde EamonRyan EU_Commission campaignforleo PhilHoganEU IrelandRepBru eurireland ZEKvSR euractivsk eaEnergyEU ClimateKIC rte IrishTimes Time for you people to wise up to wind and the harm it causes to humans, farm animals and pets. Recent research from Germany shows that infrasound from wind turbines interferes with underground seismic testing monitors. A 20km set-back is reqd for monitors",-1
Ze Zook talk about Corporate Entrepreneurship related to health &amp; wealth at EITDigitalAcad summewchool london,1
"SCEWC19 is over! Great time for smartcity building process: companies, administrations, academics ready to share ideas for a new smart world with new powerful smart communities. Thanks to EITDigitalAccel to support us and our vision on smarobility. tnet4iot goes on!",1
Europa steunt jonge Belgische start-ups EITeu Barco KULeuvenAlumni ugent imec_int,-1
"Land use - pandore box, changing mindset ClimateJourney18 with lego serious play ClimateKIC",0
Great to participate in the AI roundtable conversation with jyrkikatainen VP of the European Commission. Thanks to EITeu for welcoming IBM,1
"Live from InnoSpaceJourney2018 in bologna: workshop on how to effectively communicate data to provide relevant, accurate and meaningful information. Can't wait for the handson session ClimateKIC scicomm",0
🔴📣El EUeic Accelerator Pilot - GREEN subvenciona proyectos individuales de Innovación y Desarrollo para fomentar que empresas pequeñas y medianas lleguen a convertirse en líderes de nuevos mercados. Plazo: 19 de mayo ➡️ LosParquesAportan,1
COP21 COP24 IEA wef ClimateKIC solarfound SEIresearch TheNextSystem Grenergys UpcycledUpdate AtmosphericFund CommFdnsCanada IESO_Tweets LSF_LST Metrolinx nonprofitorgs CircularEcology ELSECanada CoPowerInc EcoWorldFacts Delphi_Group BCorporation,-1
Laurène Lebelt from ClimateKIC France presenting on nature based solution for cities,0
De genomineerden prijsuitreiking Duurzame Dinsdag zijn bekend! Met een aantal climatekic startups in de lijst! Gefeliciteerd! via DuurzOndern ClimateKIC,0
We are very proud to be part of EITManufactur ¡ Innovation EUInnovation EITCommunity H2020 HappyMonday 😉!,1
"miapetrakumpula VilleNiinisto silviamodig HennaVirkkunen EITeu Erittäin hyvä. Erityisesti tapahtumien, teatterin ja livemusan hauraus on tullut esiin: sulut voivat toistua aaltoina, ja vaarana digissä on angloamerikkalaisen suurtuotannon jalkoihin jääminen, indietoimijoiden ja paikallisen tuotanto-osaamisen näivettyminen.",1
Boosting EUinnovation: pleased to present new strategy for EITeu 2021-2027 that will help strengthen its regional impact &amp; enable it to support innovation capacity of 750 highered institutions. More info: HorizonEU InnovationMadeInEurope,1
.Get_Apprl raised €1.25M for Shoppable Content Solution for digital magazines &amp; style influencers EITDigitalAccel,1
"Last call: Apply for the EITUrbanMob Accelerator programme! We are looking for innovative startups with game-changing ideas in the mobility sector! Apply for the 6-month programme with € 15,000 in equity-free funding until 31 May 2020 on ➡️",1
This week’s ten biggest climate innovation stories -via ClimateKIC innovation for ClimateAction Kommuninvest MayorsInAction AndersWijkman miljotweets MistraUrbanFut miljotweets Miljodep GDenergi MarkWatts40 usmayors ICLEI_advocacy,-1
Thank you yfood_ + ClimateKIC for shortlisting us! We're honoured to be considered alongside four great businesses 🙌 YFoodImpact17,0
Proud to be onboard! Many thanks AtosES EIT_Digital EFLY,1
"StartupWiseGuys cristobalalonso CampusMadrid EITeu Microsoft Es EIT_Digital, EITeu es nuestra agencia madre ;) Hasta mañana",1
jesusbenedicto AtosES AriMarcomm presenting the MIDIH_EU open platform at M18 review meeting EIT_Digital,1
EIT_Digital enjoying Finnish Heavy Metal at AaltoUniversity Industrial Internet Campus MarttiM WillemJonkerNL,1
In preparation for COP24 we were delighted to discuss justtransition and circulareconomy for mining towns with CEO of EITRawMaterials k_hanghoj SnrAdvisorEITRM and imperialcollege JanJCilliers Join us COP24 PCCB Capacity-Building Hub 10.12.2018 10am,-1
"David Puente, Gloval Head of Client Solutions manifests how bbva has been transforming digitally in terms of services or innovative fast-growth business we work with. 💬'We can't transform for our own. The value of sessions like this cannot be underestimated.' 📍EUeic EUeic",1
Today is THE day! Today is the hackathon with our partners UltrahackHQ DataconNL DUODEKA_ EIT_Digital,-1
Good news for Scotland’s thriving low carbon business sector &gt; ClimateKIC EdCentreCC is back on the hunt for climate innovation startups. Apply by 24 Jan.,0
The David Phillips Daily is out! Stories via MadameRamotswe sherijr ClimateKIC,0
Meet InnoEnergyEU at Intersolar 2017! We'll be showcasing 7 companies which will present their innovations.,2
Video representing our concept for EOS - check ! EITDigitalAcad futurice summerschool Munich leanservicecreation,1
"Would we like a jumpseat in a Formula1 car? You bet we would! IEEE_SAS Chair, Roberto Saracco of EIT_Digital, says that thanks to VR, we can take the ride of our lives: VirtualReality sports digitalreality",1
liikenneproffa InnoEnergyEU konffassa Köpiksessä 2018 moni asiantuntija piti kaasuautoja turhana välivaiheena. Akkuja vaan kehittelemään ja aurinkopaneelipintoja suunnittelemaan.,1
SDA and IoT platform Roomaid shows how to automate and improve hotel guest services ideachallenge EIT_Digital,1
"We want you to tell your climatejourney18 story! ClimateKIC Label and Journey Alumnus, 🇳🇱 CLP17 finalist, Climathon participant, now CKICNordic intern and 🇩🇰 clp18 organizer shares the call to action 🗣",0
Conoce las 12 convocatorias abiertas eoi EmprendeGastro Ship2B via_galicia Cuatrecasas Inn_Somnia InnoEnergyEU openfuture_cor BFA_Auto para startups y emprendedores en España vía ElReferente,1
Join the EITcommunity and turn your ideas into innovative startups products jobs! Find out how to get involved:,1
EITDigitalAcad EIT_Digital Thomas!! He's a pro! Good times at EITDigitalAcad Blockchain Summer School rocking ethereum,1
"Victor Trapp, Fraunhofer ISC - EITRawMaterials partner, presents ECO COM’BAT project to introduce new battery materials @ EMIRI TechTalk",2
.EITeu European Institute of Innovation and Technology is in my...,1
"This launch, hosted by lucysiegle, of jonathonporritt’s latest book HopeinHell is well worth watching. cisl_cambridge 2050ClimateGrp ClimateReality ClimaReadyClyde climatecouncil ClimateGroup bankers4climate ScotlandClimate ClimateKIC",0
InnoEnergyEU Make a gamechanging impact InnoEnergyEU 😉😎 TheGCIndex Ketan_Makwana,2
El mayor evento de innovación en cambioclimatico del mundo Climathon by ClimateKIC En España varias ciudades,0
Great to see marco_h2020 and EUMACS_H2020 featured in this EC report showcasing climate research and innovation initiatives that support informed decision-making and climate-proof solutions. ClimateKIC ClimateKIC_Fr,0
"”The heat is on and it’s up to us to start doing things”, a valid background for sollazophoniasd work at ClimateKIC which I’m super excited to hear more about here at SitraFund Heräämö right now! (zoom available!)",0
RT EITeu: 1️⃣ Blockchain in the Energy Sector 2️⃣ BigData in Health 3️⃣ Impact of ClimateChange on PublicHealth Register now for the new MOOCs from the EIT Innovation Communities 👉 EIThealt…,-1
"""When it comes to the climate crisis, we are rapidly approaching a tipping point."" [...] but ""when it comes to social change, the impossible can become possible."" 🌍 Read on in this opinion piece by EITeu ClimateKIC's Michelle Zucker ⬇️",0
Al via nuovo programma di accelerazione InnoEnergyEU per startup del settore dell'energia: 3 mesi Skellefteakraft in Svezia 👉 Newsletter super questa settimana: tante opportunità di finanziamento per ricerca innovazione da,0
"Info for startup acceleration program in Armenia (forward YouTube video to minute 1); closing on May 31, 2020 EU_Armenia, EU4BTechArmenia, EUeic, BabayanMar, viva_mts, innovation, techstartups, acceleration AUAtweets, Richard_RSC, EU4BTourismArm",1
Meet the new InnoEnergyEU Masters in Energy Storage taught at istecnico among other renowned European universities! Appy now!,2
EITManufactur at the European Commission stand during EU Industry Days 2019.,1
Interested in taking part in the DigiEduHack? Find out more about education in the digital age. Led by the ClimateKIC and coordinated by AaltoUniversity ... Let’s hack the future of education together!,-1
"[EUtech HealthTech] EITDigitalAccel scaleup QuantificareSA, a leading provider of 3D imaging cameras and algorithms for plastic surgeons, dermatologists and aestheticians, raised an A-round of €5m | via EIT_Digital",1
Torna el Climathon a LasNaves Els 26 i 27 d'octubre estarem 24 hores non stop treballant en idees per combatre el mosquit tigre. Apunta't ací: ClimateKIC ClimateKICspain IDEASUPV AjuntamentVLC vlcclimaenergia,0
2:00 pm Rai 3 edition…a TV service on journey2015 ClimateKIC ASTER_ER,0
EITDigitalAccel futurecitiescat Changify e_strawberry JoyrideCity airpublic nquiringminds - innovation time!,1
Demo de EFLY de AnaMoralesPerez en AIinMotion AtosES GoogleCloud_ES PervTech EIT_Digital AtosSC AtosResearchandInnovation YourExpert,1
10 days to go... InnovationCenters Scaleup orgs -- EIT_Digital is seeking collaboration in AriseEurope countries. Apply &amp; get connected!,1
KezSull LilyDAmbrosioMP ClimateKIC EUC_UoM unimelb RMIT MonashUni See you all in a week time climatejourney17,0
Our chairman raul0aragones had the opportunity to present our technology at bind40. Excellent environment and perfect organization industry40 EnergyHarvesting LIFEprogramme BStartup InnoEnergyEU FundacionRepsol Orbital40 PRUAB clusterEE,-1
"📢 ¡¡Ampliación fecha límite a 20 de marzo!! startups pymes con tecnologías e innovaciones en tratamiento sanitario, pruebas, monitorización y demás aspectos relacionados con COVID19. EIC Acelerador EU_H2020 EUeic",1
Last call! CityFinanceLab webinar is today. ClimateKIC,0
EITAlumni EITHealth EITAlumni EITHealth EITWomen,1
AccelerateCam Pls RT: Submit ur startup at to win €40k IoT eHealth smartcity smartenergy cloud EIT_Digital,1
"Members of ClimateKIC from all over Europe came in yesterday to see what the fuss is about. They got a tour of the workplace and talked to sustainablevdp leadership about the creation of the space, as well as talks from power_vault and Airex to get the startup perspective.",0
Hurry up! Apply by July 31 &amp; scale up your business EITDigitalChallenge EITDigitalAccel,1
"The penultimate week of climatejourney18 was spent learning the art of storytelling with guidooohh and JavierPagan, read more about it here @ClimateKICspain ClimateKIC EITeu",0
smashplatform ClimateKIC bigdata and SUMP,-1
Comparing rapid prototyping sketches climathon resilientvejle ckicnordic,1
Leadership challenge in front of cop25 in Chile GretaThunberg wwfsweden_youth LondonYouth ClimateKIC CarinaWWF Barnombudsman ClimateAction Momentum_UNFCCC YoungMindsUK ContChange LeadershipMatters,0
"The Biolaakso Biovalley_Finland will be among the examples of our work we will present, related to circulareconomy many thanks kaipjo for sharing this info with us EnablingProject, ClimateKIC, DesiraH2020",0
cleantechgroup The companies: Bestmile envelio weareKONUX Lilium metronlab OrganicaWater skel_tech tado TIPACorp VulogTech Ynsect supported by the EIT Community: EIT_Digital EIT_Food InnoEnergyEU ClimateKIC,0
Alzheimer - EIT_Digital innovation activity KiElements showcases it’s first prototype : DELTA: health,1
"Interesante iniciativa la del proyecto europeo PortsLoop que, financiado por EITeu ClimateKIC y coordinado por FValenciaport, persigue crear una Red de EconomíaCircular en Puertos de la UE para facilitar el intercambio de buenas prácticas e impulsar oportunidades de negocio",0
Clean Growth Strategy | DTZ Investors (Real Estate) | IPE Reference Hub CKICNordic AndersWijkman Kommuninvest CDP southpoleglobal Kerrclimate Vasakronan AnnaDenell,0
We want to create an OpenSource resource for CircularEconomy in cities. Come join the community if you have experiences to share or if your city wants to learn! climateaction Thanks Asa_Hell of malmostadand ClimateKIC’s Peter Vangsbo for the presentation to NordicPartners,0
"New climate change minister RichardbrutonTD to lead in drawing up of ""whole of government plan"" on climate action....with backing of campaignforleo. 🌪️🌨️🌤️⛈️ climateKIC KOSullivanIT IrishTimes",-1
Kicking off the semi-finales of the Climate Impact battle at slush18 CKIC cleantech ClimateKIC,-1
"We're upending Fresh Produce industry by empowering world's growers, wholesalers, and retailers to make decisions based on high-quality DATA. Just announced a $6mm seed round to enable us do that; fortunate to have the backing of Firstime VC &amp; EUeic",1
digitalumni The best. :D Girapp vote,1
"Maximiliano Klemen, EIT_Digital Doctoral School student is doing research IMDEA_Software under supervision of La_UPM about static program analysis and verification of non-functional global properties. Listen live meetup DigitalInfrastructure Madrid",1
.EITRawMaterials's proud to be at the new building opening of Helmholtz Institute Freiberg for Resource Technology!,3
How can carbonfootprint of local cattle industry be lowered? ClimateKIC gavchik77,-1
Preparing the presentation in the middle of the night. Impressive. ClimateKIC climathon,0
"Tonight, EITeu is launching their satellite office in Scotland. Curious to learn more about their programmes to encourage and fund digital innovation and education. EITDigitalScotland FinTechScotland EdinInnovations ScotlandIsNow innovation",1
"Pre-event of EIT Urban Mobility is kicking off. With the CEO Marian Tsavachidis moderating the high level dialogue ""Cities leading the paradigm shift in urban mobility"" with Ada Colau, Mayor of Barcelona and Giuseppe Sala, Mayor of Milan InaugurationEITUM SCEWC19 EITeu",1
At ckicnordic we have had the pleasure of co-hosting events with the beacons of greenfinance Kommuninvest GoteborgStad ClimateKICLoCaL,0
How technology enhances moments of happiness: Discover Active Cues’ touching healthcare campaign via EIT_Digital:,1
Saturday morning with Europe's brightest change agents Birmingham .ClimateKIC CKAAGA2015,0
Join in the Short Course on Capacity building in the field of climate change adaptation ClimateKIC,0
UrbanElectricNetworks is an EITeu ClimateKIC-supported start-up that made an electric vehicle charging infrastructure that minimises the impact on the urban environment. Meet them at SlushHQ! Slush18 MissionFinance,0
"Kirsten Dunlop from ClimateKIC reminds the GSTIC audience that tech4good solutions already exist, tremendous need continues for enabling policy, regulatory and financial support.",0
Nenufar fits technology to existing manure pits to collect methane! BestClimateVenture IF2015 ClimateKIC,0
Early morning chair pose en route to Lund and Malmö! climatejourney17 CKICNordic,-1
A chemical startup needs a strategic resource such as a laboratory. A rare resource. ClimateJourney18 Journey8 ClimateKIC TU_Muenchen ClimateKIC_DE,0
Join BusinessFinland CTScandinavia CLEANcluster BusinessFinland InnovasjonNorge tillvaxtverket and us for the SustainableUrbanSolutions conference during the NCEW2018 in Copenhagen in May! SUSnordic EITeu stateofgreendk nordensk nordenen,-1
We are proud to have 2 contestants from CKICNordic - check out Annemette Hindhede Jensen of SiOx &amp; York Ostermeyer of chalmersnyheter!,0
InnoEnergyBN ENGIEInnov InnoEnergyEU ENGIEgroup GCIC InnoEnergyEU sietske_jacobs EUW_live 👏🏼,2
Congrats to these ClimateKIC supported climate positive startups,0
opportunety to discuss collaboratotion and synergy other EU health initiatives WillemJonkerNL EITHealth EIT_Digital AAL EIP_AHA,1
"""Less agenda, more adventure"" - feels like it should be a life motto! Great thinking from our alumni ClimateKIC cKIC_Alumni",0
"""Deep decarbonisation requires deep electrification. The EU power sector can become CO2 neutral by 2045 to enable successful transformation of EU economy towards carbon neutrality"" Henning Haeder at eurelectric - InnoEnergyEU side event at COP24 in Katowice. itsElectric",-1
Inauguration of an activity-based office for our CKICNordic partner Trivector_,0
"EdnaAyme DigitAlumni Pleased to hear that, good luck with your next chapter!!!",1
Curbing carbon: cities &amp; climate finance get connected with LoCaL LPAA ClimateKIC,0
Sensoraide in action ClimateKIC ClimateLaunch Greece,-1
THANKS COACHES! &gt;tbt climatejourney17 gj8 : &gt;5 weeks at ClimateKIC_Fr ClimateKIC_UKI &amp; Riga &gt; SustainableBusinesses ClimateKIC,0
"IndiNatureCo WeAreHeehaw ScotlandBuild CircularGlasgow ZeroWasteScot scotent EdCentreCC ClimateKIC ScottishEDGE Great work, looks amazing 👍",0
"Oportunidad muy interesante de ClimateKIC y ClimateKICspain Por cierto, kramirezramos , Copernicus Programme Coordinator en ClimateKIC, será ponente y miembro del jurado en el copernicushackathonmalaga donde nos contará sobre innovación climática y el papel de CopernicusEU.",0
".AngeloRiccaboni Cooperazione, innovazione e ricerca per promuovere la transizione ambientale, sociale ed economica in linea con gli Obiettivi di Agenda2030, gndforeurope e Strategia FarmtoFork arigiulio FAO worldfarmersorg UfMSecretariat EITFood",0
ClimateKIC The work you're doing is critical! Happy to spread the word ClimateKIC,0
OxfordAHSN Tracey Marriott EITeu looking at STPs,1
Dont miss glennebilby presenting qinematic at 1045 Oct31. EITDigitalAccel GFHEU EIT_Digital,1
Today wrap up sessions LaPinadaEurope in Paterna. Local and European experts working together creating our SmartSustainableDistrict ClimateKIC,0
"Today; Open Innovation Day at Burgården, Gothenburg sustainability openinnogot ckicnordic JohannebergSP",0
".EITeu ClimateKIC’s KirstenCKIC delivered a speech on the org's Transformation, In Time strategy at the COP25 COP25CL Madrid City Side Event. Learn how Climate-KIC is helping Madrid meet its climateaction ambitions through innovative systems change",0
"Oggi a TelAviv per parlare di innovazione e nuove imprese. AceaGruppo partecipa al SEC2IL, il summit organizzato da MindTheBridge in collaborazione con EITeu per sostenere la crescita delle startup in un percorso di openinnovation",0
"4 ClimateKIC start-ups in this years' Danish Tech Challenge: HeliacSolar, Aqubiq, SiOX and Suntherm. Best of luck!",0
"Some cars take more lines of code than airplanes, IEEEsmartcities expert rsaracco of EIT_Digital explains:",-1
We started a new initiative with ClimateKIC and Wirtschaftsagentur Wien - Vienna Business Agency called ClimateHub to form a network around climatesolutions. Join the KickOff + Workshop - 13 Jan 2020 at Wirtschaftsagentur Wien.,-1
"Excellent end to ClimateKIC Executive Education ""Sustainable Cities"" course: Thanks EbrahimKIC for making happen",0
Last pitch from the young ones at Climathon Torino Rewarding &amp; gamification the tricks to push sustainab.mobility ClimateKIC EbrahimKIC,0
We're click-bait in the Scotsman! Article on why our hemp buildings are healthier &amp; warmer and save money. And super eco. Grown and made in Scotland. ZeroWasteScot ClimateKIC EdCentreCC CScotIC ScottishEDGE VIBES_Awards Climate CircularEconomy,-1
ClimateStrike Berlin. AlleFuersKlima Eiteu ClimateKIC colleagues are out in solidarity with the student strikers! Fridays4Future Fridays4future,0
One of our ClimateLaunch alumni and current ClimateKIC accelerator startup is also working on meatless alternatives from Cyprus. Apply at and get the opportunity to see your idea becoming a reality. dwbronner,0
"“Mining activity in Europe has decreased not because we ran out of raw materials, but because we (Europeans) decided to get them from somewhere else” Karen Hanghøj, CEO of EITRawMaterials at EUMICON Europe mines less RawMaterials but consumes more, increasing its dependency",3
Great training. Very pleased to have been part of it. NetworkofCoaches ClimateKIC,0
Woaaaaa .... welcome to deepfake gan generative adversarial network dystopia sommetsdigital SOMDIG19 — deeptech counterintelligence needed EITDigitalAccel,1
Calling all digital startups! Learn how to master sales and intl expansion at EIT_Digital's LDNTechWeek event:,1
Looking forward to joining &amp; cheering for the 2 CKICNordic EITAwards nominees - spinouts from DTUtweet &amp; chalmersnyheter,1
Great project Solarcontainer at Innoveit EITeu GoAfrica Socent cleanenergy ClimateKIC CoolarTech,2
So many new cleantech startups at the ClimateKIC accelerator meeting in Berlin! We're looking forward to their climateaction success! ClimateActionNow euref greengarage,0
'How about next time there are 50% of women on the panel?' Much agree with suggestion by ingridreumert dear ClimateKIC - about time!,0
Getting 12 green Lithuanian ideas ready for ClimateLaunch with ClimateKIC &amp; Sunrisevalley. ClimateAction,-1
Our OriginalRePack winner of EITeu Venture Competition 2015 Nordic Finals. A big congrats to the team! Feeling proud! nowaste helyes,0
.EITeu eitaward winners in the news LEDsafari ripaaske innovation,1
"ONLY TWO DAYS LEFT TO APPLY &gt; Get £ &amp; support through ClimateKIC Accelerator - the programme that helped 17 start-ups scoop 14 awards, &gt;£400k investment and save the equivalent of more than 260k tonnes of carbon in a year. Apply by THURSDAY 10 May!",0
"Opportunity for deeptech scaleups to win €750,000, including comprehensive international growth support! Apply here: digitaltwisters EIT_Digital SoonfeedEU EUSServices StartUpRealTime",1
"Innovating against climatechange? ClimateKIC Accelerator: €95k, coaching + NoEquity . Startups apply before 25.01.18:",0
"DorotaKilaska s_iwanczak SylwiaWadrzyk RzeczPacjenta GIS_gov KIDL_Diagnosci NFZ_Centrala PsseRypin olkurowska KarolinaEKowal1 w ramach programu 👩‍⚕️👨‍⚕️ CRISH, Co-Creating Innovative Solutions in Healthcare na umedlodz razem z pacjent ami przetestujemy czy warto.. a wierze że warto - czerpać z ich doświadczeń 👴👨‍🏫👵👨‍⚕️ healthinnostars EITeu EITHealth",1
Nice pic from recent EITeu EITRawMaterials project EMENTOR kick off meeting in Bilbao. LaunchPad_TCD helping raw materials stratups,3
"Enjoyed very much the joined interview with pekka_finland by TeroLehto from tekniikkatalous on AI, data, platforms in Finland and EU. EIT_Digital",1
Die ClimateKIC Alumni von ecoligo arbeiten zusammen mit SMAsolar an Photovoltaik-Projekten in Ghana. Ein erstes Projekt wurde bereits im Juni im Rahmen eines Programms der Deutschen Energie-Agentur umgesetzt. solar crowdinvestment dena_news,0
I am proud of the results of our AriseEurope activities in Poland. EIT_Digital,1
Telefonica Next analysing motion flows-and emissions-through network data to calculate real transport emissions ClimateKIC hackingclimate,-1
"On Friday, we hosted a participatory seminar with RCClimate &amp; ClimateKIC on romankrznaric's new book, ""The Good Ancestor: How to Think Long Term in a Short-Term World,"" featuring original cartoons from collectcartoons. If you missed it, watch it here:",0
Beim Speed-Dating in Berlin suchen wir Lösungen für eine bessere Luftqualität in Büroräumen Veolia Climathon GlobalClimathon ClimateKIC,0
👩🏼‍💻👨🏽‍💻Parte de Europeos_CSIC asisten al curso del EITRawMaterials: Excellent Tech Transfer Office 📍 Berlín,3
good news energyefficiency MIT techreview ClimateKIC castellscarmen,-1
Tra poco i 15 team vincitori dei Climathon italiani presenteranno i loro progetti ♻️ GlobalClimathon ClimateKIC tuttogreenLST Ecomondo,0
"📱⌚️Cada día surgen proyectos y plataformas en el ámbito europeo que innovan en cuanto al CambioClimatico 🌤️, el medioambiente🍃y la sostenibilidad 🌍 ClimateKIC",0
EUeic EUeic,1
Attending keynote before a panel discussion at MissionFinance ClimateKIC seminar on innovative climate seminar. Thank you smartcleanfoundation,0
soapboxcoms latest website design for ClimateKIC Climathon,0
"Chiuso a dic 2018, il progetto city_welcom promosso da EITeu ci ha dato l’opportunità di importanti collaborazioni OlivettiOnline e TIMnewsroom, polimi, FBKcom e tudelft | fluxedo_ Chainels | SmartCity BigDataAnalytics",1
brilliant public private partnerships coming from DC Climathon to provide fresh food across the city SustainableGW ClimateKIC SustainDC,0
🚎🚥🏙️El European Institute of Innovation and Technology (EITeu) acaba de designar el consorci MOBILus liderat per Barcelona per desenvolupar la comunitat d'innovació (KIC) centrada en la mobilitat urbana. La seugeneral del nou KIC europeu estarà en bcn_ajuntament.,1
How hydrogen can meet EU climate goals ClimateKIC Hydrogenligaen hybrit_project steelwarriorsuk eaEnergyEU BarrySheerman KirstenCKIC miljotweet Ygeman LeadershipMatters,-1
Less than a week to go before INNOVEIT and the EITAwards 2018! 😲🤗 Everything you need to know ➡ EITCommunity EITAwards EITHealth InnoEnergyEU ClimateKIC EITRawmaterials EIT_Food EIT_Digital,1
Celebrating great ideas with CKICNordic here at AaltoUniversity NordicIdeation,0
This Wednesday - join our event at the Royal Society with ClimateKIC_UKI. Final spaces available:,0
DigitalGrid at work eliacorporate great to see new flexibility EVintegration best practises spreading within our TSO community to smoothen fast EV deployments on Grids Sectorcoupling BNI_ENTSOE ENTSO_E InnoEnergyEU Energy4Europe csikow ssubiron gazzema,2
“We are leveraging early experiments to scale up circular solutions” - ClimateKIC’s Sean Lockie presents our new CKICLOOP project on circulareconomy: climatechange,0
"MarkRuffalo LeoDiCaprio we have the technology now let's focus on removing the barriers to adoption, access, scaling, etc climatekic",0
Engaging panel with automotive and tech leaders to highlight shared visions for the Circular Car Initiative--integrating circulareconomy into the design of EVs &amp; autonomous cars to reach the 1.5°C scenarios by 2030. MPB_WBCSD wbcsd ClimateKIC wefclimate MissionPossible,-1
Group work in sunny Gothenburg phdss16 planning tomorrow's sessions.ckicnordic TheChallengeLab JohannebergSP,0
Beyond the datascience &amp; bigdata hype. Shape your data driven company with blendedlearning from EIT_Digital,1
"Yesterday franzbona, our outgoing President, and jeroenvlent, our President Elect, successfully showcased the continuous growth of our community to EIT_Digital CEO &amp; CEdO, presented the Financial &amp; WorkPlan 2020 &amp; secured requested funding for upcoming year! 👏 Great job!",1
.poulpita EIT_Digital Inspiring to meet with a world leader that started as a spin-off... Unicorn is not a legend ;-),1
[VÍDEO] AutPortValencia y ClimateKIC inauguran el SuperLabPorts,0
A study by EITeu ClimateKIC partner academic institutions enables learning between coal regions &amp; suggests socio-economic factors such as digital development &amp; education may play a critical role in decreasing emissions &amp; supporting justtransition.,0
"Ενδιαφέρουσα συζήτηση με PrimeministerGR για βασικά ζητήματα ευρωπαϊκής πολιτικής. Ανάγκη να εξασφαλιστεί φιλόδοξος προϋπολογισμός για EU_H2020 &amp; EUErasmusPlus, για μέτρα για coronavirus, ρόλο πανεπιστημίων, EUeic, EITeu, πολιτιστική κληρονομιά &amp; ψηφιοποίηση GabrielMariya",1
🔵🇪🇺The WP of the EUeic has been published. There you'll find updates about relevant topics as the FET (Future and Emerging Technologies)/ EIC Pathfinder initiative or better alignments with the EU_Commission priorities like the GreenDeal +INFO➡️,1
PowerLedger_io ClimateKIC MeaganCojocar Great work by two of the best and brightest.,0
Wittkamper says: EITDigitalAcad can help any scaleup in Europe with acces to talents,1
"InvestEU ⏩ spaceit19 🚀 The future InvestEU Programme for 2021-2027 period aims to give an additional boost to investment, innovation and job creation in Europe, triggering at least €650 bilion 💰 in additional investment 👇🏻 Stéphane Ouaki EU_Commission EUeic",1
"LIFEprogramme EUClimateAction Green_Europe e3g ClimateKIC eumayors UNEP_Europe CANEurope TimMcPhieEU EU_ENV UNFCCC Transport_EU LIFEprogramme results from LIFE projects Agricarbon, Climagri and Agromitiga demonstrate that ConservationAgriculture is the best option!",-1
Jb LivingLab_in_EUWatcher is out! Stories via NCP_Brussels CompeteCreative ClimateKIC,0
L'EIT respon a la crisi del coronavirus mobilitzant 60 milions d'euros per ajudar les pimes innovadores FonsUECat EITeu,1
"May ideas flourish to welcome spring 🌸 2 intense days to work on systemic innovation for climatechange with EITris ClimateKIC Partner&amp;Hub days in Sofia, hosted by CleantechBG 🙌 Share mission, support each other, create impact.The power of the community 💚 21March",0
"""Part marche mondiale europe dans agroalimentaire passee de 25 a 21 pour cent"" Martin Kern EITeu lance eitFood EITcommunity startup",1
Today concludes the Stage 2 EITeu ClimateKIC RIS Accelerator Programme Workshop. Our teams have worked hard on their business models and are ready to get out of the building and test their hypotheses! A big thank you to our sponsors PwC_Cy_Press and BSM_shipping .,0
"A difficult birth, a hopeful future : GuardianEdu EconBizFin timeshighered ERA_for_2014 ERC_Research EITeu",1
"ClimateKIC Aster_ER adaptive innovation: change numbers, change boundaries, change people! Bologna",0
EIT Health Awards €40K Each to 16 Uk and Irish Start-ups. EITeu Article by Irish_TechNews . business europe startup startups innovation tech,1
DJ time at DigiEduHack AaltoUniversity ClimateKIC EITeu new energy!!!,-1
Nordic leaders on policies and actions to be Climate Neutral or Fossil Free 2025-2050 COP22 ClimateKIC CKCIS2016,0
"HorizonEU budget: janpalmowski, Secretary-General of The guildeu, urges that there is need to capture the enthusiasm of heads of state for R&amp;D as much as there was for the EuropeanUniversities Initiative. Read his views ResearchEurope ⤵️ EITeu EU_H2020 GabrielMariya",1
BaniAnvari EITUrbanMob CTS_UCL Excellent news!! Well done 👏,1
Cascade Drives innovation kan ersätta all världens hydraulik sägs det på dienergidagen - Spännande potential! Almedalen almedalen2018 innovation klimat InnoEnergy_S InnoEnergyEU,-1
.H2020SME meets ClimateKIC for synergies &amp; cooperation of our businesses SMEs Startups danzim13 AStasiakowska,0
Put the heat on Trump and not on the Climate! ClimateSusanne ckicnordic c40cities CDP greenfinance2017 wef,0
"We're upending Fresh Produce industry by empowering world's growers, wholesalers, and retailers to make decisions based on high-quality DATA. Just announced a $6mm seed round to enable us do that; fortunate to have the backing of Firstime VC &amp; EUeic",1
"Svenska företag inom miljöteknik håller sig väl framme i ett europeiskt perspektiv med stark innovationskraft, säger Kenneth Johansson, vd för InnoEnergy_S. Nu söker InnoEnergyEU nya företag för sin investeringsrunda i höst. InvestmentRound",-1
EUClimateAction SolarPowerEU SolarWalburga Energy4Europe EUScienceInnov H2020EE EESC_TEN EU_ScienceHub EU_ecoinno EUeic Wé can ALSO do it by nuclear,-1
CLP17 You can change the environment. Be the innovator. UNEP climatekic SustainAfri ClimateLaunch,0
Need support with internationalization or AccessToFinance? Check EIT_Digital AriseEurope OpenHours,1
"A Bizottság, az EITeu és a EU_CEPOL dolgozói gyűjtést szerveztek a László kórház alapítványa és a hátrányos helyzetű gyerekek oktatását segítő Van Helyed Alapítvány számára, amelyek a járvány, illetve a járvány szociális következményei elleni védekezés frontvonalában dolgoznak.",1
ucaquaponics GlobalClimathon EdCentreCC ClimateKIC_UKI Congrats to WiSEE original! JasKub changeagentsuk,0
Nice way to share your knowledge in circular economy; support pilots and share what you learn. Make things better together ClimateKIC MC,0
"Firing up 5G EIT_Digital director of research Fabio Pianesi, introduces SoftFIRE",1
"RT ClimateKIC ""Will the EU join MissionInnovation? MarosSefcovic &amp; Moedas hope so"" Cefic hopes so too!",0
My first job was working with Andrew and Beth to support entrepreneurs with big climate ideas ClimateKIC_UKI. Learnt a whole lot and it's brilliant to see the programme going from strength to strength.,0
Gli eventi digitali di oggi mercoledì 23 maggio: csipiemonte tlbxcoworking bigiot digital3ai_info CSPinnovazione EIT_Digital SDrinkAboutRome hubroma wearenois3 FintechDistrict InnoVitamins EnLabs openmilano cripozzi81 smartworkingsrl,1
"🎅 came early. &gt;1M funding from EIT_Digital to build personalized MachineLearning models for tackling childhood obesity. More than excited to work w/EatingLab professorjansen Garage2020, Degetel, Achmea!",1
"Coming up: EITRawMaterials PhD Summer School in CircularEconomy, August 28 – September 1, 2017",3
Interested in blockchain? 🤓 Around Paris on April 13? Join “Blockchain Innovation for Green business” - organized together with cKIC_Alumni 🔝 Our Alumnus Sandip will also be one of the speakers! Register and find all the information here 👉,-1
Climathon isn't over yet! Zurich is still hacking for a couple of hours! ClimateAction ClimateKIC,-1
.IEEEsmartcities expert rsaracco of EIT_Digital discusses advances in plastic electronics:,-1
Niels Fibæk-Jensen of ClimateKIC supported penstable named one of 30 under 30 in GreenBiz GreenBiz wbcsd CBScph sustainable fintech,-1
An interactive workshop on data-driven innovation will be held tomorrow at the smart and sustainable cities conference. The workshop is organized by Open &amp; Agile Smart Cities oascities with support from EIT_Digital cityenabler EngineeringSpa and DunavNET,1
Lots of climate-smart innovation on show in Milan today at ClimateKIC's CKCIS17,0
"Last thought on InnovEIT for EITeu, for now-well organised and smooth, but would have like to see more start ups on Innovator tour.",1
"""I see a clear shift of attention from startups' incubation to scaling up"", WillemJonkerNL EIT_Digital SEC2SV",1
Kick-off meeting for xKIC SmartTeacher project at StrachegCentreForEnterpreneurship EITHealth EITRawMaterials umedlodz iesebs lulea,-1
Soooo proud and excited to announce we are one of the finalists of the EIT_Digital Challenge 2019! We'll pitch our solution together with the other 4 companies selected in the Digital cities track TOP5 in Brussels on November 6! All details here:,1
Our EIT_Digital CEO WillemJonkerNL announced Strategic Innovation Agenda 2017-19 at EU_Commission. More below:,1
".EITeu ClimateKIC is using innovation as a means of extreme experimentation to generate options—new political, social &amp; financial models for a healthy, zero-carbon future. Sign up to our climate innovation newsletter to learn more about what we do:",0
Sfridoo a Ecomondo dal 7 al 10 Novembre.Scopri tutto sull'economiacircolare.Siamo al Pad. D4010 Area ClimateKIC. ambiente sostenibilità,0
Our Interim CEO Ian Short opening CKCIS2016 ClimateKIC innovation climatechange COP22,0
"One week to go till the ultimate innovationday18 in Budapest presented by EIT_Digital! On stage, among others, tungsram_group CEO Joerg_Bauer_, urban traffic expert vitdavid, and bakermckenzie lawyer Ádám Liber. Register here:",1
"Ending an amazing 2018 with a workshop to prepare educational activities in circulareconomy in SouthEastEurope with ClimateKIC Hubs from Serbia, Malta, Croatia and Bulgaria in a chill &amp;fascinating Belgrade, hosted by Serbian Chamber of Commerce. Best way to connect to 2019!",0
"Innovate, innovate, and innovate in the manufacturing innovation hotspots of Europe - EIT Manufacturing is the key to future European industry and jobs. GregorioAmeyugo EITeu EITManufactur CEA_Recherche manufacturing innovation EU_Commission",1
Post lunch check in during the last day in Lund! Brace yourselves for the farewell tonight! InnoSpaceJourney2018 ClimateJourney18 lunduniversity CopernicusEU EITeu ClimateKIC FrancescaLaros1 sollazophoniasd Majakrowicki linegry ideoninnovation IdeonSP Innovation_LU,0
EITeu asked me 'What is the role that entrepreneurs have in tackling the challenges facing the global food system &amp; challenging the status quo?' 👇 my answer: w SocEntBW + see you next week in Stuttgart for FoodInno prize!,1
OBYONETAOPY ClimateKIC me too! Let's spread the word! reuse and recycle,0
"Making IT security a top priority. Security needs strategy. ""Competing companies and other countries' intelligence services are more into espionage in order to gather information."" CyberSecurity EITDigitalAcad tsystemscom",1
Obrigado a todos os alunos que estiveram presentes no Open Day da Master School da InnoEnergyEU. Ficamos à espera das vossas candidaturas! Thank you to all the students that showed up at the InnoEnergy's Masters School Open Day. We are waiting for your applications!,-1
"GrahamDOakes ClimateKIC ecoconnectcic ajhatton Fantastic news Graham, more to celebrate come March. cleansf",0
KIC InnoEnergy innovators compete for EITeu Awards,1
Bravo MichelDTweet en pleine séance de VR avec un chercheur passionnant du CEA_List . Belle manifestation DeepTech organisée par EIT_Digital,1
Cmmr TNavracsicsEU meeting with Spanish journalists at EIT_Digital Madrid Node opening,1
"minasenergiaupm La_UPM atalayariotinto COIMCE1 EITRawMaterials cobrelascruces madrimasd FundacionMAXAM MinaSalamanca daetsime Felicidades a los organizadores. Fue una magnífica presentación, con datos muy interesantes del proyecto. MineríaResponsable Xunta Galicia cobre Touro",3
Circular Economy in EU Cohesion Funding NutrientP dpp_ev BSAG_ Phosphorus_ie CFPlatforma circulatenews circecon eip_water EIPAGRI_SP EITRawMaterials EIT_food GoCircular,3
"For EUDigitalEdu, EITeu organised 20 workshops with us to empower 600 young girls with entrepreneurial and digital skills👩‍💻. Video with participants👉 EITSkillsWorkshops girlsintech JA_Europe JA_Serbia JALithuania JA_Greece JARomania AppsforGood",1
2017 FastCompany Innovation By Design Awards openlivinglabs CIIDnews uclknowledgelab DSI4EU EITeu imec_smit,1
Another positive push from Europe to coordinate battery research with focus on raw material supply. InnoEnergyEU doing good work to pull the stories together. eubatteryalliance graphite batteries,2
"European Commissioner TNavracsicsEU , Martin Kern, EIT Interim Director &amp; InnoEnergyEU entrepreneur from skel_tech at EITHouse today",1
"Great traineeship opportunity EITeu to work in one of the fields below: ➡️administration, ➡️communication &amp; stakeholders, ➡️strategy, ➡️innovation communities or ➡️finances. Application period closes at 31 January! Learn more and apply at EUtraineeship",1
"Alright stop, collaborate &amp; listen, ClimateKIC EnergyLabAU IGCC_Update RIAANews RedGrid_io Farm_wall Swinburne ExtinctionR simonahac bigyahu FBC_Australia FBusinessGen climate_girl UNAA_National AuEnergyFdn PowershopAus",0
1 Oct Berlin EIT_Digital PSTBerlin New Directions In CyberSecurity - By EIT Digital .EIT_Digital PSTBerlin,1
"We will be there, too! And we bring the EITRawMaterials with us! EUROMAT2017",3
.ckicnordic first Climathon 2016 is in the air. Good luck Trondheim! ClimateKIC,0
"Win a €1,000 scholarship to ClimateKIC to develop your entrepreneurial skills and climate expertise.",0
Sammen med BRGGothenburg gør ckicnordic klimaforandringerne mer håndgribelige-følg med i oktober openinnovation,-1
ClimateKIC - we are looking for three amazing people to help support transformative change in cities across the European region cities communities climate sustainablejobs,0
EESC_President GabrielMariya CoR_President EP_Industry Europarl_EN vonderleyen EU_Commission EU_EESC EUvsVirus EUScienceInnov EUeic What opportunities? It is a disaster for human rights and democracy.,1
AtosES attending the first EITManufactur meeting. About to establish 2019 plan for setting up this new manufacturing innovation community.,1
Malta ready to coach nascent entrepreneurs from climate KIK on how to Pitch META_Group ClimateKIC EU_RTD_COM,0
ClimateKIC ClimateStrike brighton ‘every avalanche starts with a snowflake’ ... innovation for systems change,0
"All calm before ... not the storm but Hacking the Future of Shopkeeping! Our miikkanevasalo and emiliaroiha working at EIT_Digital in Trento, with OlivettiOnline and MarcoGMarchesi! ultrahackHQ DeepHack StoriaDiInnovazione",1
Pushing cleantech thru ValleyofDeath only part of COP21 story. Diffusing innovation is key. ClimateKIC to launch report tmrw hubculture,-1
At CNR for innovation on adaptation strategy with ClimateKIC pioneersintopractice,0
. UB_endirecte hosts the presentation in Spain of EITeu's KICHealth,1
KETBIO facilitates the commericalisation of biotech research results. Look to EU`s Innovation Radar InnoRadarEU EUeic - some of the Top EU biotech projects converting knowledge to applications are in ! Go to: . Soon more on:,1
"""eCommerce"" on Tweeted Times - top stories by EIT_Digital, superfastbrit, DespinaSpanou",-1
The end of fossilfuels is in sight: electric flyingcars just the start EITCommunity flyingtaxi future tech,0
Hyperloop One parners with Moscow for high-speed transport projects via EITeu,-1
Mobilità lowcarbon e transizione: Modena apprendimento con esperti internazionali ClimateKIC InnovatorCatalist,0
The Journey is the world’s biggest climate innovation summer school for future climate leaders and entrepreneurs. Follow ClimateKIC climatejourney18 to find out more.,0
"Welcome to day 2 of igrid18 ! Today’s agenda is packed with innovation projects, digitalisation, customers &amp; much more. energyTorres opens by highlighting disruptive potential of system operators. ENTSO_E EU2018BG nsidecom SmartWiresinc InnoEnergyEU FSR_Energy",2
Chatbots and humans: Can’t we just get along? via EITeu,1
"ClimateBonds seankidney CarelCronenberg SDDecleve andytuit SriEvent_It EBRD ClubOfRome ClimateKIC KirstenCKIC ClimateKICItaly at this stage the EuComm invites to start using the EUTaxonomy and making disclosure, there's already a group of large investors that started working on this, says seankidney webinar Manufacturing sustainablefinanceEU sustainablefinance",0
"Discussing useCO2, technoeconomics and netzero cement at beautiful UNALBogota. We need more projects from latinamerica to join the global carbontech discussion on TEA and LCA guidelines! reuseco2 ClimateKIC",-1
"REIN4CED, startup supported by EITRawMaterials, reveals its new Europe-based production location of the next-generation high-end composite bicycle frames! rawmaterials innovation carbon EITRawMaterialsStartup",3
GabrielMariya EUeic hbellvitge Is there a link to follow it online?,1
Here is more information on the finalists of the EITeu IdeaChallenge in Rennes next weeL,1
Can't wait to get to Brussels for eitdigital16! EIT_Digital,1
Information about EITRawMaterials Morecovery project coordinating by GTK_FI published in WaterSourceMag by IWAHQ - see more here:,3
Madrid bound to meet DavidPollardIRL to run a 2 day EITeu ClimateKIC startup scaling masterclass via TCDTangent. ImpactHubMAD eitInnovation eitKICmasterclass,-1
EU:n tutkimus-ja kehitysohjelma Horisontti 2020 tavoitteena on mm. vauhdittaa innovatiivisten tuotteiden ja palvelujen pääsyä markkinoille. EUeic -rahoitusta on saanut OriginalRePack kehittämä uudelleenkäytettävä verkkokauppapakkaus: Eutifi EUGreenDeal,1
sprintforspace BayesCentre EIT_Digital EdinburghUni kri0sis A shame it's sold out 😭,1
"Actions tell plenty: cKIC_Alumni meet ClimateReality at Ecomondo. What's next: solutions, innovations, social engagement? Who knows...",0
"Mañana estaremos en euopendays Ciudades&amp;Regiones afrontando el desafío energético, con ClimateKIC InnDEAvalencia",0
.EITeu Health opens call for Innovation by Ideas,1
NordicCities:Open invite from Trondheim/NTNU to Helsinki to join as a testbed for the next LoCal carbon track&amp;trace project ClimateKIC,-1
". ClimateKIC Accelerator abre su quinta convocatoria en España. Formación, mentorización y financiación por valor de hasta 95.000 euros para startups",0
Can’t wait for ClimateKIC Climate Innovation Summit 6/8 Nov. Dublin. Focused on scaling up sustainablefinance solutions. Learn more at MissionFinance,0
Do you want to launch your DigitalTech business? 🚀 Apply for EIT_Digital 's VentureProgram by 5 May to enter the 6 week pre-acceleration program &amp; get up to 15k€ cash! DeepTech SmartCity,1
"""Pimp my house"" team wins 2nd place prize in the Climathon Galway 2018 hackathon! nuigalway ryaninstitute portershed tech_innovate ClimateKIC ClimateKIC_UKI",-1
Dickie Whitaker ClimateKIC OASISLMF catastrophemodelling decisionmetricsandfinance solutions,0
Doppeltes Kraftpaket für Gründerkultur - über das Engagement von InnoEnergyEU beim wirgruenden energiepreis2019. by BPW_wirgruenden Gründer können sich auch noch für das Seminar anmelden ➡️,-1
Also congrats to jrockstrom from CKICNordic. But as PIK is a core partner of EITeu ClimateKIC we hope to have the pleasure of further collaboration,-1
EITUrbanMob EITeu We are partner in two of the funded projects StrongerTogether,1
"New EITeu European Institute of Innovation and Technology initiative to connect healthcare innovators on Covid-19. If your business could help frontline organisations or individuals' work in the fight against COVID-19, please fill in their online form",1
At the beautiful GrandPalais ready to participate in debate on innovation &amp; climatechange COP21 ClimateKIC,0
ClimateKIC_UKI HexaflyBiotech refurbed_de ClimateKIC You guys are awesome. Keep up the good work!,0
The protagonist of the day is GlobalClimathon cities for climate in a 24 hour challenge ClimateKIC,0
EIT Digital's next generation IoT platform set to help farmers weed out pesticides via EIT_Digital:,1
sollazophoniasd ClimateKIC oh yaaay! Then I am sure you are all set for the final pitches of the Climathon ! :),0
Peter Gachanja of Leafy Ke receives feedback from one of the trainers fromafricainstore. CLPKe19 CLP19 ClimateLaunch ClimateKIC,0
Our EITeu award winning startup LEDsafari is in the running for the $1 million Forbes Under30Summit award!,1
"""Bisogna individuare alternative tecnologiche per sostituire le materie prime a rischio approvvigionamento"" - BE -Mat tech openinnovation LaStampa EITRawMaterials ENEAOfficial StampaCnr Aster_ER APREh2020",1
"Karen Dolva, the co-founder of No Isolation, a start-up supported by EIT Health, was named winner of the Rising Innovator Award of the European Union’s 2018 EU Prize for Women Innovators! EITeu",1
WYeates CelsaCKIC ClimateKICspain Smart_Agrifood ClimateKIC thanhtamle2 inuit the startup with the most gender equality in the first edition of the startup Europe agrifoodsummit in Malaga,0
"T-DoRe project just closed. Now the work continues in BREAKit_EITRM BREAK it is a EITRawMaterials education project to train researchers' skills to orient research to meet market demands in recycling, recovery &amp; substitution. We will keep you updated!",3
Barcelona con apoyo de irtacat opta a ser sede del centro europeo EITeu de conocimiento e innovación alimentaria,1
Join us @ Edinburgh Climathon w/ Aurora_Cons and ClimateKIC on 27/10 - Food Sovereignty in Circular Economy.,0
Henriette Van-Eijl from DG Move highlights the challenges that should be tackled by successful EITUrban EITeu EITUrban,1
Getting prepared for the quick pitches le the evening Climathon AparisClimat ClimateKIC GlobalClimathon,-1
"msojdrova EPCulture EITeu CzechTV lepší důkaz nedemokratičnosti EU jste poskytnout nemohla, proto děkuji EU má obavy z toho, že už nebude zastoupen pouze ""(ne)liberálně (ne)demokratický"" pohled na svět ale do ""nestranné"" veřejnoprávní tv budou mluvit i lidé se ""špatnými"" názory...",-1
"“EIT Health joins the HIMSS Partners Innovation Exchange. With our network of 150 partner organisations, we collaborate across borders &amp; deliver innovative healthcare solutions to enable EU citizens to live healthy lives” says Sabine_Schumann from EITeu",1
Do you want to make new start this year? ClimateKIC is looking for new colleagues. Read more on our website jobs,0
Si tienes un proyecto innovador que lucha contra el cambio climático ¡participa! ClimateKIC,0
"Can't stop rocking. This specimen is from the InnoEnergy event earlier this week. Thanks, EITeu and tehnopol.",0
Thanks EITDigitalAccel for making possible ignilife presence at ZP16. Ready for action !,1
New deadline - apply until July 31 &amp; get international growth support 4 ur startup by our partner EITDigitalAccel!,1
It is great to be at Berlin EITRawMaterials GA with TallinnTech new logo in partners wall,3
Join the Climathon to find innovative solutions to climate change I18 June 2015I ClimateKIC,0
"Are you passionate about sustainability and energytransition? Join the CommUnityDays in Berlin from 25-27 October for a weekend of networking, thought-provoking talks and co-creation inspiring activities. Join now! InnoEnergyD InnoEnergyEU",2
LucaCapra69: 'climathon Rovereto project about gamification &amp; Education on sustainable Mobility wins 2500€ ClimateKIC TnSviluppo HIT_trentino ' see more,0
EIT_Digital conference today representing futurecitiescat and UK innovation eitdigital18 innovation SmartCities digitalcities eutech future,1
"""Digital has no borders, innovation has no borders and education has no borders."" Great to hear that European collaboration will continue. WillemJonkerNL EITDigitalScotland DigitalEurope Innovation EIT_Digital",1
Are you a fast-growing digital scaleup? Apply by 8th Oct for EIT_Digital Challenge with a chance to win £90k …,1
ClimateKIC EITeu Shame China and Google have spoiled any interest I might have had in China Biodiversity and Climate perhaps you can get them to live my British I phone out of it!,0
CKICNordic ClimateSusanne Great. Good luck ✌😊,0
Getting ready for the official mslkickoff WillemJonkerNL conference openingspeech EITDigitalAcad europe education,1
Great to discuss the EITDigital innovation funding opportunity with ex CivTechScotland Rui now with awesome Scottish company updatewallscope EIT_Digital innovation Scotland,1
EITalumni cKIC_Alumni,-1
"Direct fossil fuel subsidies in 2015 were $548 billion globally— “No more fossil fuel subsidies!” - SDDecleve, ClubOfRome &amp; EITeu ClimateKIC. ClimateJourney unihh",0
"🚨 Don't miss the EITalumni Startup Days 2018 🚨 Start, create, deliver in a 12 hours hackathon! 🚀 📆 When? 10 March 📌Where? Apocapoc BCN, Barcelona 🚩🚩 Make sure you register here:",1
Innovation Day today at ecca2017: don't miss our 12:00 pitch at the ClimateKIC innovateuk EdCentreCC theater climateservices,0
"The Smart City Experience, organized in collaboration with ClimateKIC, EUSmartCities and AmsterdamNL was a great and inspiring day to celebrate the latest ecosystem and innovation trends in the smart city industry. Read more: SmartCities",0
A big welcome to everyone who came along to see what supports EITeu offers to businesses and innovation across Europe.,1
DYK? 😮 EU’s 🇪🇺 manufacturing sector 🏭🏢 employs 30m people in 2.1m enterprises - or almost 20% of the total GDP. Last week EITManufactur was officially inaugurated at its Headquarters in UnivParisSaclay in Paris 🇫🇷 👀 more👉,1
El Journey2015 l'escola d'estiu europea sobre CanviClimàtic busca els millors estudiants climatekicVLC ClimateKIC,0
CazVDP EITeu EITHealth InnoEnergyEU EIT_Food And 3 of them are from EITHealth 😀,1
.EITeu ClimateKIC is proud to have been represented in the EUTaxonomy work group by Board Member SDDecleve &amp; Head of International Affairs Felicity Spors. Learn more: EUGreenDeal HLEG_Sus_Fin EU_Finance EU_Commission,0
Join ClimateKIC this morning ECCA2017 discussing climatechange adaptation ecca2017,0
SOCAP16 Daily Highlights – Friday SOCAPmarkets SOCAP16 miljobloggen ClimateKIC southpolegroup EurActiv wef,-1
Starting the presentation phase of Climathon Venezia with Rioba Project dealing with opendata and open businessmodels for a public-private management of waste ClimateKICItaly ClimateKIC CmccClimate,0
"GVAagroambient SEAE_Agroecolog VDomingoGlez cemasvlc UPV COITAVC PedroFresco FundacionBcja UV_EG ClimateKIC Bioparc ecovidrio ClimateKICspain 🌎 COP25Valencia Paula Tuzón (GVAagroambient): “La emergencia climática es un problema transversal, necesitamos que las políticas de sostenibilidad se vertebren en todos los departamentos” AnemODS",0
"First-ever *virtual* new member orientation today GreentownLabs! Great to welcome orbia and PhytoformLabs as well to new employees of DexaiRobotics, FormEnergyInc, sparkcharge, wavesense_inc, BiobotAnalytics, InnoEnergyEU, transaera, railstatellc to the community!",1
Join EdCentreCC and ClimateKIC_UKI for a climateaction hackathon on 26/10! The Climathon🌍 will focus on data-driven city centre transformation for Edinburgh inhabitants. Find out more and register now!,0
EITDigitalAccel Thanks! :),1
"SlushHQ kieku_co twiitit spacenation pvesterbacka trendinaliaSE IdaTuononen SlushMusic LIFTEDfi SusannaTirkkone ClimateKIC HeidiBackman pvesterbacka_ru Slush17 “most original"" 2/2 ... 14) pvesterbacka_ja 15) AmazingCanCan 16) KalleVJ 17) inspirito 18) ElisaOyj 19) markuskalliola 20) nestholma 21) PeopleOfFinland 22) CKICNordic 23) JimmyNymark 24) pvesterbacka_es 25) PinnallaFI &gt;&gt;",-1
ClimateKIC UK is in the guardian! ventcomp2015,0
"Innovation made in EU: With their ultracapacitors, skel_tech changes the way we store energy! At DigitisingEU, CEO Taavi Madiberk will talk about their revolutionary innovation supported by EITeu tmadiberk digitisingEU",1
"ClimateKICItaly ClimateKIC KirstenCKIC Anya_Spa Andrea Murari, BRAVI! ;)",-1
"With EarthDay2020 fast approaching, we've released our 2 InnoEnergyEU Lumen maps for Minecraft Edu Edition! These maps are also now free on the Minecraft Marketplace, and focus on renewable energy and building sustainable cities. 🌍🎮",-1
EITeu Can you please answer &amp; share a Mobile Health/Fitness survey for my PhD thesis? Thank you!,1
Jim Totty of EarthCapital Setting the scene for investments in high-impact ventures. Keep the mega Trends in mind! RMsummit2019 rocksrock connectingmatters EITRawMaterials,3
After COP21 will world leaders really support a massive shift to publictransport in cities? ClimateKIC UITPnews,0
Regions20 John Tidmarsh sharing ways to scale up finance $100m to $1bn ClimateKIC southpolegroup JourneyToParis,0
Did you know hemp can help you see better? hempeyewear designs and manufactures the world’s first plant fibre eyewear. Get inspired by our ClimateKIC success stories and apply by Wednesday 24 Jan to join the Accelerator Stage 1 or Greenhouse! &gt;,-1
ROCKWOOLInt BPIE_eu ClimateKIC anthesis_group TeicosGroup c40cities Disadvantaged neighborhoods are caused by your toxic emissions &amp; poor location selection. You’re NOT the solution! You ARE THE PROBLEM. resistrockwool,0
"Listen to Carbon_Cloud planting seeds of wisdom at the world's leading start-up event, SlushHQ in Helsinki! 👐 ClimateKIC EITeu mikkeltrym haxh ClimateSusanne SLUSH SLUSH18",-1
marcopolettoeLS discussing about photosynthetica ClimateKIC Dublin,0
We've been featured in EdCentreCC news! ⭐ Thank you ClimateKIC for the pitchatpalace support! There's still time to vote for us for People's Choice Awards! 😊 energymatters pitchatpalace,0
optivamedia is now attending the EIT Digital Conference EIT_Digital to discover the latest innovations for a strong Digital Europe eitdigital19,1
The team working on the EITRawMaterials Briefcase of Mineral Applications have designed a game to familarize the player with minerals that are used in manufacturing of every day objects. Follow the link to play along!,3
"Looking to establish your DeepTech Startup? 🚀🚀🚀 Apply for the EIT_Digital Venture Program by 26th April &amp; get support of up to €25,000 to develop your MVP! EarlyStage DeepTech Europe Startup Accelerator MVP StartupProgram CEE",1
Another new feature of the H2020 Dashboard: specific views presenting projects and participants funded under the EUeic pilot ℹ️,1
"Hoxe a a DX de Calidade Ambiental e Cambio Climático participa no ""Roadshow with spanish Partners &amp; Climate Innovation Ecosystem"" de ClimateKICspain en Valencia GaliciaSostible MeteoGalicia ClimateKIC",0
Congratulations at CoolarTech and MotionTag! The ClimateKIC supported startups are finalists in the Start Up Energy Transition Award. StartUpGET,0
Brainstorm on worst climate ideas ever! Great and entertaining evening of presenting CKICNordic to DTU students.,0
KajEmbren southpolegroup miljobloggen ClimateKIC ClimateBonds bolund Kommuninvest sveaskog NiklasNrdstrm AndersWijkman EurActiv,-1
"La red más potente de innovadores en salud al servicio de la mayor crisis sanitaria reciente en Europa COVID19 EITHealth EITeu ""El poder de esta red es muy valioso. Acceder rápido al conocimiento, permite una mejor respuesta"" TeresaChavarria DG Investigacion SaludMadrid",1
Cities - LeadershipMatters See it - Read it - Share it NiklasNrdstrm EU_CoR GCAS2018 WRIClimate c40cities ClimateSusanne theWSBF ICLEI_USA ICLEI_advocacy SR_gmvarlden jrockstrom AndersWijkman ClimateBonds OlumideIDOWU CKICNordic GCAS2018,0
With ckicnordic talking on Cities and finance - closing the GAP with Neighbourhood economics southpolegroup,0
Édito franceinter pour faire émerger des champions européens EITDigitalAccel fait le pont entre les startups européennes et leurs marchés!,1
"dimitriOgnibene UniExeterIDSAI UniofExeter uni_essex_csee PotionProject interesting papers related to relevant for understanding addiction to mobiles, video games, gambling, social media. Well done Dimitri from PotionProject team !!🥳🎉 fet_eu FETFX_EU EUeic",1
a_charalambides EITeu ClimateKIC CkicCyprus CyUniTech chrysalisleap Bravo!,-1
great climatechange challenge for creative and design entrepreneurs DigitAlumni freelectronsAcc,0
Looking forward to the day at Climathon ⛅ Interesting ideas pitches so far SusNatIrl smartdublin ClimateKIC_UKI,-1
Panel discussion led by the new co-CEO of ClimateKIC during the Climate Champions Reception COP21 UNFCCC,-1
Are you an entrepreneur with interest in nutrition aging and innovation? Go from idea to business model in 10 days. Registration open for Innovating the Joy of Eating for Healthy Ageing Summer School in Barcelona. Apply 👉 EITHealth EITalumni,1
ClimateSusanne MICleanEnergyRD ClimateKIC RISEsweden CKICNordic EITeu shenningsson pamlin AndersWijkman KirstenCKIC riyongkim Pls embrace refrigeration coil cleaning as a strategy to fight climatechange. See the attached chart. DM me too for more information.,-1
"Lumen: Power Challenge is available now on the Minecraft Marketplace! Challenges, puzzles and quizzes await as you learn all about renewable energy in this educational map, made in collaboration with KU_Leuven and InnoEnergyEU",-1
Well done. Great to see so many interesting responses to the circulareconomy ClimateKIC urbanchallenge posted by koebenhavner,-1
"🗣️ Alvaro_DLaCruz (EIT_Digital): ""El GDPR de privacidad en Internet lleva ya dos años en vigor, las empresas han tenido dos años para aplicarlo pero todos nos hemos enterado en mayo, cuando acababa el plazo y se han puesto las pilas"" CCDigital",1
.MunichRe and ergogroup expand their commitment to climate protection by partnering with ClimateKIC:,0
throwbacktuesday gj7 and gj8 coaches you rock! 🙌 climatejourney17 ClimateKIC_DE ClimateKIC_UKI ClimateKIC cKIC_Alumni,0
Meshcrafts gør elektriske transportmidler grønnere via software til ladestationer ClimateKIC sustainable dkgreen,-1
CLP17 We are the generation to fix climate. Let's be the instigators ClimateKIC SustainAfri ClimateLaunch,0
Judges debating at climathon frankfurt ClimateKIC ClimateKIC_DE,0
Start them early!! Youngest participant of ClimateLaunch pad team is 13 years old CyUniTech ClimateKIC EITeu chrysalisleap,0
Read more on EITeu,1
Our team by peterlangela at pitch competition EIT_Digital school entrepreneur startup congratulations to all!,1
"""We in Europe were once ahead because of mobile, but we have since fallen behind in innovation,"" warns WillemJonkerNL of EITeu but says there is still an opportunity to catch up. europeanfilmforum Berlinale2018",1
DPalliativS sebgroebe EITalumni who's the hot guy in the blue shirt?,0
Las startups pre-seleccionadas defienden hoy sus proyectos ante el jurado de ClimateKIC para pasar al Stage3 del AcceleratorSpain2019 SAVEHEAT1 greenurbandata JournifyEs PlenEat fundeenES huskventures,0
Check out this cKIC_Alumni DigitAlumni event: Cleanweb &amp; MachineLearning on May 26th in Berlin. CleanwebBerlin,1
Congrats! ClimateKIC,0
"Sylfen_fr InnoEnergyEU Il faisait trop chaud à Lisboa, le bonnet est resté à Grenoble ;)",1
scibus BusinessFinland EUeic NinaKopola psoini,1
"Open EU_H2020 call Raw materials innovation for the CircularEconomy: sustainable processing, reuse, recycling and recovery schemes KemiraGroup outotec NutrientP dpp_ev EITRawMaterials ICL_innovation yara FertilizersEuro",3
EIT_Digital LMAD’s NOKIA campus trial hints at future of last-mile delivery in Europe vía shared-mobility-403118143,1
"Have you built and sold your startup previously? That’s gold for an investor, seedforumorg 🌟 OREECnorge CKICNordic NTNU OiW2017",1
"EUeic ePitching with Investors: Meet the seven EIC SMEs that are driving innovation in Mobility &amp; Transport: AlboraTech, Reexen1, LeydenJarTech, securaxis, Transmetrix, ViNotionVision and zeleros! Join us on the 14th May on the following link:",1
pandaziri kanzlei_lexa EU_Startups StartUpEU DSMeu tech_eu SEP_EU EU_H2020 Ansip_EU Moedas robinwauters EIT_Digital MindTheBridge the report will be published on and our blog on Monday pandaziri,1
Opening by Søren Vikkelsø of the joint COWI &amp; ClimateKIC seminar on Natural Capital Accounting,0
Primeros pasos de la certificación BESoficina Reunión de la Entidad de Certificación SSO ClimateKIC EnDirecto,0
"Great discussion today at MMHSeville on the current situation, threats &amp; opportunities of the mining sector together with KlossekAndreas, Interim CEO of EITRawMaterials! Stop by our booth to learn more about our innovation &amp; education projects for the FutureOfMining ⛏",-1
"Klaus Beetz, CEO of EITManufactur, and European Commission representatives discuss the topic “Synergies between European initiatives for a world-leading European Manufacturing sector”. EITMInauguration EuropeanCommission Innovation Manufacturing",1
It's SlushHQ season! This years theme IMPACT suits our agenda well! Join us and CKICNordic to se the top cleantech startups on stage!,-1
ClimateKIC International Ambassador ritter_mary talks about her approach to innovation &amp; climate change next week,0
"LabelBasCarbone 🔜 H-1 avant le lancement du label au Min_Ecologie ! 🤝 Une collaboration entre Min_Ecologie, I4CE et de nombreux partenaires : Min_Agriculture, ademe, EIT ClimateKIC, InstitutElevage, CNPF, GIP et Feder Massif central, cniel GroupeLaPoste...",0
"Just 5% of UK pension funds have climatechange policy. This is why green &amp; sustainable finance like FC4SEurope &amp; greenbonds are vital.ClimateKIC's Climate Innovation Summit is over, but MissionFinance prevails as we InnovateOpenly on a path to 1.5C:",0
Pretty tired after Slush2016 but already made great connections. Thanks to ckicslush ClimateKIC for the opportunity &amp; roll on tomorrow!,0
Higlights of the 2016 Italian innovation day in Trento via EIT_Digital cc IsmbOnweb innovation bmgen ICT,1
"ClimateKIC .IsabellaLovin continued: ""The Leadership group led by Sweden and India has to show that decarbonization in heavy industries is possible to allow countries to enhance their NDCs before COP26 in Glasgow."" Cop25Madrid2019 SustainableInnovationForum",0
"Professor Esko Niemi of AaltoUniversity presents the newly launched EITManufactur – it has an ambitious set of goals, including 1000 new startups by 2030. aaltodigi",1
MuseumsFacingExtinction is a series of workshops created in partnership with EIT ClimateKIC during which participants are producing solution-oriented actions that can be applied by cultural institutions worldwide. Check the summary of the pilot event:,0
"Encom, making transition to renewable heating systems in Zurich possible Climathon ClimateKIC_CH ClimateKIC",0
"Como lo oyes (y ves), vuelve festivalvesos a LasNaves. ClimateKIC AjuntamentVLC emmagetwild",0
"Climate Innovation Summit 2017 CKCIS17 ClimateKIC esempi di mobilità sostenibile, rigenerazione urbana e economia circolare Aster_ER",0
KIC_Madeleine ClimateKIC I remember this one too. Massively criticized why it has not been applied to refugees. Poor team. I think Christian was in that team!,0
Working in wood? Join us for a workshop in Brussels 23-24 January! NordicWoodisGood NTNU SustainNTNU lunduniversity AaltoUniversity ClimateAalto ClimateKIC EITeu UniNMBU,0
Good luck to all the ECCI ClimateKIC Greenhouse start-ups trying out their skills at our Dragon's Den pitching event today. The judges look pretty friendly!,0
Categoría Smart Spaces. En Helsinki. El 31Nov &amp; 1Dic. Con EIT_Digital Idea Challenge. PopPlaces_es ha sido nominada como Spart Spaces!!,1
"Also, 3 EITDigitalAccel supported scaleups from Spain pitched this noon at our Madrid Node for the InnovationDay17. Big thank you for coowry, opennac, and redborder; amazing DeepTech companies",1
Only a bit over 1 week left to apply for the InnoEnergyEU Global Call for sustainable energy startups! Anyone with a great idea can enter. Find out more and apply today!,2
"Don't miss the Interview about Grid2030 with Bo Normark, Thematic Leader Smart Grids and Electric Storage at InnoEnergy_S: “We need new solutions to the existing challenges”. Check it out! with RedElectricaREE",2
"AI, Blockchain, what does digitisation bring to the banking and insurance sector? Who are the new players? What are the main innovation areas the financial services industry should focus on in the years to come? via EIT_Digital FinTech InsurTech",-1
.ignilife startup de EITDigitalAccel est sélectionnée pour le prestigieux programme SEC2SV FrenchTech Europe,-1
Ready to start! boatpitch TOA15 init_ag EIT_Digital,1
Congrats from CKICNordic to the winners of climathonhelsinki ClimateAalto SonjaJaari PetriAllekotte kaupunkia GlobalClimathon linegry sollazophoniasd,-1
Celebrating joing the EITUrbanMob Scale Up Program this year! Big Milestone!!,1
iCapitalAwards 1month to apply! EITcommunity proud 2power innovation EuropeanCities ClimateKIC EIT_Digital InnoEnergyEU smartcities,1
AMBITION is the key word for the EITManufactur. Let´ s go!,1
"We need new economic systems, and we need radical innovation &amp; collaboration. CDP is at COP24 with ClimateKIC, 2dii, AbydKarmali1967, nikkibartlett and SDDecleve, discussing how we transform financial markets in the context of the 1.5 report and the urgency that demands",0
"Donar es muy popular en 🇪🇸, prueba de la generosidad de los españoles. Para acelerar la llegada de órganos/sangre en las mejores condiciones, EIT_Digital presenta Drones4Life, que introduce el uso de drones para su transporte: DíaNacionalDelDonante",1
EIT Digital levert Europa’s volgende generatie innovaties en ondernemers EIT_Digital,1
Third policy message of the day from smartgridsarena delivered by InnoEnergyEU Make sustainability a key issue for products and services in the energy sector. The industry is ready! NCEW2018,2
"check CamilleLepinay latest article about the EIT Crisis response with a selection of calls relevant for H2020_SC5 clients notably from EITRawMaterials, ClimateKIC and EIT_Food",-1
REPORT: A new report by InfluenceMap - a ClimateKIC partner - finds oil majors have spent over $1bn on climate lobbying since the ParisAgreement.,0
Check out EIT_digital innovation activity WAFFLE: Università Cagliari contro truffe online - Sardegna - ANSA.it,1
ClimateKIC Help innovators get a chance to win our HTC2015 €100k Grand Prize global challenge,0
ckicnordic and dtu host open workshop to engage Nordic innovators to tackle climate change,0
Read my latest blog ahead of ECCA2019 on finance investment for climateservices Amundi_ENG AMUNDISGR JPIClimate Space4Climate ClimateKIC env_analytics UniRdg_Research,0
This week meet the EITCommunity in Riga and Vilnius at the EIT Awareness Day! EITeu ConnectingMatters,1
"What could be the next steps to EBA250 ? Asked MarosSefcovic. Thanks to InnoEnergyEU , lots have been already done. But still lots of gaps to be still covered: starting with investments! 🔋",1
[SDN NEWS] We teamed up with EIT_Digital to boost 5G Innovation + launch an international Open Testbed Community,1
citizensclimate Climathon is engaging citizens in 18 countries/6 continents in the next 24 hours to engage in ClimateAction ClimateKIC,0
Teamwork basics and practices shared by participants in WS2. Challenges and learning needs to succeed in bringing research to the market. EITRawMaterials EITRMAcademy tecnalia ArroyoAna,0
RISE tar plats i ClimateKIC,0
ITID16: FABtotum's there to show how a startup can be Successful innovation MadeInItaly thanks to EIT_Digital,1
Tech City News: Calling UK digital scaleups: EIT_Digital Challenge 2016… TechnoTerrorist,1
"We're in Debagoiena valley, Spain, today delivering a session on mission-oriented approaches to governance for the 'Just Transition': moving to a greener, fairer &amp; more equal society MarthaMcph rainerkattel agirrecenter ClimateKIC",0
I just supported Nordic Climathon 2017 on ThunderclapIt // CKICNordic,0
.CKICNordic supports the P4GSummit by working with DTUSkylab &amp; the SDG Student Ambassadors to design a 4-day program for the Influencers. We will also introduce ClimateKIC's Climathon movement &amp; promote the Climathon in koebenhavner on 26/10:,0
"""Fiddling around at margins will not solve the climatechange problem. We need to transform the issue profoundly"" - Sean Cleary emphasises bold ClimateAction required ClimateKIC MissionFinance",0
Teams at work (chapter5) from Climathon Milan ClimateKIC,-1
"Congrats celiafcruz , fellow of the year!! well done👏🏻🏆🤩 StarShip healthinnostars EITHealth EITalumni",1
"""Amsterdam and Bologna: two climate challenges for one PhD summerschool"" by ClimateKIC",0
That's a clever way to use rain water in refugee camps and not only savedrop cKIC_Alumni EbrahimKIC iRBansal,-1
RawMaterialsWeek second Day is started by EITRawMaterials talk by k_hanghoj ConnectingMatters,3
Roel Massink ClimateKIC TNO_Research introduce the day OpenData smartdistrict betterliving chalmersftw johannebergsp,0
"2 days of intense training 😄 and yes, we played with Lego 😁 factory4change EITRawMaterials Berlin",1
Congrats RoSi71767824 winner of BIC2017 of EITRawMaterials to be nominated in the top 12 of French spin-offs. A very good start! InnovatorsOfTheFuture EITRawMaterialsStartup,1
Just arrived at TUBerlin for the EIT_Digital master school graduation ceremony later today. 240 fresh entrepreneurial digital talents for Europe. Proud!graduationday19 EITDigitalAcad EITeu GabrielMariya ChristophidouEU ViolaRoberto,1
Potential start-ups learning to pitch their cleantech idea as part of the ClimateLaunch programme of ClimateKIC,0
congrats to GabrielMariya and the EUeic for this amazing results!,1
A very inspiring story of David and Olivia to start Permayiti to help underprivileged in Haiti and provide them with skills on sustainable living. Read more: energyAccess education solar sustainability inspiration swissedtech climatekic,0
"ClimateKIC WM_RIC orangejon Hello! We discussed 'the art of the possible' - ways that tech, design &amp; comms could create behaviour change.",0
"Innovación abierta y resolución de problemas basados en proyectos, así es un hackfest hackthon / con el ClimathonGC volvemos a poner de relieve el impacto de esta metodología en la ULPGC ClimateKIC",0
"Amazing panel discussion today at the European Days for Sustainable Circular Economy in Helsinki🇫🇮 together with k_hanghoj, CEO of EITRawMaterials! On the EDSCE19 agenda is identifying the way to sustainable and climate-resilient circulareconomy! EU2019FI 🇪🇺 EUinnovation",-1
Had a great time giving my branding &amp; marcomms workshop for the ClimateKIC Journey2015 students in Zurich yesterday! Thanks all!,0
Delegation of Walloon parliament reporting on circulareconomy visiting our smart sorting development bench reversemetallurgy UniversiteLiege EITRawMaterials phh_Henry christiemorreal MDSimonet,-1
Autonomous Systems: new programme at EIT Digital Master School EURECOM EIT_Digital EITeu EITDigitalAcad,1
Week 2 of our 🆓CSAMOOC18 has just started: join for some cow &amp; dairy knowledge with RenewableEnergy thrown in! 🇬🇧 🇫🇷🇩🇪🇨🇳 ClimateChange ClimateAction ClimateSmart CSABooster ClimateKIC EITeu,0
"Arianna Cecchi from ClimateKIC giving a key note speech at the CLARA projeck kick-off meeting, talking about collaboration with Copernicus",0
.WorldBank debuts first bonds linked to Sustainable Development Goals via .ClimateKIC SDG Sustainabledevelopment,-1
Discover our new CEBRA project for the development of an Integrated Circular Economy Business in Platinum Group Metals EITRawMaterials UniversiteLiege monolithos comet tecnalia CRFiat,3
Submit your Raw Materials Commitment before March 1st. EU_Growth EITRawMaterials,3
"whymandesign wikitravel ClimateKIC AdokunVine68000 CQEnergy So much conflicting 'evidence' on this .I'd dearly love someone to ignore shouty people&amp;follow the money...all gazillion trillions of it over the last 60 years of 'acid rain, ozone layers, melting ice caps, 'global warming' 'climatechange' &amp; '20 years to save the planet' alarmism",0
Today our founder won a 5K race for a charity at meadowsmarathon well organised by EdinburghRAG 🎉! Supporting charities and encouraging people to shop sustainably! Kudos to fellow ClimateKIC_UKI alumni OohoWater for water balls made from seaweed! noplastic sustainablity,0
"Spend climate cash smartly to make it stretch, experts urge. COP22 ClimateKIC CKCIS2016 southpolegroup",0
"The potentials of innovation and EITeu for the cultural and creative industries are on the agenda today at INNOVEIT - arriving now in Budapest : innovation as stairs to take: open end, but always positive !",1
We start the week at the ClimateJourney with scientific insights into the sustainability impact. What are the actual numbers? Great lecture from our coach Bram van der Grinten. ClimateKIC ClimateKIC_NL EITeu UUCopernicus,0
Passions &amp; ambition are some of the characteristics portrayed by team SeaStar. See what else the coaches have to say about the ⭐s potential to create a positive impact on our planet. ClimateSolutions ClimateJourney ClimateInnovations EITeu ClimateKIC,0
Register for Cross-KIC Business Planning Bootcamp in Tartu eiteu eitrawmaterials Estonia,1
Join the Amsterdam City Challenge on 16-17 June! Together we can turn the Amsterdam Metropolitan Area into a frontrunner of urban mobility and sustainable energy! ClimateKIC Register for this event via:,0
"As part of the EU’s collective effort to tackle the COVID-19 crisis, EITeu has launched the ‘EIT Crisis Response Initiative’! It will mobilise €60 million of funding to innovators powering high-impact solutions! Calls for innovators will be announced soon! ERRINNetwork",1
"Con ClimateKIC Accelerator Italy 2015, opportunità per startup della low carbon economy",0
ibartolome EIT_Digital BizkaiaSocial EIT_Health_es la tecnología suma para llevar los servicios al hogar,1
These ClimateKIC supported climate engineers have built a machine to suck CO2 from the atmosphere ClimateAction,0
"Extensive media coverage about the newest member of the ict4water_eu , the community of 🇪🇺funded projects active in the digitalisation of the water sector ⬇️⬇️⬇️ W/ ConnectCitiesEU Eurecat_news EU_ecoinno sapience_eit ClimateKIC E_Achilleos Stkanellopoulos",1
We've been featured in EdCentreCC news! ⭐ Thank you ClimateKIC for the pitchatpalace support! There's still time to vote for us for People's Choice Awards! 😊 energymatters pitchatpalace,0
"Join BhamCityCouncil eurocraft_uk ClimateKIC_UKI energy challenge, two innovative solutions get €10,000 each:",0
Hans Aerts of TomTom on adaptive cruise control EIT_Digital hightechcampus,-1
From data streams to video streams: manudellavalle is shooting for Fluxedo_app cityometers! EIT_Digital,1
"Let’s keep the EICpilot spirit, Poland! BSP_Brussels NCBR_pl KPK_PL still long way to go to catch the EUeic overall leaders Spain Italy",1
EIT_Digital INSPIRING &amp; NEEDED 👍👍🇪🇺🇪🇺.k_piesiewicz JemielniakD Przegaa ialbrycht gzajaczkowski KarolTokarczyk CHARZYNSKIKAROL HChSz szymielewicz atarkowski Anna_Mierzynska MariaSpyraki EvaMaydell DigEnlight DIGITALEUROPE BonefeldCecilia RobertaMetsola,1
"Green recovery can revive virus-hit economies and tackle climate change, study says BarrySheerman andersegelrud JimBair62221006 Mayors4Climate WorldResources Climate_Action_ ClimateKIC erikabjerstrom GreenBiz ICLEI_advocacy SR_gmvarlden",0
This happens when the climatekicjourney enter in your life and you have amazing experiences such the one in Cyprus ❤️ ClimateKIC cKIC_Alumni,0
"""Our Grassroots are Green"" read our progress so far &amp; our success in ClimateKIC on linkedin edtech ALiSOnline",0
A new class of EIT_Digital's 'Intro to Architecting Smart IoT Devices' starts Monday. Have you enrolled yet?,1
"Un español, elegido mejor innovador de Europa EITeu innovacion vídeo de KICInnoEnergy",1
Agvesto is delighted to be part of the initiative and is very much looking forward to working with unfccc ClimateKIC in Korea towards building resilience in frontier markets NAPExpo Insurtech,0
TheGCIndex EUW_live Everyday I'm Polishing....TheGCIndex today with Ketan_Makwana InnoEnergyEU EUW_live ✊🏼,2
"ClimateKIC bilikiss mazi_ukonu Count ChanjaDattiLtd as interested. Lagos, Abuja, Portharcout, Kano",0
Could vertical take-off electric planes replace cars in our cities? Features ClimateKIC startup velocopter,0
Amazing lunch and inspiring story at thehappypear ! Thanks for the food and experience! climatejourney17 ClimateKIC_UKI veggie ireland,0
ClimateKIC EITeu It's great that you want to help develop solutions to our ClimateEmergency and biodiversityemergency. However - I see no reference to the necessary radical democratisation of political power and the importance of social justice if 'the system' is to change as needed?,0
DublinCityUni scienceirel insight_centre DCUFSH EUeic EnterInnov EU_Commission IrishTimesBiz siliconrepublic ambisense_ltd congratulations Dermot!,1
CKCIS17 ClimateKIC Anna_Scavuzzo today cities are one of the most important players of the food systems c40cities,0
"MEET OUR SPEAKERS! Victor Gancel, Program Director of the highly appraised ClimateKIC will be one of 25+ speakers in Cluj-Napoca, Romania at go_konnect's Smart Cities CEE 2018! Get your tickets to the event HERE: ClimateKIC SmartCities",0
How Scalebound’s action master Hideki Kamiya views partnership with Microsoft via EITeu,1
Presenting CSABooster Agrisource at the ClimateKIC Sustainable Land Use Partner Day in Brussels. Let's meet at coffee break! Inra_France Cirad,0
climathon bringing great ideas forward ClimateKIC,0
"Ready for SlushHQ action &amp; ON BRAND is our friend ifeyinwa_kanu Founder of IntelliDigest 👍 let's go, innovators! SLUSH EdCentreCC ClimateKIC_UKI",-1
"Alenka Mauko Pranjić, ZAG, on EITRawMaterials and its attempts to work on circulareconomy and local ecosystems. rawmaterials innovation",3
EIT commercialising 450 business ideas Horizon2020 TNavracsicsEU ClimateKIC EITICTLabs KICInnoEnergy via scibus,0
Thanks for rating weareKONUX as one of the Top AI Startups - We are hiring! IoT UVC_Partners EIT_Digital Top-10 Artificial Intelligence Startups in Germany via nanalyzetweets,1
bitext Tecnología+negocio español apoyado por el instrumentoPYME de H2020 ahora llamado EICAccelerator. EUeic,1
EITDigitalAcad Awesome start of helsinki summerschool eitdigitalacademy,1
.HeliacSolar is going strong! Norwegian Fagpressenytt describes the team's vision... only at a fraction of current costs! 📰 Read on for more! EONDANMARK EITeu ClimateKIC,0
EIT_Digital FBKcom Italian innovation day opening: digital transformation key challenges for EU with gianmariomaggio fede_guerrini,1
"Emivox83 ClimateKIC ECMWF CopernicusEU CopernicusECMWF EITeu Hi Emanuele, are you at COP25? Steven_Ramage and I would love to meet up with you.",0
Our growing debt eliminates possibilities for the future. Long Financing in a volatile world explores forms of investment that do not colonize the future. deconolize finance CivicCapital ClimateKIC PositiveMoneyUK blackrock misquebec DrAlexRyan,0
Chairman Edwin Ward during his speech: 'Today is the first day of a future without carbon' zerocarbonMed ClimateKIC,0
Is EU committed climatechange? Diesel the most pollutant tax less than ethanol the cleanest which is taxed heavily.be the judge IUCN_CEC. IUCNBrussels. CKICNordic.EU_ENV. SustainingLife1. UNFCCC. dw_environment. CCRN_news. UNEP. ClimateReality,0
Survey from EEPPA project on Energy Performance Contracting data EnergySvgTrust ClimateKIC knightfrank,-1
"How leadership will deliver innovation for the next 10 years climatechallenge? We need to take responsibility, more risks and think more and more outside the box. climatekic ⁦ClimateKIC_UKI⁩ meeting in London with UK partners.",0
"For EUDigitalEdu, EITeu 🇪🇺 organised 17 workshops in 🇧🇬🇬🇷🇱🇹🇷🇸 +3 in 🇷🇴 where 102 young girls were empowered with entrepreneurial and digital skills.👉 EITSkillsWorkshops girlsintech JA_Europe JABulgaria JA_Serbia JALithuania JAGreece AppsforGood",1
