"Authors","Author full names","Author(s) ID","Title","Year","Source title","Volume","Issue","Art. No.","Page start","Page end","DOI","Link","Abstract","Author Keywords","Index Keywords","Funding Texts","Document Type","Open Access","Source"
"Carlberg, C.; Blüthner, A.; Schoeman-Giziakis, I.; Oosting, A.; Cocolin, L.","Carlberg, Carsten (7006862072); Blüthner, Andreas (60058663000); Schoeman-Giziakis, Irini (60058663100); Oosting, Annemarie (55375628700); Cocolin, Luca Simone (57221182370)","7006862072; 60058663000; 60058663100; 55375628700; 57221182370","Modulating biological aging with food-derived signals: a systems and precision nutrition perspective","2025","npj Aging","11","1","76","","","10.1038/s41514-025-00266-5","https://www.scopus.com/inward/record.uri?eid=2-s2.0-105013855166&doi=10.1038%2Fs41514-025-00266-5&partnerID=40&md5=71e6ed586b80155663caeb282d2c81cd","Lifespan extension has not prevented age-related decline. We propose that diet acts as a molecular modulator of aging, influencing inflammation, the microbiome, and systemic resilience. Biological age markers and AI-powered multi-omics reveal actionable dietary targets, including food-derived signals and Nutrition Dark Matter. We highlight precision nutrition and the EIT Food Healthy Aging Think & Do Tank as pathways to align science, policy, and practice for healthy aging. © The Author(s) 2025.","","","The authors gratefully acknowledge comments to the manuscript obtained from the following HATDT members: Ainara Cano San Jos\u00E9, Alberto D\u00EDaz-Ruiz, Gregorio Varela Moreiras, Sara De Pelsmaeker, Isabel Medina, Itziar Tueros, Nabil Bosco, Piril Hepsomali, Stella Lignou, Lidia Daimiel, and Patrycja Sanecka. Moreover, we thank EIT Food staff for providing the infrastructure for the HATDT. CC thanks the European Union\u2019s Horizon Europe research and innovation program (grants no. 952601 and 101119497) and the Polish National Science Centre (grant nos. 2023/49/B/NZ9/00402 and 2024/53/B/NZ2/00492) for funding support.","Article","All Open Access; Green Accepted Open Access; Green Open Access; Hybrid Gold Open Access","Scopus"
"Tomaniová, M.; Ryšlavá, E.","Tomaniová, Monika (8157360100); Ryšlavá, Edita (60201482500)","8157360100; 60201482500","EIT Food Hub in Czechia: Innovation, Education, and Support of Sustainable Food System; EIT FOOD HUB V ČESKU: INOVACE, VZDĚLÁVÁNÍ A PODPORA UDRŽITELNÉHO POTRAVINOVÉHO SYSTÉMU","2025","Chemicke Listy","119","10","","597","614","10.54779/chl20250599","https://www.scopus.com/inward/record.uri?eid=2-s2.0-105022275270&doi=10.54779%2Fchl20250599&partnerID=40&md5=8b7bab695c8e30a1690122a56748577a","EIT Food is a knowledge and innovation community of the European Institute of Innovation and Technology that connects universities, research institutions, business-es, and start-ups with the aim of transforming the European food system towards greater sustainability, health, and consumer confidence. Through various types of programs for students, start-up entrepreneurs, women entrepreneurs, and researchers, it offers support for education, innova-tion, and entrepreneurship in the agri-food sector. The FoodEducators and FoodUnfolded programs bring attrac-tive educational activities focused on food literacy, healthy nutrition, and sustainability to schools and the general public. © 2025, Czech Society of Chemical Engineering. All rights reserved.","education; EIT Food; entrepreneurship; food literacy; food system; FoodEducators; FoodUnfolded; innovation; start-ups; sustainability","","","Article","All Open Access; Gold Open Access","Scopus"
"Świa̧der, K.; Głuchowski, A.; Kosar-Sikora, M.; Zatorska, M.; Klincewicz, K.","Świa̧der, Katarzyna (57208699529); Głuchowski, Artur (57208238689); Kosar-Sikora, Monika (60129332900); Zatorska, Magdalena (58431777600); Klincewicz, Krzysztof (24476470400)","57208699529; 57208238689; 60129332900; 58431777600; 24476470400","Co-creation as a catalyst for developing tailored food products for special dietary needs","2025","BIO Web of Conferences","187","","01001","","","10.1051/bioconf/202518701001","https://www.scopus.com/inward/record.uri?eid=2-s2.0-105017974564&doi=10.1051%2Fbioconf%2F202518701001&partnerID=40&md5=a8b4ca3103c7bc109087123aa00ac7d3","Meeting the nutritional needs of consumers with specific dietary requirements remains a growing challenge within the food industry. This study demonstrates the effectiveness of co-creation, a collaborative process in which consumers actively participate in early product development phases, in addressing this issue. As part of the EIT Food RIS Consumer Engagement Labs initiative, co-creation workshops were conducted with individuals managing special dietary needs (n=25), in collaboration with academic experts and food manufacturers. Participants engaged in structured activities such as persona development, identification of unmet market needs, ideation, product concept creation, and sensory evaluation. The process resulted in the development of 13 product concepts, one of which was commercialized. The final product, a spiral-shaped plant-based bakery snack filled with a spinach-hummus mixture and sun-dried tomatoes, was developed over approximately one year at the WM-ka bakery. Free from milk and animal-derived proteins, the bakery savoury snack was designed to meet the needs of vegan and allergen-sensitive consumers. The product exhibited favourable sensory characteristics, including texture, aroma, and flavour, while nutritional profiling confirmed its status as a high-quality plant-based snack, rich in both protein and dietary fibre. This case exemplifies how co-creation, combined with sensory and nutritional insights, can lead to market-relevant innovations and foster collaboration between consumers, researchers, and industry in the field of personalized nutrition. © The Authors, published by EDP Sciences, 2025.","Co-creation; Consumer engagement; Food innovation; Plant-based snack; Special dietary needs","","","Conference paper","All Open Access; Gold Open Access; Green Accepted Open Access; Green Open Access","Scopus"
"Murphy, E.; Bratković, D.; Vivoda, A.","Murphy, Esther (57213352456); Bratković, Daniela M. (6506312702); Vivoda, Alisa (59540694000)","57213352456; 6506312702; 59540694000","The inclusive design of a digital education programme - contribution and experiences of people with accessibility needs","2025","","","","","101","114","10.4324/9781003459651-12","https://www.scopus.com/inward/record.uri?eid=2-s2.0-85216827916&doi=10.4324%2F9781003459651-12&partnerID=40&md5=a2d1ff7b368e11b1c3c3defb3e982ed0","Digi-ID PLUS is a new EIT Health-funded multidisciplinary, user-centred EU digital inclusion innovation project led by Dr Esther Murphy from Trinity College Dublin in Ireland that joins with partners across Europe, including Croatia. An accessible digital education platform, DigiAcademy has been co-designed with over 400 people with intellectual disabilities and their supporters. The digital skills education programme will support better health and social inclusion outcomes for adults with intellectual disabilities. At the heart of the project is an authentic user-centred and user-led design process. Embedded within the project team is the Citizen Advisory Panel (CAP), individuals with intellectual disabilities and accessibility needs who are paid as experts in recognition of their experience in and passion for using technology to enhance their quality of life. The first CAP, comprised of seven individuals with diverse age, gender, and digital competency, with a shared passion for using technology, was established in Ireland in 2021, and a second one with seven more people in 2022. This model served other EU partners to develop their own national Citizen Advisory Panels. This chapter's focus is on Irish and Croatian CAP members' experiences and observations throughout the entire process of co-creation activities. It presents the inception of the inclusive methods for development of the original CAP in Ireland, and insights from both panels about their experience as paid team members. The chapter also describes a case study about Croatian involvement and perspective of people with intellectual disabilities (ID), especially as members of CAP who, together with the rest of the project team, participate in the co-creation of the educational programme and the evaluation and promotion of the project. © 2025 selection and editorial matter, Clare Woolhouse and Virginia Kay. All rights reserved.","Accessibility; Co-creation strategies; Digital education; Inclusive design","","","Book chapter","","Scopus"
"De Sario, M.; de’Donato, F.; Michelozzi, P.","De Sario, Manuela (13612973800); de’Donato, Francesca (60096616600); Michelozzi, Paola (57190044905)","13612973800; 60096616600; 57190044905","Climactions project: document review of policies and measures of climate change adaptation and mitigation in urban areas; Progetto Climactions: document review delle politiche e misure di adattamento e mitigazione nel contesto urbano","2025","Epidemiologia e Prevenzione","49","2-3","","8","29","10.19191/EP25.2-3.S1.037","https://www.scopus.com/inward/record.uri?eid=2-s2.0-105013075937&doi=10.19191%2FEP25.2-3.S1.037&partnerID=40&md5=495bf0568f44152e320a35980b9c7e6f","Background: public health aims to promote a health-cen-tred approach in all policies, even in adaptation and mitigation policies for climate change. Objectives: to provide a critical summary on legislations, policies and case studies at international, national and local level and to assess the implementation of the “health lens”, in support of researchers and workers on environment and health. Design: document review on legislations, policies and case studies, focusing on mitigation of urban health island and sustainable mobility. Methods: a policy and legislation review was carried out from institutional websites at European and local level. Sus-tainable urban mobility plans (SUMP) and energy and climate action plans (SECAP) were retrieved for the cities in-cluded in the Climactions project (Genoa, Turin, Bologna, Rome, Bari, and Palermo) from local authorities’ websites. Best practices of urban heat island mitigation and sustainable mobility were searched from European platforms (Cli-mate adapt, Urban mobility observatory-– ELTIS, EIT Urban Mobility) to obtain a critical picture of adaptation and mitigation options in cities. Results: the review shows a large number of legislations, plans, and programmes on adaptation and mitigation both at European and Italian level with a gap between planned and actually implemented actions also due to the lack of dedicated economic resources. There is also an inequal level of implementation among Italian regions, with some criticalities, for example, in the citizen participatory process within the strategic environmental assessment of SUMPs, SECAPs, and adaptation plans. At the local level, in the last decade, several best practices of urban heat island mitigation and sustainable mobility were experienced in different sectors including new urban green space infrastructures, albedo enhancement measures, car-pooling apps, incen-tives to active mobility, temporary streets liberation, and a combination of measures within adaptation plans such as London Climate Action Plan and Barcelona Superblock pro-gramme. Only few measures were health centred embed-ding public health into urban planning (e.g., the London plan based on the ‘healthy streets’ approach) suggesting health benefits for the population. Conclusions: the recent increase in regulations and policies at European and national level is not paralleled by real progresses in climate actions, despite the constant growth of annual emissions. Therefore, there is the need to acceler-ate the fossil fuel emission mitigation while promoting adaptation to be ready to counteract actual and future climate related risks. Health workers such as paediatricians, fami-ly doctors, epidemiologists can advocate the transition and support the citizens and youth engagement in climate-re-lated decision making. © 2025, Inferenze Scarl. All rights reserved.","adaptation; climate change; document review; health-centred approach; mitigation","Article; climate change; climate change mitigation; controlled study; environmental health; environmental policy; environmental sustainability; heat acclimatization; urban area; urban health; urban heat island; urbanization; city; Europe; human; Italy; public health; Cities; Climate Change; Environmental Policy; Humans; Public Health; Urban Health","","Article","","Scopus"
"Grozdanova, A.; Mihajloska, E.; Naumovska, Z.; Staninova-Stojovska, M.; Sterjev, Z.; Dimkovski, A.; Anchevska Netkovska, K.","Grozdanova, Aleksandra (47961796900); Mihajloska, Evgenija (59223225600); Naumovska, Zorica (55213839700); Staninova-Stojovska, Marija (57207696359); Sterjev, Zoran (12772243800); Dimkovski, Aleksandar (59223490100); Anchevska Netkovska, Katerina (60166461000)","47961796900; 59223225600; 55213839700; 57207696359; 12772243800; 59223490100; 60166461000","Toward value in healthcare: opportunities and challenges for implementing Value-Based Healthcare in North Macedonia","2025","Frontiers in Public Health","13","","1646870","","","10.3389/fpubh.2025.1646870","https://www.scopus.com/inward/record.uri?eid=2-s2.0-105020480905&doi=10.3389%2Ffpubh.2025.1646870&partnerID=40&md5=574425ad4c6af42d3e36ce99127b9217","Objective: European healthcare systems face increasing pressures from ageing populations, chronic disease burdens, and rising costs. North Macedonia experiences similar challenges, including workforce shortages, limited economic growth, and persistent health inequalities. Although reforms such as the Diagnosis-Related Group payment system and the development of an e-health platform represent progress, major gaps remain: low public funding, high out-of-pocket spending, weak primary care, and poor data integration. This review analyses Value-Based Healthcare implementation in selected European countries and assesses the current state of the Macedonian health system to identify challenges and opportunities for Value-Based Healthcare. Methods: A two-step narrative approach was applied. Peer-reviewed literature on Value-Based Healthcare implementation in European countries was retrieved from PubMed, Scopus, and Web of Science, complemented by case studies and EIT Health handbook. To evaluate North Macedonia, policy documents and reports were reviewed from the World Health Organization, the European Observatory on Health Systems and Policies, the European Commission, and national authorities, including the Health Insurance Fund, the Institute of Public Health, and the Ministry of Health. Evidence was synthesized thematically across financing, digital infrastructure, outcome measurement, and governance. Results: Examples from Spain, the Netherlands, and Germany demonstrate the benefits of outcome measurement, integrated care delivery, and innovative payment models. Experiences from Bulgaria and Slovenia, with comparable health systems, provide additional lessons. Conclusion: Value-Based Healthcare implementation in North Macedonia will require greater public investment, stronger primary care, standardised outcome measurement, and robust digital infrastructure. Prioritising value-driven, patient-centered reforms could strengthen performance, equity, and sustainability. © © 2025 Grozdanova, Mihajloska, Naumovska, Staninova Stojovska, Sterjev, Dimkovski and Anchevska Netkovska.","health system reforms; health system sustainability; North Macedonia; patient centered; Value-Based Healthcare (VBHC)","economics; health care delivery; health care policy; human; organization and management; Republic of North Macedonia; value-based care; Delivery of Health Care; Health Policy; Humans; Value-Based Health Care","The author(s) declare that financial support was received for the research and/or publication of this article. This research was financially supported by the Faculty of Pharmacy, Ss Cyril and Methodius University in Skopje, Republic of North Macedonia.","Short survey","All Open Access; Gold Open Access; Green Accepted Open Access; Green Open Access","Scopus"
"Arenas, M.L.; Ijkema, C.; Jover, B.","Arenas, Marta Lago (60118555100); Ijkema, Caroline (60118591600); Jover, Berta (60118573000)","60118555100; 60118591600; 60118573000","New Perspectives in Digital Health for Patient Engagement in Cardiovascular Prevention The Rehab+ Experience","2025","","","","","53","70","10.4324/9781003568650-6","https://www.scopus.com/inward/record.uri?eid=2-s2.0-105017356334&doi=10.4324%2F9781003568650-6&partnerID=40&md5=dd3ed195112f4ecc5c06303d1ff866da","Each year, one million people in Europe suffer a myocardial infarction. Without proper support, many struggle to make necessary lifestyle changes to reduce recurrence risk. Although cardiac rehabilitation programs are effective, only about one-third of eligible patients participate, and the COVID-19 pandemic further restricted access, underscoring the urgent need for accessible, autonomous support in cardiac care. Rehab+ addresses this challenge as a digitally enabled, 12-month cardiac rehabilitation solution, guiding patients post-heart attack to adopt sustainable, heart-healthy habits to shift from a passive recovery mindset to active self-care. Delivered through an app, Rehab+ provides continuous support to help patients set and track lifestyle goals and engage with personalized educational content. Backed by a consortium and with support from EIT Health, the Rehab+ solution was developed following a human-centered approach: cocreated with patients, caregivers and healthcare professionals through interviews and feedback sessions to tailor the solution to their needs. This chapter reflects on learnings gathered during the development and implementation of Rehab+ and early insights from its ongoing evaluation. It focuses on the transformative impact of Rehab+ in the work of rehabilitation teams, as well as the experience of patients coming back to a new normal after suffering a heart attack. © 2026 selection and editorial matter, Jeff Wilkesmann; individual chapters, the contributors.","","Patient rehabilitation; Cardiac rehabilitations; Cardiovascular prevention; Continuous support; Educational contents; Health care professionals; Heart attack; It focus; Myocardial Infarction; Rehabilitation projects; Self-care; Heart","","Book chapter","","Scopus"
"Wilkesman, J.","Wilkesman, Jeff (6507859224)","6507859224","Conclusions","2025","","","","","150","156","10.4324/9781003568650-13","https://www.scopus.com/inward/record.uri?eid=2-s2.0-105017345627&doi=10.4324%2F9781003568650-13&partnerID=40&md5=f76e7e327a295b1ae95262e66b28f96b","This book began by analyzing the importance of multidisciplinary education to support healthy lifestyles. This approach integrates knowledge from various disciplines (such as health sciences, nutrition, psychology, physical education, public health and social sciences) to promote and sustain healthy behaviors in individuals and communities. It emphasizes a holistic, evidence-based and collaborative learning framework to equip professionals, students and the public with the skills and knowledge to improve health outcomes. Health is not just the absence of disease but a combination of physical, mental and social well-being. This important concept has been adjusted and integrated for further research at the EIT Health Ageing PhD School. Traditional education often focuses on isolated subjects, but multidisciplinary education to support healthy lifestyles integrates knowledge from various fields into practical strategies for individuals and communities to adopt healthier lifestyles. Significant gaps were identified, and the Ageing PhD School proposes different approaches to bridge those gaps. © 2026 selection and editorial matter, Jeff Wilkesmann; individual chapters, the contributors.","","","","Note","","Scopus"
"Favargiotti, S.; Pianegonda, A.; Betta, A.; Nikologianni, A.; Moore, K.; Ciolli, M.; Morganti, E.; Berg, M.; Elmqvist, B.; Ternell, A.; Nilsson, A.; Gretter, A.","Favargiotti, Sara (56258240300); Pianegonda, Angelica (57219488170); Betta, Alessandro (57201735957); Nikologianni, Anastasia (51665675000); Moore, Kathryn (56040494600); Ciolli, Marco (6507480049); Morganti, Elisa (23005527800); Berg, Martin (57219485403); Elmqvist, Bodil (8612799200); Ternell, Anna (15072312800); Nilsson, Anders M. (57219490184); Gretter, Alessandro (55376934700)","56258240300; 57219488170; 57201735957; 51665675000; 56040494600; 6507480049; 23005527800; 57219485403; 8612799200; 15072312800; 57219490184; 55376934700","The SATURN Pan European Project: Cross-Border and Cross-Practice Approaches for Urban/Rural Linkages towards Climate Adaptation","2025","","","","","134","144","10.4324/9781003025894-15","https://www.scopus.com/inward/record.uri?eid=2-s2.0-105012016424&doi=10.4324%2F9781003025894-15&partnerID=40&md5=6f81ceadc265469648f21658ad16a007","SATURN (System and sustainable Approach to virTuous interaction of Urban and Rural LaNdscapes) has been a pan European EIT Climate-KIC project including three different pilot areas in the city-regions of Birmingham (UK), Trentino (IT), Göteborg (SWE). European urban areas are expanding, thus leading to controversial growth dynamics, and to unbalanced relations between urban and rural landscapes. Therefore, landscape becomes physically fragmented. For this reason, the European Landscape Convention (2000) urges parties to adopt more integrated approaches and to introduce holistic landscape-scale strategies within regional development policy-making processes in order to incorporate ecological and socio-cultural features and better adapt to climate change. SATURN aims to increase landscape multifunctionality and integration that are needed to better respond to climate emergency by addressing air quality, food and water security, and sustainable land uses. In this chapter an analysis of the current European landscape is being proposed and the SATURN project is being described within, the context of the three hubs. The discussion then moves to the challenges contemporary landscape and territories are posing upon us, and how the three hubs have dealt with the topic of landscape fragmentation in relation to food security issues and through research into practice cooperation with local stakeholders. © 2025 selection and editorial matter, Kathryn Moore, Anastasia Nikologianni, Alex Albans, and Paul Cureton; individual chapters, the contributors. All rights reserved.","","Climate change; Food security; Food supply; Land use; Potassium alloys; Regional planning; Rural areas; Uranium alloys; Urban growth; Birmingham; Cross-border; European program; Growth dynamics; Rural landscapes; Urban and rural; Urban areas; Urban landscape; Urban-rural; Air quality","","Book chapter","All Open Access; Green Accepted Open Access; Green Open Access","Scopus"
"Rothbard, S.; Cossu, P.; Cartolano, F.; Rapin, P.; Mejía, H.; García Rubio, D.; Urbano Escobar, R.","Rothbard, Sandra (60019527400); Cossu, Paola (60018507400); Cartolano, Fabio (55318867500); Rapin, Philippe (60018509100); Mejía, Hernán (60018847600); García Rubio, David (60018509200); Urbano Escobar, Raúl (60019529200)","60019527400; 60018507400; 55318867500; 60018509100; 60018847600; 60018509200; 60019529200","Curbside Management: A Digital Solution Space Optimisation","2025","Lecture Notes in Mobility","Part F658","","","324","331","10.1007/978-3-031-95284-5_46","https://www.scopus.com/inward/record.uri?eid=2-s2.0-105011972074&doi=10.1007%2F978-3-031-95284-5_46&partnerID=40&md5=9bd2c7ea5969de67b5966d979db879d3","Curbside management has become a point of contention for municipalities as multiple road users, including transit, bicyclists, micromobility, shared vehicles, personal cars, city logistics and others, compete for access. Logistics service providers (LSPs) have difficulty finding safe and legal loading and unloading spaces near delivery receivers. With tight schedules, demanding customers, congestion, heavy cargo and few delivery zones, delivery drivers tend to double park in travel lanes, making it unsafe for them and other road users and contributing to congestion and an increase in emissions. To combat this problem, EIT Urban Mobility invested in FlexCurb, a two-part digital solution to help municipalities better visualise critical curb usage data (FlexCurb Planning Platform) and to help delivery drivers find available loading zones (FlexCurb Driver App). Four cities: Funchal, Portugal, Leuven, Belgium, Strasbourg, France and Toulouse, France were chosen to pilot the FlexCurb platform, evaluating curb regulations, viewing activity patterns, and identifying allocation imbalances. The pro-cess helped cities pinpoint which data they need to gather and how to use exist-ing data to answer complex questions about the curb. Testing and further development of the tools will continue as EIT Urban Mobility has included FlexCurb in its innovation project portfolio for a second year. © The Author(s) 2025.","Curbside; Loading zones; Parking; Public space; Urban logistics","Curbs; Highway administration; Highway planning; Laws and legislation; Loading; Logistics; Traffic congestion; Unloading; Urban planning; Curbside; Digital solutions; Loading zone; Micro-mobility; Optimisations; Public space; Road users; Solution space; Urban logistics; Urban mobility; Parking","Disclaimer: FlexCurb is supported by EIT Urban Mobility, an initiative of the European Institute of Innovation and Technology (EIT), a body of the European Union. Views and opinions expressed are however those of the author(s) only and do not necessarily reflect those of the European Union or European Institute of Innovation and Technology. Neither the European nor the granting authority can be held responsible for them.","Book chapter","All Open Access; Hybrid Gold Open Access","Scopus"
"Nolan, M.; Goodman, L.; Mulrennan, K.; Carden, M.; Mulligan, D.; Murphy, E.","Nolan, Mary (58765621200); Goodman, Lizbeth (59289211100); Mulrennan, Konrad (57200002921); Carden, M. (58765363700); Mulligan, D. (59644134800); Murphy, Eva (57703109300)","58765621200; 59289211100; 57200002921; 58765363700; 59644134800; 57703109300","Humanising Pedagogies in Transdisciplinary Education: Promoting Critical Thinking, Empathy, and Ethical Awareness in Real-World Problem-Solving","2025","IEEE Global Engineering Education Conference, EDUCON","","","","","","10.1109/EDUCON62633.2025.11016618","https://www.scopus.com/inward/record.uri?eid=2-s2.0-105008186869&doi=10.1109%2FEDUCON62633.2025.11016618&partnerID=40&md5=fb81750d27b9c722e46ec2378fb68bf3","Engineering education has traditionally emphasised technical expertise and objective knowledge. While essential, this focus alone is insufficient to equip students to address the relational, ethical, and societal complexities of modern challenges. By integrating humanising pedagogies, including transdisciplinary approaches and Joan Tronto's Ethics of Care, engineering education can foster critical thinking, empathy, and ethical awareness necessary to address complex, interconnected societal issues requiring nuanced, collaborative solutions. This study aims to evaluate how integrating care ethics into transdisciplinary education can foster critical thinking, ethical awareness, and relational understanding among students. It focuses on a design-thinking hackathon challenge, Innovation Days (i-Days), supported by EIT Health. The event brought together students from diverse disciplines to address health literacy and access to clean water in Entebbe, Uganda. Employing design-thinking workshops and reflective practices, students collaboratively developed innovative solutions. Using Rolfe et al.'s 'What? So What? Now What?' reflective model, the study analysed student experiences, revealing growth in collaboration, communication, and critical reflection. However, the findings also highlight the challenges of fostering deeper contextual sensitivity, meaningful stakeholder engagement, and care-based approaches necessary to realise the potential for local and global impact. By situating engineering education within a transdisciplinary framework, this study explores how care ethics equips students to address societal complexities. Applying Tronto's Ethics of Care framework, the study examines key ethical elements-attentiveness, responsibility, competence, responsiveness, and caring with-while acknowledging gaps in responsiveness and stakeholder collaboration. While the project successfully fostered initial awareness of societal issues and promoted shared responsibility within teams, its limited engagement with the Ugandan community underscored the need for more structured and sustained support systems. This approach demonstrates the potential of embedding care ethics into education to prepare students to tackle relational, ethical, and societal complexities, but also highlights the need for enhanced practices that prioritise inclusivity and co-creation in addressing intricate global challenges. By positioning the ethics of care as a cornerstone of humanising pedagogies, this study explores how embedding care ethics into education can enable students to design solutions that prioritise the well-being of people and the planet. It highlights the potential for fostering collaboration, effective communication, and the ability to navigate uncertainty when addressing societal complexities. However, the findings emphasise the importance of structured support, sustained stakeholder engagement, and inclusivity to fully realise these goals. By increasing exposure to care-based, transdisciplinary projects, engineering education can help students build confidence and competence in addressing wicked problems through empathy, contextual understanding, and responsiveness to the specific needs of those involved. © 2025 IEEE.","Engineering Education}; Ethics of Care; Humanising Pedagogies; Transdisciplinary Education","Education computing; Engineering education; Ethical technology; Students; Critical thinking; Design thinking; Embeddings; Engineering education}; Ethic of care; Ethical awareness; Humanizing pedagogy; Societal issues; Stakeholder engagement; Transdisciplinary education; Problem solving","","Conference paper","","Scopus"
"Zaei, M.E.; Klincewicz, K.","Zaei, Mansour Esmaeil (56289554500); Klincewicz, Krzysztof (24476470400)","56289554500; 24476470400","Scientific research infrastructures enhancing the industrial innovation for a circular bioeconomy: the case of agri-food sector-1","2025","","","","","156","179","10.4337/9781035307968.00019","https://www.scopus.com/inward/record.uri?eid=2-s2.0-105005241804&doi=10.4337%2F9781035307968.00019&partnerID=40&md5=5a0a65773227f1a97e300d000c2418f3","The chapter discusses the use of scientific research infrastructures to stimulate the circular bioeconomy innovations in industrial companies through the specific scenario of science-industry collaboration in the agri-food sector. It presents experiences and outcomes of EIT Food InfraBooster1, which helped scientific organizations develop new services to make their publicly-owned research infrastructures accessible to private-sector agri-food companies. The study identifies the differentiated occurrence of specific types of circular product and process innovations, linking the results to the characteristics of scientific organizations, regional differences, segments of agri-food sector, and specific Sustainable Development Goals. The experiences of agri-food research infrastructure owners can serve as a blueprint for other industries and segments of the circular bioeconomy, enhancing the commercial use of technological assets controlled by scientific organizations and stimulating industrial innovations. © The Editors and Contributing Authors Severally 2025. All rights reserved.","Agri-food companies; Agri-food research infrastructures; Circular bioeconomy; Circular innovations; Science-industry collaboration; Sustainable Development Goals","Agribusiness; Agricultural products; Bakeries; Breweries; Dairies; Food chemistry; Food industry; Food microbiology; Food preservation; Food safety; Food storage; Food supply; Food waste; Packing plants; Agri-food company; Agri-food research infrastructure; Circular bioeconomy; Circular innovation; Food companies; Food research; Food sector; Industry collaboration; Research infrastructure; Science-industry collaboration; Agri-food","","Book chapter","","Scopus"
"Brodnik, C.; Matti, C.; Romero Goyeneche, O.Y.","Brodnik, Christoph (57193835166); Matti, Cristian E. (55487202900); Romero Goyeneche, Oscar Yandy (56291955100)","57193835166; 55487202900; 56291955100","Systemic intermediation for transformative research and innovation policy: intermediation activities and networks enabled through a portfolio approach","2025","Innovation: The European Journal of Social Science Research","38","2","","631","652","10.1080/13511610.2024.2444535","https://www.scopus.com/inward/record.uri?eid=2-s2.0-105000131743&doi=10.1080%2F13511610.2024.2444535&partnerID=40&md5=cc627e07347ef0e052b7dac98f7ed36f","Systemic intermediation is pivotal for the operationalisation of transformative research and innovation (R&I) policy. This paper examines systemic intermediation at lower and higher system levels, focusing on the activities and networks that emerge through the implementation of a portfolio of R&I programmes and projects. By examining EIT Climate KIC’s portfolio through a mixed methods approach, combining semi-structured interviews with programme managers and social network analysis of food-related innovation projects, we uncover how distinct intermediation activities and network characteristics at two system levels underpin systemic intermediation. The paper demonstrates how systemic intermediation can be operationalised in R&I policy through a strategically aligned portfolio of R&I programmes and projects. This portfolio approach enables synergies between multiple interventions across system levels, enhancing complementarities and resource flows between projects, programmes, and overarching strategic objectives. The findings provide guidance for R&I policymakers on designing and implementing policy instruments that can effectively contribute to transformative change by leveraging systemic intermediation across system levels. The paper advances both scholarly understanding and policy practice in designing and implementing transformative R&I policy instruments. © 2025 The European Association for the Advancement of the Social Sciences.","portfolio approach; portfolio design; sustainability transitions; systemic intermediation; transformative research and innovation policy","innovation; network analysis; policy implementation; social network; technology policy","This work was supported by EIT Climate-KIC [grant number EIT_1.1.7_210040_P444_1A]. The authors would like to thank Bipashyee Ghosh, Carla Alvial Palavicino, Matthias Weber and Johan Schot for their comments and reflections on earlier versions of the paper. We are grateful for your ideas and insights. Furthermore, the corresponding author would like to acknowledge that the initial stages of this research were conducted while affiliated with the Austrian Institute of Technology (AIT). The support and resources provided by AIT during this phase were invaluable to the development of this work.","Article","","Scopus"
"Lagares, A.; de la Cruz, J.; Terrisse, H.; Mejan, O.; Pavlov, V.; Vermorel, C.; Payen, J.-F.; Maignan, M.; Viglino, D.; Jacquin, L.; Douplat, M.; Laribi, S.; Pès, P.; Ray, P.; Guénézan, J.; Sebbane, M.; Belen, F.; Durand, G.; Abric, C.; Gil-Jardiné, C.; Mihai, P.; Morales, J.; Castuera, A.; Castaño-León, A.M.; Delgado, J.; Fernández-Alén, J.F.","Lagares, Alfonso (6506519422); de la Cruz, Javier (57070755300); Terrisse, H. (57194034388); Mejan, Odile (57207906584); Pavlov, Vladislav (57209575231); Vermorel, Celine (57200751138); Payen, Jean François (7005728294); Maignan, Maxime (24390976900); Viglino, Damien (55931317100); Jacquin, Laurent (36931595000); Douplat, Marion (35621542400); Laribi, Said (36017071600); Pès, Philippe (55241852900); Ray, Patrick (7401892134); Guénézan, Jérémy (57188818816); Sebbane, Mustapha A. (8909027100); Belen, Frédéric (59426623600); Durand, Guillaume (56210846600); Abric, Cordelia (57790379900); Gil-Jardiné, Cédric (55955476400); Mihai, Podaru (57792049000); Morales, Julian (57792700600); Castuera, Ana (59426327100); Castaño-León, Ana María (55643518000); Delgado, Juan (59298007400); Fernández-Alén, José Antonio (6603831746)","6506519422; 57070755300; 57194034388; 57207906584; 57209575231; 57200751138; 7005728294; 24390976900; 55931317100; 36931595000; 35621542400; 36017071600; 55241852900; 7401892134; 57188818816; 8909027100; 59426623600; 56210846600; 57790379900; 55955476400; 57792049000; 57792700600; 59426327100; 55643518000; 59298007400; 6603831746","An automated blood test for glial fibrillary acidic protein (GFAP) and ubiquitin carboxy-terminal hydrolase L1 (UCH-L1) to predict the absence of intracranial lesions on head CT in adult patients with mild traumatic brain injury: BRAINI, a multicentre observational study in Europe","2024","eBioMedicine","110","","105477","","","10.1016/j.ebiom.2024.105477","https://www.scopus.com/inward/record.uri?eid=2-s2.0-85210305150&doi=10.1016%2Fj.ebiom.2024.105477&partnerID=40&md5=cbbf48947ecbc521b321fe9726947f68","Background: Following mild traumatic brain injury (mTBI), elevated concentrations of brain-specific blood proteins glial fibrillary acidic protein (GFAP) and ubiquitin C-terminal hydrolase-L1 (UCH-L1) may be indicative of intracranial lesions normally detected by head CT scans. We sought to validate the performance of this combination of biomarkers at predetermined cutoff values with an automated immunoassay to predict which patients did not have intracranial lesions. Methods: This prospective, observational study was conducted in France and Spain at 16 emergency departments. Adult patients with mTBI were eligible if they had a head CT scan and gave a 10-ml blood sample within 12 h of injury. GFAP and UCH-L1 serum concentrations were measured and analysed, in less than an hour time, according to predefined cutoff values of 22 pg/ml and 327 pg/ml, respectively. Serum concentrations of S100B protein were concomitantly determined in a subset of patients. The primary outcome measures were the sensitivity and negative predictive value (NPV) of the combined GFAP–UCH-L1 test to rule out intracranial lesions on head CT scans. ClinicalTrials.gov (NCT04032509). Findings: Between August 2019 and June 2021, 1508 patients were recruited, and 1438 were included in the main analysis. Median age was 69 years (IQR 44–83). Most patients (74%) presented 3 h after trauma. 179 (12.4%) patients were positive for intracranial lesions by CT. The sensitivity of the combined test was 98.3% (95% CI 95.0–99.7) and the specificity 24.9 (95% CI 22.6–27.4), with a NPV of 99.1% (95% CI 97.1–99.8). Three patients with a positive CT scan had negative biomarker test results. S100B had a sensitivity of 83.0% (95% CI 76.2–88.2) and a NPV of 94.2% (95% CI 91.6–96.0). Patients with higher biomarker values more frequently had poorer recovery at 3 months after injury. Interpretation: Testing for GFAP and UCH-L1, using validated cutoffs obtained with a new, fast automated immunoassay platform, accurately predicted the absence of intracranial lesions on head CT following mTBI. Funding: This study is co-funded by the European Institute of Innovation and Technology (EIT) Health, a body of the European Union (Grant nº19474). Biomarkers tests were funded by bioMérieux. © 2024 The Authors","Biomarkers; Clinical laboratory techniques; CT scan; Diagnosis; Mild traumatic brain injury; Prognosis","antithrombocytic agent; biological marker; glial fibrillary acidic protein; hydrolase; protein; ubiquitin; ubiquitin carboxy-terminal hydrolase L1; unclassified drug; GFAP protein, human; ubiquitin thiolesterase; UCHL1 protein, human; adult; aged; anterograde amnesia; anticoagulation; Article; blood level; blood sampling; brain damage; brain hemorrhage; brain injury; clinical trial; cohort analysis; community hospital; concussion; dementia; depression; diffuse axonal injury; dizziness; emergency ward; fatigue; female; follow up; Glasgow coma scale; Glasgow outcome scale; headache; human; immunoassay; intensive care unit; laboratory technique; limit of detection; major clinical study; male; McNemar test; middle aged; multicenter study; neuroradiologist; observational study; occult blood test; outcome assessment; Parkinson disease; pedestrian; petechia; predictive value; prevalence; prognosis; receiver operating characteristic; retrospective study; risk factor; seizure; sensitivity and specificity; skull fracture; subarachnoid hemorrhage; telephone interview; traumatic brain injury; vomiting; blood; brain concussion; diagnosis; diagnostic imaging; Europe; prospective study; x-ray computed tomography; Adult; Aged; Biomarkers; Brain Concussion; Female; Glial Fibrillary Acidic Protein; Humans; Male; Middle Aged; Prospective Studies; Tomography, X-Ray Computed; Ubiquitin Thiolesterase","This study is co-funded by the European Institute of Innovation and Technology (EIT) Health, a body of the European Union (Grant n\u00BA19474). Biomarkers tests were funded by bioM\u00E9rieux.","Article","All Open Access; Gold Open Access; Green Accepted Open Access; Green Open Access","Scopus"
"Prieto-Moreno, R.; Mora-Traverso, M.; Estévez, F.; Molina-Garcia, P.; Ortiz-Piña, M.; Salazar-Graván, S.; Cruz-Guisado, V.; Gago, M.L.; Martín-Matillas, M.; Ariza-Vega, P.","Prieto-Moreno, Rafael (57221602866); Mora-Traverso, Marta (57204689578); Estévez, Fernando (55136041600); Molina-Garcia, Pablo (57196002981); Ortiz-Piña, Mariana (57196056974); Salazar-Graván, Susana (6504070648); Cruz-Guisado, Víctor (57196273627); Gago, Marta Linares (59154750900); Martín-Matillas, Miguel (17346128000); Ariza-Vega, Patrocinio (56072605600)","57221602866; 57204689578; 55136041600; 57196002981; 57196056974; 6504070648; 57196273627; 59154750900; 17346128000; 56072605600","Effects of the ActiveHip+ mHealth intervention on the recovery of older adults with hip fracture and their family caregivers: a multicentre open-label randomised controlled trial","2024","eClinicalMedicine","73","","102677","","","10.1016/j.eclinm.2024.102677","https://www.scopus.com/inward/record.uri?eid=2-s2.0-85195090507&doi=10.1016%2Fj.eclinm.2024.102677&partnerID=40&md5=6e93ebaf84b2ecf1935fbb76fd5a4c2d","Background: Mobile health (mHealth) systems are a promising alternative for rehabilitation of hip fracture, addressing constrained healthcare resources. Half of older adults fails to recover their pre-fracture routines, which imposes a burden on caregivers. We aimed to test the effectiveness of the 3-month ActiveHip + mHealth intervention on physical and psychological outcomes of older adults with hip fracture and their family caregivers. Methods: In a multicentre open-label randomised controlled trial conducted across 3 hospitals in Andalusia (Spain), patients older than 65 with a hip fracture, who were previously independent and lacked cognitive impairment were recruited alongside with their caregivers. Participants were randomly allocated (1:1) to the intervention group (ActiveHip+) or control (usual care) group. The intervention group underwent a 12-week health education and tele-rehabilitation programme through the ActiveHip + mHealth intervention. The primary outcome, physical performance, was assessed using the Short Physical Performance Battery at three time points: at hospital discharge (baseline), 3-month after surgery (post intervention) and 1-year after surgery follow-up. Primary analyses of primary outcomes and safety data followed an intention-to-treat approach. This study is registered at ClinicalTrials.gov, NCT04859309. Findings: Between June 1st, 2021 and June 30th, 2022 data from 105 patients and their caregivers were analysed. Patients engaged in the ActiveHip + mHealth intervention (mean 7.11 points, SE 0.33) showed higher physical performance compared with patients allocated in the control group (mean 5.71 points, SE 0.32) at 3 months after surgery (mean difference in change from baseline 1.40 points, SE 0.36; puncorrected = 0.00011). These benefits were not maintained at 1-year after surgery follow-up (mean difference in change from baseline 0.19 points, SE 0.47; puncorrected = 0.68). No adverse events, including falls and refractures, were reported during the tele-rehabilitation sessions. At 3-months, the intervention group had 2 falls, compared to 4 in the control group, with no observed refractures. At the 1-year follow-up, the intervention group experienced 7 falls and 1 refracture, while the control group had 13 falls and 2 refractures. Interpretation: This study suggests that the ActiveHip + mHealth intervention may be effective for recovering physical performance in older adults with hip fracture. Importantly, the implementation of ActiveHip + into daily clinical practice may be feasible and has already been adopted in 18 hospitals, mostly in Spain but also in Belgium and Portugal. Thus, ActiveHip + could offer a promising solution when rehabilitation resources are limited. However, its dependence on caregiver support and the exclusion of participants with cognitive impairment makes it necessary to be cautious about its applicability. In addition, the non-maintenance of the effectiveness at 1-year follow-up highlights the need of refinement the ActiveHip + intervention to promote long-lasting behavioural changes. Funding: EIT Health and the Ramón y Cajal 2021 Excellence Research Grant action from the Spanish Ministry of Science and Innovation. © 2024 The Author(s)","Digital health; Health literacy; Osteoporotic hip fracture; Patient education; Tele-rehabilitation","ActiveHip; aged; anxiety; Article; behavior change; caregiver; chair speed; clinical practice; cognitive defect; controlled study; daily life activity; depression; emotion; European Quality of Life 5 Dimensions questionnaire; exercise; face to face support group; Falls Efficacy Scale; female; follow up; Functional Independence Measure; functional status; grip strength; Hamilton Depression Rating Scale; hip fracture; Hospital Anxiety and Depression Scale; human; intervention study; low back pain; major clinical study; male; multicenter study; numeric rating scale; open study; outcome assessment; pain; physical parameters; randomized controlled trial; self care; self report; short physical performance battery; social psychology; sociodemographics; walking speed","This study was supported by EIT Health (210752). FE-L was supported by the Ram\u00F3n y Cajal 2021 Excellence Research Grant action from the Spanish Ministry of Science and Innovation (FSE/AGENCIA ESTATAL DE INVESTIGACI\u00D3N, RYC2021-034311-I). We acknowledge all the patients, as well as their dedicated caregivers, for participating in our project.","Article","All Open Access; Gold Open Access; Green Accepted Open Access; Green Open Access","Scopus"
"Klapper, R.G.; Upham, P.J.; Oberstrass, T.","Klapper, Rita G. (9278272600); Upham, Paul John (8327141400); Oberstrass, Theresa (57427375900)","9278272600; 8327141400; 57427375900","Transformative pedagogy for sustainable entrepreneurship and technology innovation: The case of EIT climate KIC training","2024","International Journal of Management Education","22","2","100971","","","10.1016/j.ijme.2024.100971","https://www.scopus.com/inward/record.uri?eid=2-s2.0-85191174877&doi=10.1016%2Fj.ijme.2024.100971&partnerID=40&md5=0f4dbaf626bc75ec6169f1d10d747dd2","There is to date little research on the pedagogy of entrepreneurship and innovation aligned with sustainability. This study makes a case for, and empirically investigates, the value of a pedagogical approach to sustainable entrepreneurship and innovation that is intended to be transformative of participants. Following Sipos et al. (2008), we propose that such an approach should address all three pedagogical dimensions of abstract knowledge (head), practical competences (hands), and motivation (affect or heart). We take as an empirical probe the training offered by the European Institute of Innovation & Technology (EIT) Climate-KIC graduate education programme, a European Commission-funded initiative to develop sustainability-oriented technology entrepreneurs and innovators. Repertory grid-based interviews are undertaken with two cohorts of students, investigating the proposition that transformative, multidimensional approaches are appropriate for sustainable entrepreneurship education. We are presenting here an insider view of an EIT learning journey, a ‘lived experience’ view of how addressing all three pedagogical dimensions - Head, Hands and Heart – support transformative education in a sustainable entrepreneurship context. We argue that EIT training does offer all three educational elements and that these are viewed as valuable and transformative and that the affective dimension of learning had a strong impact on the participants. We observe that the concept of sustainable entrepreneurship seems to raise more cognitive and normative tensions than the concept of sustainable innovation, perhaps through the association of entrepreneurship with the profit motive. © 2024 Elsevier Ltd","Affect; Emotions; Pedagogy; Sustainable entrepreneurship; Technological innovation","","There is to date little research on the pedagogy of entrepreneurship and innovation aligned with sustainability. This study makes a case for, and empirically investigates, the value of a pedagogical approach to sustainable entrepreneurship and innovation that is intended to be transformative of participants. Following Sipos et al. (2008), we propose that such an approach should address all three pedagogical dimensions of abstract knowledge (head), practical competences (hands), and motivation (affect or heart). We take as an empirical probe the training offered by the European Institute of Innovation & Technology (EIT) Climate-KIC graduate education programme, a European Commission-funded initiative to develop sustainability-oriented technology entrepreneurs and innovators. Repertory grid-based interviews are undertaken with two cohorts of students, investigating the proposition that transformative, multidimensional approaches are appropriate for sustainable entrepreneurship education. We are presenting here an insider view of an EIT learning journey, a \u2018lived experience\u2019 view of how addressing all three pedagogical dimensions - Head, Hands and Heart \u2013 support transformative education in a sustainable entrepreneurship context. We argue that EIT training does offer all three educational elements and that these are viewed as valuable and transformative and that the affective dimension of learning had a strong impact on the participants. We observe that the concept of sustainable entrepreneurship seems to raise more cognitive and normative tensions than the concept of sustainable innovation, perhaps through the association of entrepreneurship with the profit motive.At the same time as illustrating the relevance of Sipos et al.\u2019s (2008) model of HHH to sustainable entrepreneurship and technology innovation pedagogy, we have also illustrated the challenges of pitching this at the right level and degree, given variation in participants' backgrounds. EIT Climate-KIC aims to educate in the aforementioned space, with a view to supporting and equipping participants in creating a venture. While EIT Climate KIC sought transformation, it did not intend to achieve life-changing transformation in the broad sense - yet eight participants of our sample did refer to the experience being one of significant personal development.","Article","All Open Access; Green Accepted Open Access; Green Final Open Access; Green Open Access","Scopus"
"Rataj, O.; Turkeli, S.","Rataj, Olga (56939301100); Turkeli, Serdar (26327065900)","56939301100; 26327065900","Success Factors for Scaling Up and Raising Investment by Circular Entrepreneurs in Emerging Markets and Developing Economies","2024","Circular Economy and Sustainability","4","2","","1021","1046","10.1007/s43615-023-00319-5","https://www.scopus.com/inward/record.uri?eid=2-s2.0-85174970029&doi=10.1007%2Fs43615-023-00319-5&partnerID=40&md5=64ebf641c51d3d6c1a23bbe5e0fb93b7","This paper sheds light on sustainability transitions in emerging markets and developing economies by analysing success factors for scaling up and raising investment by circular entrepreneurs with the use of qualitative comparative analysis (QCA). A systemic approach is adopted including internal, external, and contextual conditions. The paper provides both a theoretical contribution, in that a conceptual model of different relevant factors is presented as well as empirical validation based on a broad range of data distilled from surveys filled in by 33 entrepreneurs supported by three international projects, i.e. two by the United Nations Industrial Development Organization (Global Cleantech Innovation Programme and Private Financing Advisory Network) and one by Climate-KIC (Climate Launchpad). While three different relevant combinations of conditions have been identified for scaling up, there is no conclusive evidence of success factors for raising investment, and therefore, further conceptual and empirical work is recommended in this field. © The Author(s) 2023.","Circular entrepreneurship; Emerging markets and developing economies; Enterprise scale-up; Investment; Qualitative comparative analysis (QCA)","","","Review","All Open Access; Green Final Open Access; Green Open Access; Hybrid Gold Open Access","Scopus"
"Messina, F.; Lingua, A.M.; Martino, A.; Matrone, F.; Maschio, P.","Messina, Francesco (58483456500); Lingua, Andrea Maria (6507402873); Martino, Alessio (59141218300); Matrone, Francesca (57195330111); Maschio, Paolo Felice (55939733100)","58483456500; 6507402873; 59141218300; 57195330111; 55939733100","Fast and accurate Zero-defect manufacturing using collaborative real-time photogrammetry","2024","International Archives of the Photogrammetry, Remote Sensing and Spatial Information Sciences - ISPRS Archives","48","1","","495","502","10.5194/isprs-archives-XLVIII-1-2024-495-2024","https://www.scopus.com/inward/record.uri?eid=2-s2.0-85194062314&doi=10.5194%2Fisprs-archives-XLVIII-1-2024-495-2024&partnerID=40&md5=9d57890803b715a8c440a7a49e131b13","For the machining of industrial components, their accurate alignment on operative machines is a crucial step with significant impacts on the whole process, especially when dealing with large-scale elements. To achieve this alignment, a trained operator is needed along with expensive equipment, such as laser trackers, whose correct use requires the measurements of many significant points and is time-consuming. The lack of a precise alignment comes with possible incorrect parts machining, resulting in quality concerns and potentially expensive rework. To face this problem, collaborative real-time photogrammetry is an effective solution for guiding untrained users in correctly positioning various measured and codified components to generate the best solution for machining high-volume parts. The solution proposed in this contribution is part of the TACCO project, co-financed by EIT Manufacturing (co-funded by the EU). It takes advantage of the TACCO system, where auxiliary components (scale bars, dome-shaped components, coded targets and a cross-reference system) are placed on the object to be measured for their correct positioning in order to obtain an optimal photogrammetric reconstruction. This allows the reduction of the error ellipsoids on several uncoded targets, which are calculated through an iterative simulation carried out in a MATLAB environment. Unskilled operators are then guided through an Augmented Reality headset for their correct placement on the real-world object and for defining the positions and orientations from which to acquire images. This methodology will lead to an accurate measurement of the target points to be machined and, thus, a precise alignment process for the subsequent machining operations. © Author(s) 2024.","augmented reality; industrial metrology; Real-time photogrammetry; Zero-Defect manufacturing","Defects; Iterative methods; MATLAB; Photogrammetry; Industrial components; Industrial metrology; Large-scales; Measurements of; Precise alignments; Real- time; Real-time photogrammetry; Whole process; Zero defects; Zero-defect manufacturing; Augmented reality","The TACCO Project (tacco-project.eu) is funded by the EIT Manufacturing (co-funded by European Union) and among the partners (Ideko, Mondragon, Soraluce, Renishaw Iberica, Officine Meccaniche B.B.M., Maschinenfabrik W\u00FCstwillenroth GmbH, Dr. Matzat) can be found different realities such as milling machine construction companies, probing and gauging system experts, fixtures and clamping elements designing companies, as well as end-user manufacturing companies producing large-volume components, research centre and universities. The contribution of the Politecnico di Torino research team is to improve the user experience and the overall accuracy of the target points to be machined positioning, refining the work done by partners on VSET for reaching new milestones in the use of Photogrammetry for Industrial Alignment.","Conference paper","All Open Access; Gold Open Access; Green Accepted Open Access; Green Open Access","Scopus"
"Balassone, S.","Balassone, Sergio (59119886500)","59119886500","Fostering Innovation and Entrepreneurship in Europe: The EIT Digital Journey","2024","Computer","57","5","","35","38","10.1109/MC.2024.3375623","https://www.scopus.com/inward/record.uri?eid=2-s2.0-85192728759&doi=10.1109%2FMC.2024.3375623&partnerID=40&md5=4fc9accabb446af79725b3582d035365","The article details European Institute of Innovation and Technology Digital's pivotal role in nurturing Europe's digital innovation and entrepreneurship landscape since its inception in 2010, outlining the organization's approach, combining Europe's technological knowledge base with entrepreneurial spirit, propelling Europe to the forefront of the global digital economy. © 1970-2012 IEEE.","","Digital economy; Digital innovations; Innovation and technology; Technological knowledge; Knowledge based systems","","Article","","Scopus"
"Durmaz, T.; Tejero, A.; León, G.","Durmaz, Taygun B. (57959994600); Tejero, Alberto (57202057062); León, Gonzalo (7102863346)","57959994600; 57202057062; 7102863346","Influence of group dynamics on blended higher-education training; El impacto de las dinámicas de grupo y el aprendizaje mixto en la formación de educación superior","2024","Revista de Educacion","1","404","","25","51","10.4438/1988-592X-RE-2024-403-617","https://www.scopus.com/inward/record.uri?eid=2-s2.0-85189071417&doi=10.4438%2F1988-592X-RE-2024-403-617&partnerID=40&md5=8372ed909d552d8e8eea1e1a08eadc13","This article explores the benefits of combining blended learning and group dynamics approaches in higher education. While blended learning is known to offer greater efficiency in teaching hours than traditional face-to-face education, it can also result in a lack of communication and relatedness among peers, negatively impacting student well-being and performance. To address this, the study conducted an experiment with Master’s students from the European Institute of Innovation and Technology within the EIT Digital knowledge and innovation community. One group was instructed with traditional teaching methodology, while the other group was instructed with group dynamics infused blended learning. The study found that the blended learning students internalized the external motivator of group dynamics. The use of group dynamics infused blended learning approach not only sustained the well-being and performance of blended students, but also improved the assimilation of technical and soft skills compared to traditional approaches. Thus, the group dynamics serves as a catalyst for effective teaching in blended learning environments and enhances the students’ academic performance of group activities. Overall, the findings of this study suggest that blended learning education can be improved through the use of group dynamics. The article concludes that this work could contribute to the implementation of blended learning education in the post-coronavirus era, as it offers an effective approach for sustaining student well-being and performance while achieving teaching efficiency. © 2024, Ministry Education and Science. All rights reserved.","blended learning; efficiency; group dynamics; higher education; intrinsic motivation; quantitative analysis","","","Article","","Scopus"
"Fernández-Pittol, M.; Bosch, J.; Ballesté-Delpierre, C.; Gonzalez, C.; Vasilakopoulou, A.; Berbel, D.; Riccobono, E.; Gatermann, S.; Kamotsay, K.; Reissier, S.; Szabó, D.; Aszalos, A.Z.; Francius, L.; Volland, H.; Stankov-Puges, M.; Rosenmöller, M.; Naas, T.; Vila, J.","Fernández-Pittol, Mariana José (57200637872); Bosch, Jordi Niubó (56271331500); Ballesté-Delpierre, Clara (56030296500); Gonzalez, Camille (57195231451); Vasilakopoulou, Alexandra (6504364938); Berbel, Dàmaris (57194558256); Riccobono, Eleonora (26647041300); Gatermann, Sören G. (7003451010); Kamotsay, Katalin (6507582477); Reissier, Sophie (57031968400); Szabó, Dóra (7005143859); Aszalos, Albert Zoltan (58220723700); Francius, Laura (58221375000); Volland, Hervé (35556442100); Stankov-Puges, Milovan (58220723800); Rosenmöller, Magda (57194505472); Naas, Thierry P. (7006247854); Vila, Jordi (57208073558)","57200637872; 56271331500; 56030296500; 57195231451; 6504364938; 57194558256; 26647041300; 7003451010; 6507582477; 57031968400; 7005143859; 58220723700; 58221375000; 35556442100; 58220723800; 57194505472; 7006247854; 57208073558","Multicenter study to assess the use of BL-DetecTool for the detection of CTX-M-type ESBLs and carbapenemases directly from clinical specimens","2024","Journal of Clinical Microbiology","62","3","","","","10.1128/jcm.01136-23","https://www.scopus.com/inward/record.uri?eid=2-s2.0-85188517237&doi=10.1128%2Fjcm.01136-23&partnerID=40&md5=6d312ccbdd6dea8d113a30b9a444cfe3","Antimicrobial resistance (AMR) is one of the major public health problems worldwide. Multiple strategies have been put in place to address this problem. One of them is the rapid detection of the mechanisms of resistance, such as extended-spectrum beta-lactamases (ESBLs) and/or carbapenemases. We conducted a multicenter study that included nine European centers for the assessment of prototypes of a novel lateral flow immunoassay-based device (BL-DetecTool) for a rapid detection of ESBL (NG-Test CTX-M-MULTI DetecTool) and/or carbapenemases (NG-Test CARBA 5 DetecTool) from Enterobacterales and Pseudomonas aeruginosa in positive urine, positive blood cultures, and rectal swabs. We performed a prospective analysis between January 2021 and June 2022, including overall 22,010 samples. Based on each hospital information, the sensitivity to detect CTX-M was 84%–100%, 90.9%–100%, and 75%–100% for urine, positive blood cultures, and enriched rectal swabs, respectively. On the other hand, the sensitivity to detect carbapenemases was 42.8%–100%, 75%–100%, and 66.6%–100% for urine, positive blood cultures, and enriched rectal swab, respectively. BL-DetecTool allows a rapid and reliable detection of ESBL and carbapenemases directly from urine, positive blood cultures, or enriched rectal swabs, being an easy technique to implement in the workflow of clinical microbiology laboratories.ISGlobal (CEX2018-000806-S) is recipient of a Severo Ochoa Award of Excellence from MINECO (Government of Spain). ISGlobal acknowledges support from the Generalitat de Catalunya through the CERCA Program. This work was also supported by Instituto de Salud Carlos III (Carlos III Institute of Health) (PI20/00766), award 2021SGR01569 from the Agència de Gestió d’Ajuts Universitaris i de Recerca of the Generalitat de Catalunya (Agency for Management of University and Research Grants of the Catalan Government), and from EIT-Health (20020). This work was partially supported by the Assistance Publique-Hôpitaux de Paris, the University Paris-Saclay, the Institut National de la Santé et de la Recherche Médicale (INSERM), and a grant from EIT Health for the support of the BL-DetecTool project. We are grateful to the Pasteur International Bioressources Networking for providing whole genome sequencing facilities (Paris, France). We would like to express our thanks to the members of the BL-DetecTool Team for their contribution in carrying out the study. The BL-DetecTool Team members are as follows: France: CEA (Commissariat à l'Énergie Atomique et aux Énergies Alternatives) Célestine Maraiville and Anaïs Dabbadie; APHP: Saoussen Oueslati. Hungary: Semmelweis University, Hungary-Budapest, Hungary: Szilvia Farkas (Health Services Management Training Centre); DPC Kórház (South Pest Central Hospital) Laboratory of Microbiology: Katalin Kristof and Leposa Józsefné. Italy: University of Florence (Department of Experimental and Clinical Medicine, Florence) and Careggi University Hospital (Clinical Microbiology and Virology Unit), Florence, Italy: Chiara Chilleri, Alberto Antonelli, and Gian Maria Rossolini. Spain: Department of Microbiology, Hospital of Bellvitge, Barcelona, Spain: M. Angeles Dominguez. Greece: Laboratory of Clinical Microbiology, Attikon University General Hospital, Medical School, National and Kapodistrian University of Athens, Panagiota-Christina Georgiou, Sophia Vourli, Spyros Pournaras. H.V. has filed on behalf of CEA a patent for the SPID platform. M.S.P. and L.F. are employees of NG Biotech and were involved in the BL-DetecTool manufacturing but not in the data analysis. All the other authors declare no competing interests. © © 2024 American Society for Microbiology. All Rights Reserved.","antibiotic resistance; carbapenemases; direct sample; ESBL; lateal flow immunoassay; rapid test","beta lactamase CTX M; carbapenemase; cephalosporin; extended spectrum beta lactamase; antibiotic resistance; Article; bacterium detection; blood culture; controlled study; diagnostic test accuracy study; Enterobacter; Enterobacter asburiae; Enterobacter cloacae; enterobacter hormaechei; enterobacter kobei; enterobacter ludwigii; Enterobacterales; flow cytometry; immunoassay; Klebsiella pneumoniae; Klebsiella variicola; matrix assisted laser desorption ionization time of flight mass spectrometry; multicenter study; nonhuman; polymerase chain reaction; predictive value; prevalence; prospective study; Pseudomonas aeruginosa; sensitivity and specificity; whole genome sequencing","Funding text 1: Funder Grant(s) Author(s) Fundaci\u00F3n Carmen y Severo Ochoa (Carmen and CEX2018-000806-S Jordi Vila Severo Ochoa Foundation) MEC | Instituto de Salud Carlos III (ISCIII) PI20/00766 Jordi Vila Agency for Management and Research Grants of 2021SGR01569 Jordi Vila Catalan Goverment EC | H2020 | EIT | EIT Health 20020 Herv\u00E9 Volland; Funding text 2: This work was partially supported by the Assistance Publique-H\u00F4pitaux de Paris, the University Paris-Saclay, the Institut National de la Sant\u00E9 et de la Recherche M\u00E9dicale (INSERM), and a grant from EIT Health for the support of the BL-DetecTool project.; Funding text 3: ISGlobal (CEX2018-000806-S) is recipient of a Severo Ochoa Award of Excellence from MINECO (Government of Spain). ISGlobal acknowledges support from the Generalitat de Catalunya through the CERCA Program. This work was also supported by Instituto de Salud Carlos III (Carlos III Institute of Health) (PI20/00766), award 2021SGR01569 from the Ag\u00E8ncia de Gesti\u00F3 d\u2019Ajuts Universitaris i de Recerca of the Generalitat de Catalunya (Agency for Management of University and Research Grants of the Catalan Government), and from EIT-Health (20020).","Article","All Open Access; Green Accepted Open Access; Green Open Access","Scopus"
"Ilin, I.; Shlyakhto, M.; Dubgorn, A.; Grigoreva, A.; Esser, M.","Ilin, Igor V. (57212553616); Shlyakhto, Margarita (59149678200); Dubgorn, Alisa S. (57195321953); Grigoreva, Anastasiia A. (57200255453); Esser, Manfred (57221117421)","57212553616; 59149678200; 57195321953; 57200255453; 57221117421","Using Enterprise Architecture Approach to Model Healthcare Innovation Hubs","2024","Contributions to Management Science","Part F2867","","","115","134","10.1007/978-3-031-53614-4_7","https://www.scopus.com/inward/record.uri?eid=2-s2.0-85194578816&doi=10.1007%2F978-3-031-53614-4_7&partnerID=40&md5=d8472ec8c551fa1a1c8c9d7ab4ce7e10","The medical industry is characterized by the fact that its digital transformation and the subsequent changes run much slower than in other industries. The introduction of innovative solutions related to patient-centric, value-oriented digital technologies is extremely important for the global health-care system (as announced by the World Health Organization) as well as for the health-care system of the Russian Federation (as announced by the Ministry of Health of the Russian Federation) Digital transformation in health-care requires significant efforts to unify the researchers and specialists of various industries: scientific and medical organizations, pharmaceutical companies, manufacturers of medical equipment, innovative and information technology (IT) companies. Collaboration within the ecosystem of healthcare (medical) hubs, according to theorists and practitioners, can significantly accelerate the widespread introduction of innovations in medicine. The experience of combining cross-functional efforts through the formation of innovation medical hubs already exists in Japan, Germany, Switzerland and other countries. Theier experience demonstrates certain results in accelerating the innovative development of the health-care industry. The medical direction of activity of the European multi-industrial hub EIT Digital shows acceleration of the development and implementation of digital products by 25%, as well as an increase in the profits of companies involved in the hub associated with the development and implementation of digital products by an average of 20%. All these cases confirm the successful experience of implementing healthcare innovation hubs abroad. At the same time, in the Russian Federation, the practice of organizing innovation hubs is already being carried out in other industries (Kaspersky hub, Rosatom innovation hub), but, so far, there is no cross-functional medical innovation hubs, despite several attempts to organize cross-functional activities in the form of medical incubators and clusters. The purpose of this chapter is to present architectural models of a healthcare innovation hub (multi-industrial community) aimed at the development of research, educational and industrial project activities based on cross-industry and cross-disciplinary interaction of leading organizations and specialists in the field of medicine, high-tech medical companies, supported by information and digital technologies by analyzing the leading health-care hubs worldwide. As a result the healthcare hub architecture model consists of four layers and includes business processes of the hub, requirements for the digital platform of the hub, and a hardware system for working with medical, personal, and management data as well as physical infrastructure characteristic for innovation processes in medicine. © The Author(s), under exclusive license to Springer Nature Switzerland AG 2024.","Cross-functional medical innovation hub; Digital platform; Enterprise architecture; Innovation development; Innovation hub; Innovative ecosystem","","Funding text 1: \u2013 HosmartAI is a platform that enables digital health solution providers to design and develop artificial intelligence solutions, present and deploy them, and ana-lyze their benefits. Funding is under the European Union\u2019s Horizon 2020 grant. At the time of writing this chapter, eight pilot projects from different European countries were launched as part of the platform. Pilot projects receive grant fund-ing, access to the ecosystem, and participation in mentoring and educational programs.; Funding text 2: Training programs for participants are free of charge and funded by the Ministry of Science, Research and the Arts of Baden-Wrttemberg.","Book chapter","","Scopus"
"Torreggiani, D.; Galan, J.; Galiana, F.; Pedroli, B.; Servera-Martínez, E.","Torreggiani, Daniele (24336908000); Galan, Juanjo (58925793500); Galiana, Francisco (57191328219); Pedroli, Bas (6603412893); Servera-Martínez, Emilio (58926657300)","24336908000; 58925793500; 57191328219; 6603412893; 58926657300","Planning the Adaptation of European Landscapes to Climate Change: The Experience of the EIT Climate-KIC AELCLIC Project","2024","Environmental History (The Netherlands)","15","","","165","170","10.1007/978-3-031-25713-1_19","https://www.scopus.com/inward/record.uri?eid=2-s2.0-85187129771&doi=10.1007%2F978-3-031-25713-1_19&partnerID=40&md5=11e088804245bce864351620d6158a3b","Despite growing awareness about climate change (CC) issues, European landscapes are facing increasingly severe challenges related to CC for which a common understanding, vision and effective integrated solutions are not yet available or implemented on a large scale. Therefore, planning the adaptation of landscapes to CC is crucial for our well-being and socio-economic development. From this concern stemmed the EIT Climate-KIC AELCLIC-Pathfinder project (aelclicpathfinder.com), aimed at defining and testing transferable and scalable models in different climatic, socio-economic, cultural and bio-geographical European conditions for the creation of local networks able to define their own Landscape CC Adaptation Plans (LACAPs). The paper presents some of the main findings of a comparative analysis of the 15 pilot landscapes included in the project. The following were found to be key AELCLIC principles: 1. The landscape concept functions as a systemic and integrated framework to overcome sectoral approaches and to foster a new approach to CC adaptation, deeply rooted in participatory learning and co-creation processes. 2. The construction of multi-stakeholder local networks helps assure the implementability, legitimacy and feasibility of the outcomes. 3. The community-based identification of landscape values, CC impacts, goals and topics for CC adaptation enhances local support and the solidity of the adaptation strategy or LACAP. Moreover, by following this process, opportunities for innovative actions, potential solutions for foreseeable problems and options to overcome barriers can be discussed in a more productive and visionary way. In all its pilot landscapes, AELCLIC led to the co-definition of programmatic inputs for LACAPs, whose scope and form varied based on the specific context (strategic plans, thematic or specific plans, pilot actions, etc.). Their potential integration with other policies and planning tools were taken into account. AELCLIC has created new spaces and expanded existing ones for international and intercultural dialogue on an issue of crucial importance for both local communities and Europe. This shows that CC adaptation can become an opportunity for promoting landscape quality and strengthening landscape identities. © The Author(s), under exclusive license to Springer Nature Switzerland AG 2024.","Climate change adaptation; Co-creation process; Landscape planning; Participatory planning","","The AECLIC pathfinder project was funded by EIT Climate-KIC.","Book chapter","All Open Access; Green Accepted Open Access; Green Open Access","Scopus"
"Sousa-Pinto, B.; Palamarchuk, Y.; Leemann, L.; Jankin Mikhaylov, S.; Basagana, X.; Ballester, J.; Bedbrook, A.; Czarlewski, W.; Almeida, R.; Haahtela, T.; Haveri, H.; Prass, M.; Henriques, T.; Vieira, R.J.; Klimek, L.; Ollert, M.; Shamji, M.H.; Jutel, M.; Del Giacco, S.; Torres, M.J.; Zuberbier, T.; Fonseca, J.A.; Sofiev, M.; Anto, J.M.; Bousquet, J.","Sousa-Pinto, Bernardo (55982726300); Palamarchuk, Julia (59361146100); Leemann, Lucas (36675163800); Jankin Mikhaylov, Slava (57224439006); Basagana, X. (55887724000); Ballester, Joan (57548805000); Bedbrook, Anna (55253648100); Czarlewski, Wienczyslawa (57203909023); Almeida, Rute Alexandra Borges (57202657967); Haahtela, Tari M.K. (7004531314); Haveri, Hanna (8769154900); Prass, Marju (57193155991); Henriques, Teresa S. (55626786600); Vieira, Rafael José (57189456989); Klimek, Ludger (7005088080); Ollert, Markus W. (7004161698); Shamji, Mohamed H. (57210446924); Jutel, Marek (7004260631); Del Giacco, Stefano Renato (55828150411); Torres, María José (58280986000); Zuberbier, Thorsten (7004554588); Fonseca, João Almeida (58285011800); Sofiev, Mikhail A. (6701695585); Anto, Josep Maria (57218106928); Bousquet, Jean J. (55156315400)","55982726300; 59361146100; 36675163800; 57224439006; 55887724000; 57548805000; 55253648100; 57203909023; 57202657967; 7004531314; 8769154900; 57193155991; 55626786600; 57189456989; 7005088080; 7004161698; 57210446924; 7004260631; 55828150411; 58280986000; 7004554588; 58285011800; 6701695585; 57218106928; 55156315400","From MASK-air and SILAM to CATALYSE (Climate Action To Advance HeaLthY Societies in Europe)","2024","Journal of Investigational Allergology and Clinical Immunology","34","1","","12","19","10.18176/jiaci.0923","https://www.scopus.com/inward/record.uri?eid=2-s2.0-85185970450&doi=10.18176%2Fjiaci.0923&partnerID=40&md5=d63a970badc967118855304cffe9b413","Plant species vary under different climatic conditions and the distribution of pollen in the air. Trends in pollen distribution can be used to assess the impact of climate change on public health. In 2015, the Mobile Airways Sentinel networK for rhinitis and asthma (MASK-air®) was launched as a project of the European Innovation Partnership on Active and Healthy Ageing (EIP-on-AHA, DG Santé and DG CONNECT). This project aimed to develop a warning system to inform patients about the onset of the pollen season, namely, the System for Integrated modeLling of Atmospheric coMposition (SILAM). A global-to-meso–scale dispersion model was developed by the Finnish Meteorological Institute (FMI). It provides quantitative information on atmospheric pollution of anthropogenic and natural origins, particularly on allergenic pollens. Impact of Air Pollution on Asthma and Rhinitis (POLLAR, EIT Health) has combined MASK-air clinical data with SILAM forecasts. A new Horizon Europe grant (Climate Action to Advance HeaLthY Societies in Europe [CATALYSE]; grant agreement number 101057131), which came into force in September 2022, aims to improve our understanding of climate change and help us find ways to counteract it. One objective of this project is to develop early warning systems and predictive models to improve the effectiveness of strategies for adapting to climate change. One of the warning systems is focused on allergic rhinitis (CATALYSE Task 3.2), with a collaboration between the FMI (Finland), Porto University (Portugal), MASK-air SAS (France), ISGlobal (Spain), Hertie School (Germany), and the University of Zurich (Switzerland). It is to be implemented with the support of the European Academy of Allergy and Clinical Immunology. This paper reports the planning of CATALYSE Task 3.2. © 2024 Esmon Publicidad.","CATALYSE; Climate change; MASK-air; Pollen; SILAM","air pollution; air quality; allergic disease; allergic rhinitis; climate; climate change; pollen; pollen allergy; Review; asthma; catalysis; Europe; human; allergen; Allergens; Asthma; Catalysis; Humans; Rhinitis, Allergic","Funding text 1: RA reports personal fees from Operation POCI-01-0145-36 FEDER-029130 (\u201CmINSPIRE-mHealth to measure and improve adherence to medication in chronic respiratory diseases\u2014generalisation and evaluation of gamification, peer support and advanced image processing technologies\u201D) cofunded by the European Regional Development Fund, COMPETE2020 (Programa Operacional Competitividade e Internacionaliza\u00E7\u00E3o), Portugal 2020 and by Portuguese Funds through FCT (Funda\u00E7\u00E3o para a Ci\u00EAncia e a Tecnologia). RA has also received personal fees from Project BBAI \u2013 Brain Behaviour analysis using the most advanced Artificial Intelligence and Computer Vision, NORTE-01-0247-FEDER-069809, Ag\u00EAncia Nacional de Inova\u00E7\u00E3o S.A., funded by Portugal 2020, outside the submitted work.; Funding text 2: This work was funded by the European Union's Horizon Europe research and innovation programme under Grant Agreement No. 101057131, Climate Action To Advance HeaLthY Societies in Europe (CATALYSE). MASK-air\u00AE was supported by EU grants (POLLAR, EIT Health; Structural and Development Funds, Twinning, EIP on AHA and H2020) and educational grants from Mylan-Viatris, ALK, GSK, Novartis, and Uriach.","Review","All Open Access; Gold Open Access","Scopus"
"Broy, J.; Schreiber, R.; Govers, M.","Broy, Joanna (59723780600); Schreiber, Rudy (57211768481); Govers, Mark J.G. (34871998500)","59723780600; 57211768481; 34871998500","From Scientists to Innovators for Industry: An European Program Addressing the Workforce Challenge in the Pharma Industry","2024","","","","","31","48","10.1007/978-3-031-61992-2_3","https://www.scopus.com/inward/record.uri?eid=2-s2.0-105001781953&doi=10.1007%2F978-3-031-61992-2_3&partnerID=40&md5=f3b2a7f108d9b4f518b8bd4aeb1056b8","Pharmaceutical companies play a key role in both the global and health economy. However, the sector is facing a number of challenges, including talent shortages. A majority of businesses have employees who are not fully proficient to perform their job at the required level, and many struggle to find qualified people. And universities focus on scientific curricula mostly geared toward a career in academia. To bridge this gap, it is imperative for academia, industry, and governments to collaborate with the mutual aim of equipping emerging talents with the necessary skills to cultivate a workforce of professionals that can effectively translate academic and industrial research into societal impact, which is exactly the aim of the program “From Scientists to Innovators for Industry” (SCI FI). We operate under the European Institute for Innovation and Technology (EIT) Health umbrella, and the program supports early career researchers to transition from academic research to working in the life sciences and pharmaceutical industry. The program, prepared by 11 academic and 7 nonacademic partners, offers seven core modules that cover transferable skills. Participants work in teams with mentors from industry on case studies. After two editions, already over 25% of almost 250 early career researchers from over 30 countries have transferred to industry. This is a very significant result considering the fact that almost half of the PhD candidates are willing to move to the private sector and industry within 10 years after their graduation. The SCI FI example shows that a more hands-on approach, based on real-life challenges, and direct cooperation with industry can significantly contribute to an effective career change. © The Editor(s) (if applicable) and The Author(s), under exclusive license to Springer Nature Switzerland AG 2021, 2024.","","","","Book chapter","","Scopus"
"Lunardon, A.; Vladimirova, D.; Boucsein, B.","Lunardon, Alice (58751508600); Vladimirova, Doroteya (56039205800); Boucsein, Benedikt (56287571100)","58751508600; 56039205800; 56287571100","How railway stations can transform urban mobility and the public realm: The stakeholders’ perspective","2023","Journal of Urban Mobility","3","","100047","","","10.1016/j.urbmob.2023.100047","https://www.scopus.com/inward/record.uri?eid=2-s2.0-85161505922&doi=10.1016%2Fj.urbmob.2023.100047&partnerID=40&md5=84ad29e1a1791c010b4874aa0a30ea90","Railway stations are massive infrastructures through which people, products, materials, and energy flow every day. They usually gather a multitude of functions and provide a wide range of services to users based on their respective specific features. Thus, railway stations have the potential to play a critical role in reshaping our cities in a sustainable manner by facilitating intermodality, green and active modes of transport and logistics, and by gathering proximity services. In this reshaping process, implementing effective and seamless mobility, as well as the proximity of services, are key challenges. However, no urban transformation process can take place without the involvement and commitment of the respective stakeholders. This paper aims to form an understanding of the views these stakeholders have towards the potential of railway stations transformation, for the broad European context, to carve out first paths towards actually achieving that transformation. This study analyses a wide range of inputs and considerations made during a series of workshops held in 2021 by the EIT Urban Mobility where experts from a wide range of fields exchanged their experiences and ideas around the topics of urban mobility and public realm. In this process, railway stations emerged as a key player to meet the challenges of cities’ sustainable development. After analysing their potential and exploring policy obstacles that are currently hampering such a transformation, this paper suggests a series of recommendations to better exploit railway stations, gained from the stakeholders’ perspective. © 2023","Railway station; Sustainable cities; Sustainable transport; Transport; Urban mobility","","","Article","All Open Access; Gold Open Access; Green Accepted Open Access; Green Open Access","Scopus"
"Zajzon, N.; Topa, B.A.; Papp, R.Z.; Aaltonen, J.; Almeida, J.M.; Almeida, C.; Martins, A.; Bodó, B.; Henley, S.; Pinto, M.T.; Aibret, G.","Zajzon, Norbert (6505687921); Topa, Boglárka Anna (57204782938); Papp, Richárd Zoltán (57207917280); Aaltonen, Jussi M. (55690633000); Almeida, José Miguel M.Mde (59516207500); Almeida, Carlos (57197545471); Martins, Alfredo (58564861300); Bodó, Balázs (57195984174); Henley, Stephen (57197210031); Pinto, Marcio Tameirao (58400285000); Aibret, Gorazd (58628755200)","6505687921; 57204782938; 57207917280; 55690633000; 59516207500; 57197545471; 58564861300; 57195984174; 57197210031; 58400285000; 58628755200","Underwater measurements with UX robots; A new and available tool developed by UNEXUP","2023","Advances in Geosciences","62","","","1","10","10.5194/adgeo-62-1-2023","https://www.scopus.com/inward/record.uri?eid=2-s2.0-85173054485&doi=10.5194%2Fadgeo-62-1-2023&partnerID=40&md5=2820a5433bd935017c8e4b69698f87d3","The UNEXMIN (Horizon 2020) and UNEXUP (EIT RawMaterials) projects developed a novel technology to send robots and even autonomously deliver optical images, 3D maps and other georeferenced scientific data from flooded underground environments, like abandoned mines, caves or wells. The concept turned into a market ready solution in seven years, where the last few years of field trials of the development beautifully demonstrating the technology's premier capabilities. Here in this paper, we focus on the wide variety of environments, circumstances and measurements where the UNEXMIN technology can be the best solution or the only solution to deliver certain research or engineering data. These are obtained from both simple and complex environments like different mines and caves, small and large cavities, long and tight tunnels and shafts, different visibility conditions, even different densities of the liquid medium where UX robots operated. © 2023 Copernicus GmbH. All rights reserved.","","measurement method; remotely operated vehicle; robotics; subterranean environment; technological development","Funding text 1: This research has been supported by the Horizon 2020 (grant no. 690008) and the EIT RawMaterials (grant no. 19160).; Funding text 2: The UNEXMIN project was funded by the European Union through the Horizon 2020 research and innovation programme under the no. 690008 grant agreement. UNEXUP was funded partially by the European Union in EIT RawMaterials project no. 19160.","Article","All Open Access; Gold Open Access; Green Accepted Open Access; Green Open Access","Scopus"
"Penna, C.C.R.; Romero Goyeneche, O.Y.; Matti, C.","Penna, Caetano C.R. (54950879900); Romero Goyeneche, Oscar Yandy (56291955100); Matti, Cristian E. (55487202900)","54950879900; 56291955100; 55487202900","Exploring indicators for monitoring sociotechnical system transitions through portfolio networks","2023","Science and Public Policy","50","4","","719","741","10.1093/scipol/scad015","https://www.scopus.com/inward/record.uri?eid=2-s2.0-85168736160&doi=10.1093%2Fscipol%2Fscad015&partnerID=40&md5=14f947bc6a47c0d0abdde168fdc65d12","In this paper, we propose a method for tracking the evolution of sociotechnical niches supported by sustainability-focused project portfolios. Based on social network analysis (SNA), this method can be used to evaluate and monitor funding initiatives that seek to advance sociotechnical transitions. It is an important area of study because there is currently a lack of tools for measuring the success of efforts to promote transformative innovation. Conceptually, our approach is based on existing sociotechnical transition research and offers insights into how project networks evolve. We applied this method to a specific portfolio of food system projects that the European Institute for Innovation and Technology Climate-KIC supported. Our results show that SNA can provide a proper visual representation of the infrastructure that supports programme-based investment and can help us understand how specific network structures can support niche development and protect it from external pressures. © 2023 The Author(s). Published by Oxford University Press.","portfolios; social network analysis; sociotechnical transitions; ST&I indicator frameworks; transformative innovation policy","conceptual framework; innovation; monitoring system; network analysis; social network; tracking; Europe","The methodology was developed through the PROPORTION project (which ended in December 2020), funded by the EIT Climate-KIC as part of its Transition Hub activities, and draws from the work on ‘transformative outcomes’ () developed in a second EIT Climate-KIC project, MOTION (ending in December 2021).","Article","All Open Access; Hybrid Gold Open Access","Scopus"
"Crotti, S.; Föing, B.; Pascual, J.; Puriené, V.; Zanchi, M.","Crotti, Serena (58943549600); Föing, Bernard H. (7005973296); Pascual, Jara (58531138700); Puriené, Vilma (58943304000); Zanchi, Michele (58943174700)","58943549600; 7005973296; 58531138700; 58943304000; 58943174700","ExoSpaceHab-X: a transportable Moon base for analog missions & outreach","2023","Proceedings of the International Astronautical Congress, IAC","2023-October","","","","","","https://www.scopus.com/inward/record.uri?eid=2-s2.0-85188018472&partnerID=40&md5=d467a9dc0e5e2ab33f9220eb7360d222","Analog environments are instrumental in simulating Space-like conditions, enabling researchers to pre-empt potential challenges during Space missions and ensure preparedness, thus reducing risks. Additionally, analogs serve as invaluable platforms for engaging the public. Some facilities open their doors to university students, trainees, and PhD researchers, empowering them to conduct experiments, simulate mission protocols, and validate concepts. EuroSpaceHub, a European funded project under the EIT HEI initiative, led by EIT Manufacturing and Raw Materials, embodies the EuroSpaceHub Academy, an educational program designed to train young students in Space, entrepreneurship, and astronautics [1-4]. Since 2009, ILEWG Lunex EuroMoonMars, one of the founding partners of EuroSpaceHub, has actively organized analog campaigns at various locations, including MDRS (Utah), HI-SEAS base in Hawaii, Iceland (CHILL-ICE), Etna/Vulcano (Italy), Atacama Desert (Chile), AATC in Poland, ESTEC (Netherlands), Eifel (Germany), and others [5-7]. With an increasing demand for analog research, more and more universities and companies seek analog facilities to conduct tests and experiments. ExoSpaceHab-X is a revolutionary transportable lunar habitat being developed under the EuroSpaceHub Academy by Lunex EuroMoonMars. The innovative design of the project allows interested institutions to rent the habitat upon request, thus promoting resource-sharing among different scientific communities. The ease of logistics and low costs enable the ExoSpaceHab-X facility to be transported to various European locations, accommodating diverse research requirements. The habitat's adaptability allows for both analog missions with four astronauts and outreach activities such as events, short workshops and demonstrations, making it a versatile research site. The habitation module comprises two distinct areas: a trailer and an integrated inflatable structure. The trailer houses essential functional zones, including a cooking station, sleeping quarters, a multipurpose experiment rack-equipped laboratory, workstations, hygiene compartment and communal recreational areas. The inflatable component acts as an airlock for extravehicular activity (EVA) simulations and it transforms into a reconfigurable open space for outreach to host events and workshops. The habitat's interior effectively isolates astronauts from the external environment, offering an ideal setting to study the effects of confinement. Moreover, the limited interior volume fosters valuable research on interpersonal and group dynamics. The primary objective of this project is to establish ExoSpaceHab-X as an innovative solution within the existing landscape of analog facilities, serving as a powerful training resource for students as well as an effective tool for outreach with the broader public. © © 2023 by Ms. Serena Crotti. Published by the IAF, with permission and released to the IAF to publish in all forms.","Analog simulations; EuroSpaceHub initiative; ExoSpaceHab-X habitat; Portable Lunar habitation; Public Engagement and Space Outreach; Students training","Airlocks; Ecosystems; Inflatable structures; Light trailers; Lunar missions; Manned space flight; Analog simulations; Analogue missions; Condition; Eurospacehub initiative; Exospacehab-X habitat; Portable lunar habitation; Public engagement; Public engagement and space outreach; Public space; Student training; Students","","Conference paper","","Scopus"
"Crotti, S.; Föing, B.; Pascual, J.; Puriené, V.","Crotti, Serena (58943549600); Föing, Bernard H. (7005973296); Pascual, Jara (58531138700); Puriené, Vilma (58943304000)","58943549600; 7005973296; 58531138700; 58943304000","The EuroSpaceHub Project: building the skills of the next generation of Space Entrepreneurs and Astronauts","2023","Proceedings of the International Astronautical Congress, IAC","2023-October","","","","","","https://www.scopus.com/inward/record.uri?eid=2-s2.0-85187976224&partnerID=40&md5=7f9fa8eda2fdb2646efd4e4c81d683e5","EuroSpaceHub is a European funded project under the EIT HEI initiative, led by EIT Manufacturing and Raw Materials, as part of the Strategic Innovation Agenda of the European Institute of Innovation. The project was founded by six partners: Vilnius Gediminas Technical University, the International Space University, Universidad Complutense de Madrid, Collabwith Group, the Lunex Foundation and Kyiv Polytechnic Institute. With a wide range of innovative educational initiatives, the mission of the project is training young people for entrepreneurship in Aerospace. Also, EuroSpaceHub facilitates the creation of new collaborations between academia, startups, companies and researchers, breaking down existing barriers. The educational program of EuroSpaceHub includes courses, resources, masterclasses and classes that are accessible via a dedicated digital platform. Here, each subscriber can not only take advantage of the training sessions, but also form new partnerships and network with other users. The digital content offers practical tools - designed by EuroSpaceHub partners - to improve the skills that are essential to collaborate on innovative projects, to forge new collaborations in the Aerospace ecosystem, and to foster an entrepreneurial mindset in the young generation. The digital medium offers great potential to make knowledge sharing more inclusive and open to all. Users can subscribe from any part of the world and access content virtually. The courses cover the topics of Innovation, Space Technology, Collaboration, Emotional Intelligence and Entrepreneurship for the aerospace sector. Also, users can learn about existing opportunities on the market for collaborations, events, conferences or special calls in Aerospace. Complementing the digital theoretical training, EuroSpaceHub is committed to training future Space Entrepreneurs with hands-on activities, in the field. As part of its efforts to train the leaders of tomorrow, EuroSpaceHub supports the participation of young students, researchers and PhD graduates in analogue missions, thanks to the expertise in the field of one of its founding partners, Lunex EuroMoonMars. Analog missions replicate the conditions of life in Space, exposing students to unusual and extreme settings. In such unique contexts, students develop strategic skills in two areas. Firstly, they learn technical notions related to equipment and instrumentation. They test new technologies and innovative concepts in Space-like settings, they design and conduct their own experiments. Secondly, they develop strategic soft skills. In isolation and in the extreme context of analogue missions, they develop interpersonal skills within the group, leadership capacity and resilience. These characteristics are essential for young professionals to succeed in the industry. © © 2023 by EuroSpaceHub. Published by the IAF, with permission and released to the IAF to publish in all forms.","Analog Missions; Digital Learning Platform; EuroSpaceHub Project; Interdisciplinary Collaboration; Space Entrepreneurs; Students Training","Aerospace engineering; Curricula; E-learning; Manned space flight; Analogue missions; Digital learning platform; Digital-learning; Eurospacehub project; Interdisciplinary collaborations; Learn+; Learning platform; Space entrepreneurs; Strategic innovations; Student training; Students","","Conference paper","","Scopus"
"Bessey, E.","Bessey, Eberhard (58773221800)","58773221800","ManuFUTURE","2023","Springer Handbooks","Part F1592","","","163","173","10.1007/978-3-031-20752-5_11","https://www.scopus.com/inward/record.uri?eid=2-s2.0-85180192891&doi=10.1007%2F978-3-031-20752-5_11&partnerID=40&md5=b3d607855347a9da3085213f7b4d515d","Since Europe’s manufacturing industry is the backbone of the European economy and a fundamental enabler of sustainable wealth and employment creation in all regions of Europe, the 2000 Lisbon strategy required the continuing presence of a strong and competitive manufacturing industry, as an economy based on service industries alone would not survive in the longer term. To this end, in 2004 the Industrial Technologies Directorate of the European Commission, DG Research, promoted the ManuFUTURE ETP, to contribute to a competitive and sustainable future of European manufacturing industry, within a globalizing world. ManuFUTURE stands for manufacturing of the future. The ManuFUTURE mission was to “propose and implement a strategy based on research and innovation, capable of speeding up the rate of industrial transformation in Europe, securing high added value employment and winning a major share of world manufacturing output in the future knowledge driven economy”. This would contribute to a new paradigm: i.e., shifting competition from cost to value. In the past 17 years ManuFUTURE has developed two vision papers and strategic research and innovation agendas, various national and regional ManuFUTURE platforms all over Europe, as well as ManuFUTURE Sub Platforms, for example, AM, the Additive Manufacturing European platform, and initiated several successful initiatives, e.g., the Factories of the Future Research Association (EFFRA) and EIT Manufacturing (Fig. 11.1) to cover the full innovation cycle from fundamental research via applied research to market uptake. © 2023, The Author(s), under exclusive license to Springer Nature Switzerland AG.","Future manufacturing; Manufacturing research and innovation; New employment patterns; New skills; R&I priority domains; Strategy 2030; Sustainable and resilient manufacturing; Technology challenges","","","Book chapter","","Scopus"
"de Waard, I.; Gelan, A.; Gonzalez, A.","de Waard, Inge (36468139200); Gelan, Anouk (55262928600); Gonzalez, A. (58831778000)","36468139200; 55262928600; 58831778000","INSIDER ACTION RESEARCH ON AI NEEDS WITHIN THE EIT INNOENERGY ECOSYSTEM","2023","","","","","1913","1923","10.21427/9VCN-QW52","https://www.scopus.com/inward/record.uri?eid=2-s2.0-85179842891&doi=10.21427%2F9VCN-QW52&partnerID=40&md5=f0ff938cfabfd5daec36180535545c7d","This practice paper describes an ongoing insider action research within the EIT InnoEnergy ecosystem. Its goal is to inspire teaching staff from the seven EIT InnoEnergy double degree Master of Science programmes to integrate Artificial Intelligence (AI) tools and knowledge into their courses based on joint learning. This insider action research runs from 2023 to the end of 2024. In late 2022, a problem statement of 'AI tools for Education' was identified by EIT InnoEnergy teachers as being crucial for their future learning and teaching processes. To align the needs of teaching staff with the complexity of emerging AI tools, a decision was made to plan a hybrid insider action research method. The outcome of this research will be twofold: one resulting in an AI toolkit covering three teaching staff needs, and two getting a better understanding of the processes involved in taking up a learning innovation at different engineering partner universities spread across Europe within the EIT InnoEnergy ecosystem. This paper shares the first phases of the insider action research and an overview of the individual AI initiatives taken by teaching staff at different partner universities that is the result of a first qualitative data analysis coming from initiatives shared by the insiders (i.e., teaching staff). Action research methodology was chosen to inspire teaching staff to take an investigative and experimental attitude to the new AI technologies while allowing all actors to support each other and grow towards an AI integration in courses and curricula. © 2023 SEFI 2023 - 51st Annual Conference of the European Society for Engineering Education: Engineering Education for Sustainability, Proceedings. All Rights Reserved.","action research; AI; educational innovation; sustainable engineering; teacher support","Curricula; Ecosystems; Engineering education; Teaching; Action research; Artificial intelligence tools; Educational innovations; Insider action researches; Joint learning; Master of science; Science projects; Sustainable engineering; Teachers' support; Teaching staff; Sustainable development","This research is supported by EIT InnoEnergy and co-funded by the European Union.","Conference paper","","Scopus"
"Bordonau, J.; Bolibar, O.; Filba-Martinez, A.; Nicolás-Appruzzese, J.; Busquets-Monge, S.","Bordonau, Josep (6701626613); Bolibar, O. (58765637400); Filba-Martinez, Alber (56028331500); Nicolás-Appruzzese, J. (58765444200); Busquets-Monge, Sergio (6603448440)","6701626613; 58765637400; 56028331500; 58765444200; 6603448440","ENTREPRENEURSHIP EDUCATION: CREATING A POSITIVE ADRENALINE","2023","","","","","1694","1702","10.21427/JE0R-Q066","https://www.scopus.com/inward/record.uri?eid=2-s2.0-85179839723&doi=10.21427%2FJE0R-Q066&partnerID=40&md5=c85a05ab4508ae8bbb62f726ce816197","A method to develop Entrepreneurship Education in any regular Engineering course is presented. The method is based in a team of students working on the description of the idea for the development of a real start-up using a structured approach trained by a business advisor and by the teacher. The team analyses the problem, the potential market, the solution, the development and the financing challenges of the start-up. The team works the Case development along an Engineering Course related with the technology of the start-up. The dedication of each student to the Case development is 25 hours, working along the different phases of the analysis and synthesis, mentored by the business advisor and the teacher. The added value of the experience is based on: first, the preparation and development of a 1 hour interview of the student team with one of the founders of the company, usually the CEO; second, a weekly validation of the technological value proposition with the business advisor, as part of the analysis. Along with the interview, the student team will consolidate their findings and debate with the CEO about their own ideas, being a process full of positive adrenaline and creating a very significant engagement along the whole course. The approach has been tested in two academic years, working 4 cases with the collaboration of 4 start-ups of EIT InnoEnergy. The results of the student surveys demonstrate the validity and engagement level of the approach. © 2023 SEFI 2023 - 51st Annual Conference of the European Society for Engineering Education: Engineering Education for Sustainability, Proceedings. All Rights Reserved.","Case Development; Engagement; Entrepreneurship Education; Start-Up","Curricula; Engineering education; Sustainable development; Teaching; Case development; Engagement; Engineering course; Entrepreneurship education; Potential markets; Start-up; Structured approach; Student teams; Teachers'; Team work; Students","This research was sponsored by EIT InnoEnergy and co-funded by the European Union.","Conference paper","","Scopus"
"Klincewicz, K.; Debska, K.; Król, K.; Skupiński, M.; Zatorska, M.","Klincewicz, Krzysztof (24476470400); Debska, Katarzyna (57865455800); Król, Katarzyna (58688499500); Skupiński, Marcin (57226851116); Zatorska, Magdalena (58431777600)","24476470400; 57865455800; 58688499500; 57226851116; 58431777600","CHALLENGES AND OPPORTUNITIES OF NEW PRODUCT CO-CREATION WITH OLDER CONSUMERS","2023","","","","","158","171","10.4324/9781003254829-14","https://www.scopus.com/inward/record.uri?eid=2-s2.0-85176310334&doi=10.4324%2F9781003254829-14&partnerID=40&md5=429d9fb18c5e1938790c49a958b8734d","Co-creation of new products is a form of participatory research, involving consumers and companies that jointly develop and evaluate ideas for product innovations. This approach is popular in multiple industries but usually implemented with younger consumers, often via online platforms, while the creativity of older adults remains a largely untapped resource. The chapter leverages the experiences of the EIT Food RIS Consumer Engagement Labs project, where groups of older adults participated in new food co-creation processes in 14 European countries. The chapter focuses on practical challenges related to participatory research involving older adults, based on lessons learned from this large-scale project. © 2024 selection and editorial matter, Anna Urbaniak & Anna Wanka; individual chapters, the contributors.","","","","Book chapter","All Open Access; Gold Open Access","Scopus"
"Tinti, F.; Kasmaeeyazdi, S.; Bodénan, F.; Sparis, D.","Tinti, Francesco (7004019752); Kasmaeeyazdi, Sara (58939513000); Bodénan, F. (6602670036); Sparis, Dimitris (55641229800)","7004019752; 58939513000; 6602670036; 55641229800","Authorization and legal aspects of residue storage and reprocessing","2023","","","","","185","217","10.1016/B978-0-323-95175-3.00004-0","https://www.scopus.com/inward/record.uri?eid=2-s2.0-85176304833&doi=10.1016%2FB978-0-323-95175-3.00004-0&partnerID=40&md5=0b30dcb970b370dd551858c25f06c2ab","The present chapter provides an overview of the Directives and Laws at the European level concerning the management of mining residues. This chapter provides initial indications about the volume of mining residues in Europe and focuses on the instruments adopted by the European Union to guarantee health, safety, and environmental protection. Afterwards, it addresses in detail the authorization issues both at the European and country levels, highlighting the operations from some representative countries. Based on this information, a critical analysis of the effective authorization issues for residue reprocessing is attempted. The analysis is accompanied by practical examples based on three case studies investigated within the framework of the INCO-Piles 2020 Project (EU fundings—EIT RawMaterials, Grant Agreement 19169). The conducted research shows how, at the moment, there is still no common legislative framework, aimed to favoring recovery and reprocessing; however, many seeds have been planted, which are expected to lead to multiple active operations in the near future, mainly pushed by Green Deal and European ecological transition. © 2023 Elsevier Inc. All rights reserved.","extractive waste directive; legal aspects on mining residues; mining authorizations; Mining legislation; technical guidelines for mining residues management and waste management","","","Book chapter","","Scopus"
"Dickopf, T.; Forte, S.; Weber, S.; Stürmer, C.; Muggeo, C.","Dickopf, Thomas (57204199346); Forte, Sven (57212463669); Weber, Sebastian (57684001200); Stürmer, Christian (8092567700); Muggeo, Christian (57194191734)","57204199346; 57212463669; 57684001200; 8092567700; 57194191734","Application of the Asset Administration Shell in the context of Engineering Data Management Systems","2023","IEEE International Conference on Emerging Technologies and Factory Automation, ETFA","2023-September","","","","","10.1109/ETFA54631.2023.10275383","https://www.scopus.com/inward/record.uri?eid=2-s2.0-85175423095&doi=10.1109%2FETFA54631.2023.10275383&partnerID=40&md5=c1daa7b99103061cce5e63a9567af8cd","Smart digital products and the resulting ecosystems are already enabling companies to create disruptive new digital business models today and will do so even more so in the future. Digital twins are one of the key technologies in the realization of such business models. In most cases, digital twins are already created in the early product development/engineering phases and continue to develop over the lifetime of the product. Particularly in engineering, there is already an intensive exchange of different parts of the digital twin within and across company boundaries (for example, between component manufacturers and system providers all the way to the customer/operator). This usually leads to different IT ecosystems for different stakeholders and industries. Standardized exchange of data is therefore essential to ensure a secure, trustworthy and efficient exchange of data within the enterprise IT and the value chain. This is where the Asset Administration Shell (AAS) comes to play. Using the example of a data management system, this contribution illustrates the various applications inside and outside the enterprise engineering IT of the Asset Administration Shell (e.g. import and export of Assets via Gaia-X-compliant data spaces or also just file-based) and discusses the respective use cases in more detail using concrete examples from projects funded by the BMBF, BMWK, EIT Manufacturing and the EU. The implementation of the use cases will be shown based on the engineering data management platform technology from CONTACT Software. © 2023 IEEE.","Asset Administration Shell; Digital Twin; Engineering Data Management; Gaia-X; Product Lifecycle Management (PLM)","Ecosystems; Life cycle; Project management; Shells (structures); Asset administration shell; Business models; Data management system; Digital business; Digital products; Engineering data managements; Gaium-X; Key technologies; Product life cycle management; Product lifecycle management; Information management","ACKNOWLEDGMENT The authors would like to thank the German Federal Ministry of Education and Research (BMBF) for funding the BaSys project (Grant-No.: 011519007A), the EIT Manufacturing for funding the AASHub project, the German Federal Ministry for Economic Affairs and Climate Action (BMWK) for funding the ESCOM (Grant-No.: 01MD22004C) and PredictECO project (Grant-No.: 01MN23014B) and the European Union (EU) for funding the Flex4Res (Grant-No.: 101091903(H2020-2020)) project.","Conference paper","","Scopus"
"Vargas, M.; Cavatorta, M.P.; Cibrario, V.; Bosani, E.; Schaub, M.","Vargas, Manuela (58553320200); Cavatorta, Maria Pia (6602719567); Cibrario, Valerio (34876461900); Bosani, Enrica (57265272000); Schaub, Meike (58553860600)","58553320200; 6602719567; 34876461900; 57265272000; 58553860600","Assessing Ergonomics on IPS IMMA Family of Manikins","2023","Lecture Notes in Computer Science","14028 LNCS","","","242","255","10.1007/978-3-031-35741-1_19","https://www.scopus.com/inward/record.uri?eid=2-s2.0-85169042807&doi=10.1007%2F978-3-031-35741-1_19&partnerID=40&md5=43ca7c24c954dc9febe2ece7cb3779a6","Europe's growing focus on the health and safety of workers in an aging society is driving a structural approach to ergonomics assessment in the early phase of product and process design. In this respect, Digital Human Model (DHM) software programs can help anticipate the design process criticalities and lead to an optimal solution for workplace design, work cycle content and compliance with the health and safety requirements of ISO and CEN standards. This paper presents the results of the research project D-HUMMER funded by EIT Manufacturing (project number 22294). The project builds on the software IPS IMMA to implement a module for holistic ergonomics risk assessment that can provide designers with some recommended ways to proceed based on the level of risk. A workstation from Whirlpool refrigeration factory has been used as a concrete industrial use case. The IMMA family manikins’ model was used for a complete and reliable ergonomics assessment of the target population and to disclose potential anthropometric mismatches. The implementation of a holistic ergonomics assessment inside a DHM software such as IPS IMMA makes it easier for companies to apply proactive ergonomics. The use of a family of manikins allows considering the variety among human operators by running one simulation. © 2023, The Author(s), under exclusive license to Springer Nature Switzerland AG.","Digital Human Model (DHM); Ergonomic assessment; Family of manikins","Computer software; Ergonomics; Industrial research; Occupational risks; Regulatory compliance; Risk assessment; Safety engineering; Aging societies; Digital human model; Digital human models; Ergonomic assessment; Family of manikin; Health and safety; Modeling softwares; Software project; Structural approach; Workers'; Product design","This work has been carried out within the D-HUMMER (Digital Human Model for Ergonomic Workplace Layout and Optimized Production Process) project, funded by EIT Manufacturing, Project number 22294. The support is gratefully acknowledged.","Conference paper","","Scopus"
"Sid'El Moctar, S.M.; Diab, A.; Rida, I.; Kinugawa, K.; Boudaoud, S.","Sid'El Moctar, Sidi Mohamed (58519215600); Diab, Ahmad (55516075800); Rida, Imad (56241583700); Kinugawa, Kiyoka (26040725200); Boudaoud, Sofiane (9534663900)","58519215600; 55516075800; 56241583700; 26040725200; 9534663900","Active aging prediction from muscle electrical activity using HD-sEMG signals and machine learning","2023","Proceedings of the IEEE Symposium on Computer-Based Medical Systems","2023-June","","","734","737","10.1109/CBMS58004.2023.00310","https://www.scopus.com/inward/record.uri?eid=2-s2.0-85166467179&doi=10.1109%2FCBMS58004.2023.00310&partnerID=40&md5=b65361ea5d3fd6dc599b56be9e803031","In this study, using High-Density Surface Electromyography (HD-sEMG) signals and extracted features, we propose a Machine Learning (ML) architecture for predicting active aging through motor functional age (MFA) estimation, a new concept introduced by Prof. S. Boudaoud and Prof. K. Kinugawa in EIT-Health CHRONOS project. In fact, MFA should be equal to Chronological Age (CA) for active subjects. For this purpose, several time and frequency features have been tested, coupled to classical ML classifiers, to predict active aging through MFA estimation. The classifiers have been trained on the CHRONOS database composed by 79 active subjects (International Physical Activity Questionnaire (IPAQ): 2-3, from 25 to 74 yrs) and we tested, as a preliminary study, 4 sedentary subjects (IPAQ: 1, 45-54 yrs). The results show that the best classifier gave promising results (Accuracy = 71.6% ± 3.86) for confirming active aging (MFA=CA) for active tested subjects and predicting sedentary aging (MFA>CA) for some sedentary subjects. This preliminary results have to be confirmed in future studies on larger cohort. © 2023 IEEE.","aging; classification; HD-sEMG; machine learning","Biomedical signal processing; Forecasting; Frequency estimation; Machine learning; Active ageing; Age estimation; Ageing prediction; Chronological age; Density surfaces; High-density surface electromyography; Machine-learning; Physical activity; Surface electromyography; Surface electromyography signals; Classification (of information)","ACKNOWLEDGEMENT This work was supported by European Institute of Innovation and Technology Health, Business Plan 2018 (grant number 18116). The clinical sponsor was Assistance Publique – Hôpitauxde Paris (Délégation à la Recherche Clinique et à l’Innovation).","Conference paper","","Scopus"
"Torchia, D.; Fresta, J.; Corazza, L.; Certomà, C.","Torchia, Daniel (57188873064); Fresta, Jacopo (57221766307); Corazza, Laura (56069972400); Certomà, Chiara (14015263800)","57188873064; 57221766307; 56069972400; 14015263800","New European Bauhaus for a Circular Economy and Waste Management: The Lived Experience of a Community Container Garden at the University of Turin","2023","Sustainability (Switzerland)","15","2","914","","","10.3390/su15020914","https://www.scopus.com/inward/record.uri?eid=2-s2.0-85162780588&doi=10.3390%2Fsu15020914&partnerID=40&md5=1bfb40ec2013b003ada54cefcf06f5e2","This study discusses the case of a 200 m2 container garden set up in a polluted and neglected area of the School of Management and Economics of the University of Turin. ‘L’Orto della SME’ is self-managed, and it has become a hub for a variety of stakeholders, within and outside the university. The project is part of the framework Proposal for Citizen Engagement, promoted by EIT Food Cross-KIC, which contributes to the New European Bauhaus (NEB). The paper looks at how such projects contribute to create social cohesion around sustainability issues of circularity and waste management. The case presents several autoethnographic elements, like tales and stakeholders’ voices, stemming from the direct involvement of the authors in developing the project. The article presents how a stakeholder network was created and how internal and external stakeholders were involved in co-creation activities, such as (multi-stakeholder) workshops and focus groups. Our findings show that NEB principles can be effectively applied to initiatives like the container garden to tackle issues of social inclusion, equality and sustainable production and consumption. This is further emphasized by the empowerment and agency gained by diverse stakeholders to approach sustainability matters. © 2023 by the authors.","circular economy; community; container garden; EIT Food; New European Bauhaus; stakeholder engagement; sustainable consumption; sustainable production; university; waste management","empowerment; ethnography; stakeholder; sustainability; university sector; waste management","This article is a direct research output of the \u2018L\u2019Orto della SME\u2019 project, code KAVA 21703, which received funding from EIT Food Cross-KIC New European Bauhaus, within the framework Proposal for Citizen Engagement.","Article","All Open Access; Gold Open Access; Green Accepted Open Access; Green Open Access","Scopus"
"Serio, F.; Traini, E.; Barret, J.; Parisot, F.; Chiabert, P.; Segonds, F.","Serio, Francesco (57466582300); Traini, Emiliano (57211199872); Barret, Julia (58161033900); Parisot, Frederic (58161034000); Chiabert, Paolo (56024598200); Segonds, Frédéric (50861724000)","57466582300; 57211199872; 58161033900; 58161034000; 56024598200; 50861724000","General Methodology for the Generation and Dissemination of Manufacturing Knowledge: A Case Study with the Double Diamond AM Knowledge Approach","2023","IFIP Advances in Information and Communication Technology","667 IFIP","","","25","34","10.1007/978-3-031-25182-5_3","https://www.scopus.com/inward/record.uri?eid=2-s2.0-85151048530&doi=10.1007%2F978-3-031-25182-5_3&partnerID=40&md5=d544631cc82315bd5c6a79deadbaf47d","The ever-increasing consolidation of industry 4.0 technologies and the imminent advent of the industry 5.0 paradigms makes it essential to use new methodologies for the generation and the transfer of knowledge in the manufacturing sector. Considering the state of the art regarding pedagogy and Additive Manufacturing (AM) and starting from the need to create a unique tool to make the most of the potential of additive technology, a case-study based on the method called “Double Diamond AM Knowledge Approach” (D2AMKA) is introduced with a deep discussion of the results obtained in the European project CAPT’N’SEE, managed by EIT manufacturing, which saw the collaboration of the Polytechnic of Turin, of the École Nationale Supérieure d’Arts et Métiers of Paris and of Add-Up. In extending the D2AMKA, arose the need to create an information system to carry out the Product Lifecycle Management (PLM) for an AM process taking into account the differences with traditional processes. In order to satisfy this need will be shown how to apply to the case a previously created model to manage the information of a production process with a lean perspective. To summarize this paper presents a general methodology to (i) capture knowledge needs in a specific manufacturing area and about a specific manufacturing sector, (ii) develop an e-learning path in that manufacturing sector with the collaboration of partners of that manufacturing area, and (iii) organize a journey in the name of training, dissemination, sharing and brainstorming. © 2023, IFIP International Federation for Information Processing.","Additive manufacturing; Industry 5.0; Knowledge; Luxury industry","Additives; Industry 4.0; Knowledge management; Life cycle; Additive technology; Case-studies; General methodologies; Industry 5.0; Knowledge; Luxury industry; Manufacturing knowledge; Manufacturing sector; State of the art; Transfer of knowledge; 3D printing","CAPT’N’SEE (CAPTure aNd foStEr additive manufacturing knowlEdge for luxury industry) is a training program dedicated to professionals willing to enhance their expertise in the use of Additive Manufacturing technologies. The project has particularly treated the AM early design stages and the Manufacturing Execution Systems that allow the real-time control of processed parts. Starting from the expertise of its consortium members and gathering experienced industrial and academic partners, the project has initiated a dynamic shift in the way to work with AM in the luxury industry, which is in strong growth and where high value-added productions require enhanced creativity and high precision. This activity has received funding from the European Institute of Innovation and Technology (EIT).","Conference paper","All Open Access; Green Accepted Open Access; Green Open Access","Scopus"
"Tsavachidis, M.; Petit, Y.L.","Tsavachidis, Maria (58751509800); Petit, Yoann Le (58751512300)","58751509800; 58751512300","Re-shaping urban mobility – Key to Europe´s green transition","2022","Journal of Urban Mobility","2","","100014","","","10.1016/j.urbmob.2022.100014","https://www.scopus.com/inward/record.uri?eid=2-s2.0-85135476556&doi=10.1016%2Fj.urbmob.2022.100014&partnerID=40&md5=e26dca1f91771d15508059d730f29fe7","This paper outlines the vision of EIT Urban Mobility towards sustainable urban mobility. EIT Urban Mobility is an initiative of the European Institute for Innovation and Technology (EIT), a body of the European Union. EIT Urban Mobility's ecosystem counts more than 260 organisations from cities, research & academia, and industry working to enable people and goods to move affordable, fast, comfortably, safely, and cleanly. In the context of climate emergency and extreme weather events that an increasing number of European cities are already facing, it is of utmost importance to develop, and scale decarbonised urban mobility solutions. Such solutions must address acute challenges faced by cities and their inhabitants, linking urban and mobility planning, while actively engaging with citizens at all stages of transformation processes, from design to implementation. Our vision aims to facilitate this process by channelling public and private efforts towards priority areas of transformation, which are technological and behavioural pathways leading to more sustainable urban mobility spanning from street experiments to connected and shared on-demand mobility. The paper also identifies structural enablers of change, which are key technological and regulatory innovations required to turn our vision into an everyday reality. © 2022","Citizen engagement; Co-creation; Ecosystem; Future urban mobility; Innovation; Public private partnership; Sustainable transport; Urban space","","","Article","All Open Access; Gold Open Access; Green Accepted Open Access; Green Open Access","Scopus"
"Bachofner, M.; Lemardelé, C.; Estrada, M.; Pages, L.","Bachofner, Mónika (57222744362); Lemardelé, Clément (57222744565); Estrada, Miquel (7102245693); Pages, Laia (57224748676)","57222744362; 57222744565; 7102245693; 57224748676","City logistics: Challenges and opportunities for technology providers","2022","Journal of Urban Mobility","2","","100020","","","10.1016/j.urbmob.2022.100020","https://www.scopus.com/inward/record.uri?eid=2-s2.0-85131755265&doi=10.1016%2Fj.urbmob.2022.100020&partnerID=40&md5=9b0c3e250c97df1cb350189a6f760360","Current last-mile logistics operations are inefficient. The economic competitiveness of logistics service providers is affected by distinct factors, such as the limited time windows they are given to deliver freight in increasingly complex urban environments. This paper presents the different challenges that the sector faces to make its operations more sustainable, from both economic and environmental perspectives. Then, an exhaustive list of measures and initiatives is presented and for each of them, the impact on the different agents involved in last-mile operations is analyzed. This study is expected to help understand the relations between the different actors and design compensatory mechanisms between the parties that mostly benefit from the measures and the most affected ones. Finally, a particular focus is set on the technological developments that are expected to shape the evolution of last-mile operations in the medium or long term. As in the passenger mobility industry, digitization, the emergence of more innovative and modular vehicles, and automation are trends that will undoubtedly affect the market. To maximize the impact of these new technologies, balanced and fair governance schemes and compensatory mechanisms between agents should be designed. The authors believe that the EIT Urban Mobility framework is perfectly adequate to improve this required collaboration between all agents. As a first step towards an increased sustainability of last-mile operations, win-win and agreed measures should be implemented to set the ground for more innovative and disruptive solutions that will emerge in future years. © 2022","Autonomous deliveries; City logistics; Logistics digitization; Original equipment manufacturer; Stakeholder collaboration","","","Article","All Open Access; Gold Open Access; Green Accepted Open Access; Green Open Access","Scopus"
"Pianegonda, A.; Frisanco, F.; Betta, A.; Ciolli, M.","Pianegonda, Angelica (57219488170); Frisanco, F. (57872336200); Betta, Alessandro (57201735957); Ciolli, Marco (6507480049)","57219488170; 57872336200; 57201735957; 6507480049","MULTIOBJECTIVE ANALYSIS OF OPEN AREAS INVADED BY FOREST WITH OPEN-SOURCE SOFTWARE: THE CASE OF THE SATURN PROJECT","2022","International Archives of the Photogrammetry, Remote Sensing and Spatial Information Sciences - ISPRS Archives","48","4/W1-2022","","357","363","10.5194/isprs-archives-XLVIII-4-W1-2022-357-2022","https://www.scopus.com/inward/record.uri?eid=2-s2.0-85137179765&doi=10.5194%2Fisprs-archives-XLVIII-4-W1-2022-357-2022&partnerID=40&md5=0de73bc558cf14005bd180742a38a7ab","In the last decades in Italian mountainous regions, forests are invading abandoned pastures and cultivated surfaces that often played a key ecological role for biodiversity conservation, a complex land-use change phenomenon. To improve sustainable regional planning and management it is increasingly important to quantify the phenomenon and classify those areas according their ecological vocation. This study explores multi-objective and multi-criteria assessment for the identification of the most suitable areas for agricultural purposes between those surfaces that have been invaded by forests. Free and Open-Source Software for Geospatial (FOSS4G) software has been used to carry out the research. The work here presented has been funded by the EIT Climate-KIC SATURN project (2018-2021) and was carried out in the pilot areas of the Province of Trento (Italy). Geospatial data set was georeferenced and managed with GRASS and QGIS and the files were collected combining data freely available at the Autonomous Province of Trento geocatalogue as well as others self-produced during the project. The comparative analysis and methodology were carried out by means of QGIS 3.16 Geographic Information System which has been used to complete the analysis to develop a methodology that can be widely used by territorial operators and Public Administrations. To validate the model and verify the results, on-site inspections were carried out. The developed model can be used in different environmental assessments for territorial planning purposes. © Copyright:","agricultural areas; forests; FOSS4G software; multi-criteria analysis; multi-objective analysis; open areas","Biodiversity; Conservation; Ecology; Employment; Forestry; Land use; Open systems; Public administration; Regional planning; Agricultural areas; Biodiversity conservation; Ecological roles; Forest; FOSS4G software; Mountainous regions; Multi-objective analysis; Multicriteria analysis; Open area; Open-source softwares; Open source software","In the last decades in Italian mountainous regions, forests are invading abandoned pastures and cultivated surfaces that often played a key ecological role for biodiversity conservation, a complex land-use change phenomenon. To improve sustainable regional planning and management it is increasingly important to quantify the phenomenon and classify those areas according their ecological vocation. This study explores multi-objective and multi-criteria assessment for the identification of the most suitable areas for agricultural purposes between those surfaces that have been invaded by forests. Free and Open-Source Software for Geospatial (FOSS4G) software has been used to carry out the research. The work here presented has been funded by the EIT Climate-KIC SATURN project (2018-2021) and was carried out in the pilot areas of the Province of Trento (Italy). Geospatial data set was georeferenced and managed with GRASS and QGIS and the files were collected combining data freely available at the Autonomous Province of Trento geocatalogue as well as others self-produced during the project. The comparative analysis and methodology were carried out by means of QGIS 3.16 Geographic Information System which has been used to complete the analysis to develop a methodology that can be widely used by territorial operators and Public Administrations. To validate the model and verify the results, on-site inspections were carried out. The developed model can be used in different environmental assessments for territorial planning purposes.","Conference paper","All Open Access; Gold Open Access; Green Accepted Open Access; Green Open Access","Scopus"
"Kaiser, B.; Stelzl, T.; Finglas, P.; Gedrich, K.","Kaiser, Birgit (57222021320); Stelzl, Tamara (55757514200); Finglas, Paul Michael (7003802298); Gedrich, Kurt (14423031800)","57222021320; 55757514200; 7003802298; 14423031800","The Assessment of a Personalized Nutrition Tool (eNutri) in Germany: Pilot Study on Usability Metrics and Users' Experiences","2022","JMIR Formative Research","6","8","e34497","","","10.2196/34497","https://www.scopus.com/inward/record.uri?eid=2-s2.0-85135894147&doi=10.2196%2F34497&partnerID=40&md5=be7c4afd983a70b616416611c83806f4","Background: To address the epidemic burden of diet-related diseases, adequate dietary intake assessments are needed to determine the actual nutrition intake of a population. In this context, the eNutri web app has been developed, providing online automated personalized dietary advice, based on nutritional information recorded via an integrated and validated food frequency questionnaire (FFQ). Originally developed for a British population and their dietary habits, the eNutri tool has specifically been adapted to the German population, taking into account national eating habits and dietary recommendations. Objective: The primary aim of this study is to evaluate the system usability and users' experience and feedback on the eNutri app in a small-scale preliminary study. The secondary aim is to investigate the efficacy of personalized nutrition (PN) recommendations versus general dietary advice in altering eating habits. Methods: The app was piloted for 4 weeks by 106 participants from across Germany divided into a PN group and a control group. The groups differed according to the degree of personalization of dietary recommendations obtained. Results: An overall System Usability Scale (SUS) score of 78.4 (SD 12.2) was yielded, indicating an above average user experience. Mean completion time of the FFQ was 26.7 minutes (SD 10.6 minutes). Across subgroups (age, sex, device screen sizes) no differences in SUS or completion time were found, indicating an equal performance for all users independent of the assigned experimental group. Participants' feedback highlighted the need for more personalized dietary advice for controls, while personalized nutritional recommendations improved the awareness of healthy eating behavior. Further improvements to the eNutri app were suggested by the app users. Conclusions: In total, the eNutri app has proven to be a suitable instrument to capture the dietary habits of a German population sample. Regarding functionality, system usability, and handling, direct user feedback was quite positive. Nutritional advice given was rated ambivalent, pointing to several weaknesses in the eNutri app, minimizing the system's full potential. A higher level of personalization within nutritional advice subjectively improved the app's usability. The insights gained will be used as a basis to further develop and improve this digital diet assessment tool. ©Birgit Kaiser, Tamara Stelzl, Paul Finglas, Kurt Gedrich. Originally published in JMIR Formative Research (https://formative.jmir.org), 04.08.2022.","Diet Quality Score; dietary assessment; digital nutrition; EIT Food Quisper; eNutri; Food Frequency Questionnaire; internet; personalized nutrition; system usability; web application","","This research was funded by the European Institute of Innovation and Technology (EIT) Food, the EIT, a body of the European Union, under Horizon 2020, the European Union (EU) Framework Program for Research & Innovation (Project ID: Quisper 2018 ID18064 and 2019 ID19075). The authors are grateful to all research partners involved in the eNutri2019 pilot study, and especially the colleagues from the Hugh Sinclair Unit of Human Nutrition at the University of Reading (United Kingdom), who developed and provided the eNutri app. We are also grateful to all participants who took part in this study and submitted their feedback to help us further improve the eNutri app.","Article","All Open Access; Gold Open Access; Green Accepted Open Access; Green Open Access","Scopus"
"Nikologianni, A.; Betta, A.; Gretter, A.","Nikologianni, Anastasia (51665675000); Betta, Alessandro (57201735957); Gretter, Alessandro (55376934700)","51665675000; 57201735957; 55376934700","Contribution of Conceptual-Drawing Methods to Raise Awareness on Landscape Connectivity: Socio-Environmental Analysis in the Regional Context of Trentino (Italy)","2022","Sustainability (Switzerland)","14","13","7975","","","10.3390/su14137975","https://www.scopus.com/inward/record.uri?eid=2-s2.0-85133679656&doi=10.3390%2Fsu14137975&partnerID=40&md5=d39b2467e2a7e14206909c3bd6876787","This paper deals with landscape understanding and connectivity from an ecological as well as a human perspective. It is based on a broader research study known as EIT Climate-KIC SATURN (System and sustainable Approach to virTuous interaction of Urban and Rural LaNd-scapes) co-funded by the European Institute of Innovation & Technology (EIT), Climate-KIC and the institutions participating in this project. The aim of the study was to explore how landscape connectivity is perceived, on urban and regional scales, by decision-makers and key stakeholders as well as the impact this can have on building sustainable cities. The paper used a series of drawing and visualization workshops, community engagement methods, and participatory tools to identify the connection communities and decision-makers have with their landscape surroundings as well as the impact landscape connectivity has on our health and wellbeing. Through a series of specifically designed workshops following a landscape visioning approach, the paper explored how drawings and visualizations can support decision-makers to create a vision that addresses landscape connec-tivity, considering the socio-ecological factors in their area and creating a holistic regional approach between urban and rural landscapes. The study concludes that landscape connectivity is of major importance when creating visions for a sustainable future; however, a better connection between ecological and human elements needs to be established to improve landscape design. © 2022 by the authors. Licensee MDPI, Basel, Switzerland.","connectivity; decision-makers; drawings; health; landscape; landscape design; landscape vision; wellbeing","connectivity; decision making; landscape change; participatory approach; research work; stakeholder; visualization; Italy; Trentino-Alto Adige; Trento","This research has received co-funding support by EIT CLIMATE-KIC between 2018 and 2021 within the “Orchestrated Ecosystem” projects and from APT Valsugana for the workshop held in Borgo Valsugana. The funders had no role in the collection, analyses, or interpretation of data; in the writing of the manuscript; or in the decision to publish the results. Acknowledgments: The authors want to thank EIT Climate-KIC, which has supported this research throughout, as well as all the stakeholders and case study participants in the United Kingdom, Italy and Sweden. Thanks to internal and external proof readers as well as Valentina Porecellana for their support on this article.","Article","All Open Access; Gold Open Access; Green Accepted Open Access; Green Final Open Access; Green Open Access","Scopus"
"Moreno-Garcia, E.; Puerta-Alcalde, P.; Gariup, G.; Fernández-Ruiz, M.; López-Cortés, L.E.; Cuervo, G.; Salavert, M.; Merino, P.; MacHado, M.; Guinea, J.; García-Rodríguez, J.; Garnacho-Montero, J.; Cardozo, C.; Pemán, J.; Montejo, M.; Fortún, J.; Almirante, B.; Castro, C.; Rodríguez-Baño, J.; Aguado, J.M.; Martínez, J.A.; Carratalá, J.; Soriano, A.; García-Vidal, C.","Moreno-Garcia, Estela (57209734764); Puerta-Alcalde, Pedro (57193674489); Gariup, G. (57500740600); Fernández-Ruiz, Mario (20734264700); López-Cortés, Luis E. (36961235300); Cuervo, Guillermo L. (56677697200); Salavert, Miguel H. (7004301193); Merino, Paloma (23480584900); MacHado, Marina (57201071218); Guinea, Jesús Vicente (7005645840); García-Rodríguez, Julio (8887064100); Garnacho-Montero, José (56266246000); Cardozo, Cristina (57224804317); Pemán, Javier M. (57220433491); Montejo, Miguel (7005372224); Fortún, Jesús (7006379843); Almirante, Benito (57211738496); Castro, Carmen (17134137200); Rodríguez-Baño, Jesús S.Rodr Guez (7003777861); Aguado, José Mariá (56517102500); Martínez, José Antonio Sánchez (59049365700); Carratalá, Jorge (58361673600); Soriano, Álex V. (7004480416); García-Vidal, Carolina (56677579000)","57209734764; 57193674489; 57500740600; 20734264700; 36961235300; 56677697200; 7004301193; 23480584900; 57201071218; 7005645840; 8887064100; 56266246000; 57224804317; 57220433491; 7005372224; 7006379843; 57211738496; 17134137200; 7003777861; 56517102500; 59049365700; 58361673600; 7004480416; 56677579000","Correction to: Early Stepdown From Echinocandin to Fluconazole Treatment in Candidemia: A Post Hoc Analysis of Three Cohort Studies","2022","Open Forum Infectious Diseases","9","6","ofac180","","","10.1093/ofid/ofac180","https://www.scopus.com/inward/record.uri?eid=2-s2.0-85133560713&doi=10.1093%2Fofid%2Fofac180&partnerID=40&md5=47687bf35cb458b6416a88f4f3080c3d","In the original publication of this manuscript [Moreno-García E, Puerta-Alcade E, Gariup G et al. Early Stepdown From Echinocandin to Fluconazole Treatment in Candidemia: A Post Hoc Analysis of Three Cohort Studies. Open Forum Infect Dis, Volume 8, Issue 6, June 2021. https://doi.org/10.1093/ofid/ ofab250], the financial support section was incomplete and updated to read as follows: ""This research forms part of an activity that has received funding from EIT Health. EIT Health is supported by the European Institute of Innovation and Technology (EIT), a body of the European Union that receives support from the European Union's Horizon 2020 Research and Innovation Program. This study has been co-funded by the European Regional Development Fund (EDRF, ""A way to make Europe""). EM-G [PI18/01061], PP-A [""Juan Rodés"" contract JR20/00012 and PI21/00498], MF-R [""Miguel Servet"" contract CP18/00073], and CG-V [FIS PI15/00744] have received research grants from the Ministerio de Sanidad y Consumo, Instituto de Salud Carlos III. No funding bodies had any role in study design, data collection and analysis, decision to publish, or preparation of the manuscript"". © 2022 Oxford University Press. All rights reserved.","","erratum","","Erratum","All Open Access; Gold Open Access; Green Accepted Open Access; Green Open Access","Scopus"
"Nisiforou, O.; Shakou, L.M.; Magou, A.; Charalambides, A.G.","Nisiforou, Olympia A. (55210799700); Shakou, Louisa Marie (57200100933); Magou, Afroditi (57458496500); Charalambides, Alexandros George (55211080400)","55210799700; 57200100933; 57458496500; 55211080400","A Roadmap towards the Decarbonization of Shipping: A Participatory Approach in Cyprus","2022","Sustainability (Switzerland)","14","4","2185","","","10.3390/su14042185","https://www.scopus.com/inward/record.uri?eid=2-s2.0-85124882270&doi=10.3390%2Fsu14042185&partnerID=40&md5=bc4e69471f59f7081b09bf48a7b801f7","Greenhouse gas (GHG) emissions from human activities are driving climate change and are currently at their highest levels in history. The international community, through the United Nations process, places great emphasis on the decarbonisation of our economies across all sectors. GHG emissions from maritime transport, even if considered the most carbon efficient method of transportation, are projected to increase if no action is taken to decarbonise, and thus pressure has extended to the maritime sector to contribute to the significant GHG emission cuts necessary. The paths by which the maritime sector can contribute to the achievement of the international target of GHG reduction by 2050 are still being determined, but numerous promising options exist. This paper aims to provide an overview of action towards decarbonisation by the international maritime sector, and to assess how Cyprus, an important flag state, can contribute to decarbonisation efforts. A participatory approach was used, through implementation of the EIT Climate-KIC’s Deep Demonstrations methodology, as part of the ‘ Zero-Net Emissions, Resilient Maritime Hubs in Cyprus’ project. The results were used to identify a portfolio of actions related to policy and regulatory development, education and re-skilling, technological development, and operation optimisation, which can support the decarbonisation of the maritime sector in Cyprus. © 2022 by the authors. Licensee MDPI, Basel, Switzerland.","Decarbonization; Maritime; Shipping; Stakeholders; Sustainability","climate change; human activity; maritime transportation; participatory approach; shipping; technological development; United Nations; Cyprus","This paper presents the findings from the Deep Demonstrations project on ‘Zero-Net Emissions, Resilient Maritime Hubs in Cyprus’, funded by EIT Climate-KIC in 2019. The project was established to mobilise actors in the maritime sector to work together to achieve decarbonisation through systems innovation using a participatory approach. Through a series of interviews with thirty-eight stakeholders, across eight clusters of operations within the maritime industry in Cyprus, the needs of, and barriers to, decarbonisation faced by maritime stakeholders in Cyprus were identified. To date, there have been no relevant studies in the literature investigating the perspective of maritime stakeholders on decarbonisation in Cyprus, an important flag state. The findings from the interviews were used to group and categorise the barriers, enablers, and potential challenges faced by the maritime sector in Cyprus and were applied in the development of a Vision and Roadmap for the decarbonisation of the sector.","Article","All Open Access; Gold Open Access; Green Accepted Open Access; Green Open Access","Scopus"
"Agrusti, M.; Ceccarelli, M.; Bovo, M.; Benni, S.; Barbaresi, A.; Santolini, E.; Torreggiani, D.; Tassinari, P.","Agrusti, Miki (57219199126); Ceccarelli, Mattia (57224689530); Bovo, M. (55504159800); Benni, Stefano (24334072400); Barbaresi, Alberto (55980314200); Santolini, Enrica (57193406635); Torreggiani, Daniele (24336908000); Tassinari, Patrizia (13609849700)","57219199126; 57224689530; 55504159800; 24334072400; 55980314200; 57193406635; 24336908000; 13609849700","Assessment of milk yield loss induced by heat stress in dairy cows Researching the sustainability and the animal welfare","2022","VDI-Berichte","2022","2406","","75","84","10.51202/9783181024065-75","https://www.scopus.com/inward/record.uri?eid=2-s2.0-85175049332&doi=10.51202%2F9783181024065-75&partnerID=40&md5=abb036d749cdb1af3ddab8ff79cacd01","This study was developed within the EIT Food European project DAIRYSUST “Big data and advanced analytics for sustainable management of the dairy cattle sector”, running in 2021-2022. The aim of the project is to improve sustainability, animal welfare and productivity in dairy farming through the use of advanced data analytics. Livestock farms routinely produce and monitor data relating to environmental conditions, animal behaviour, and production parameters. The development of data-driven platforms and solutions which bring together all the separate data could be used to enhance decision-making and improve the sustainability of the agri-food system. This project is developing a system which integrates and harmonises the different data types. The outcomes are planned to be used by stakeholders in the dairy farming sector to improve their decision-making processes relating to sustainability, animal welfare and productivity. In this context, the study aims to define, train, and test a model developed through machine learning techniques, adopting a Random Forest algorithm, with the main goal to assess the trend in daily milk yield of individual cows in relation to environmental conditions. The model has been calibrated and tested on the data collected on dairy farms which expressed their availability in collaborating in the project. The results show that the model can detect the drop in the cow’s milk yield due to extreme hot conditions inducing heat stress effects and milk yield loss. In fact, the average relative error provided by the model in the predictions, is 2% of the total milk production in the test days. The results confirm that the obtained Random Forest Model represents a reliable and viable tool for the evaluation of future production scenarios of dairy cows in presence of heat stress environmental conditions. The model proposed may thus help to develop and improve decision support systems for farmers to increase both milk yield and animal welfare and, on the other hand, to reduce the resources needed, hence increasing sustainability of the dairy sector. © 2022, VDI Verlag GMBH. All rights reserved.","","Animals; Dairies; Decision making; Decision support systems; Farms; Forestry; Machine learning; Sustainable development; Thermal stress; Yield stress; Animal productivity; Animal welfare; Dairy cow; Dairy farming; Environmental conditions; European program; Heat stress; Milk yield; Sustainable management; Yield loss; Data Analytics","","Article","","Scopus"
"Zuenkova, J.A.","Zuenkova, Yu A. (57223995388)","57223995388","Experience of implementing a value-based approach in radiation therapy: EIT Health methodology; Опыт реализации ценностно-ориентированного подхода в лучевой терапии в рамках методики EIT Health","2022","Health Care of the Russian Federation","66","3","","201","207","10.47470/0044-197X-2022-66-3-201-207","https://www.scopus.com/inward/record.uri?eid=2-s2.0-85165901667&doi=10.47470%2F0044-197X-2022-66-3-201-207&partnerID=40&md5=95a3c4118ed367ac7a60a605334b1403","Introduction. Over the past ten years, healthcare has made a big step towards the transition from the traditional payment-for-service model to a value-based model. The Russian experience of oncological and radiotherapeutic care, and the experience of implementing similar projects in patients with skin cancer, has not yet been described. Given the complexity and resource-intensive implementation of such projects, it is necessary to evaluate the methodology at the early stages of implementation. Purpose: to present the experience of implementing a value-based approach using the EIT Health methodology in the radiotherapeutic care. Material and methods. The experience of implementing the EIT Health methodology in three sites of the budgetary healthcare system is analyzed and summarized. Possibilities of application in radiation therapy are described. The following tools were used: assessment and standardization of processes, “patient’s pathway” analysis, cost estimation, patients’ values evaluation, shared decision-making, patients’ compliance with diagnosis and treatment, satisfaction with the quality of medical services, assessment of quality of life. Results. The use of the proposed technique proved to be justified as all eight tools were applicable in each of the three sites. The success of using these tools was also facilitated by their using to have a specific highly specialized focus as X-ray therapy rooms were used as a research base, and the objects of the study were patients with non-melanoma skin cancer. Limitations of the research are related to the X-ray therapeutic cabinets of the oncology dispensaries and non-melanoma skin cancer patients. Conclusion. Healthcare needs applied research aimed at forming an evidence base of quality improvement projects. Current research provides further guidance of dissemination the value-based approach in practice. © ZUENKOVA JU.A., 2022.","patient adherence; patient pathway; patient-oriented approach; quality of life; radiotherapy; shared decision making; value-based healthcare","","","Article","All Open Access; Gold Open Access","Scopus"
"Sayrol, E.; Monteil, T.; Desjeux, B.; Pérez, M.; Bruyère, N.; Aquilué, I.; Alarcon-Cot, E.; Julliot, M.","Sayrol, Elisa (6603100738); Monteil, Thierry (22735059600); Desjeux, Benoît (58093025800); Pérez, Mar (57681832300); Bruyère, Nathalie (58093346800); Aquilué, Inés (57189497159); Alarcon-Cot, Eduard (7006058423); Julliot, Mélanie (58093140800)","6603100738; 22735059600; 58093025800; 57681832300; 58093346800; 57189497159; 7006058423; 58093140800","4I4U CONCEPT CITIZEN ENGAGEMENT OF ENGINEERING STUDENTS AND HIGH SCHOOL STUDENTS","2022","","","","","1564","1572","10.5821/conference-9788412322262.1419","https://www.scopus.com/inward/record.uri?eid=2-s2.0-85147529688&doi=10.5821%2Fconference-9788412322262.1419&partnerID=40&md5=9071ed8981aec4e549f731b50a6ede1e","The 4I4U project2, which runs through 2022, aims to engage the community of citizens made up of students between the ages of 15 to 23 in the urban mobility of the future while empowering them to become actors of change who can participate in the development and evolution of their city. Led by a European Consortium composed of two cities, Barcelona in Spain and Toulouse in France, as well as education entities from high school to universities and clusters of companies in the field of urban mobility, and co-funded by the EIT Urban Mobility, the main objectives of 4I4U focus on raising awareness among young citizens in the context of urban mobility, developing their capabilities to become actors, highlighting their needs and finally creating a methodology and an environment that help students from ideation to action for the mobility of the future. The objectives of 4I4U are achieved by planning a set of seminars, round tables and brainstorming sessions to raise awareness or understanding of different aspects of urban mobility. To move from ideation to action, small groups of students design and produce a first ideation to understand and be able to project themselves into the proposed solution. This activity will be carried out under the mentoring of cities and industrialists, using the means of training institutions. © 2022 SEFI 2022 - 50th Annual Conference of the European Society for Engineering Education, Proceedings. All rights reserved.","Citizen Engagement; Entrepreneurship; Innovation; International Education; Urban Mobility","Engineering education; International cooperation; Barcelona; Citizen engagements; Entrepreneurship; High school students; Higher School; Innovation; International education; Round tables; Toulouse; Urban mobility; Students","","Conference paper","All Open Access; Gold Open Access; Green Accepted Open Access; Green Open Access","Scopus"
"Angeli, L.; Dalle, J.-M.; Segovia, J.; Piña-Stranger, A.; Marchese, M.","Angeli, Lorenzo (57209833720); Dalle, Jean Michel (16177066200); Segovia, Javier (8703101900); Piña-Stranger, Álvaro (37091297400); Marchese, Maurizio (35607433800)","57209833720; 16177066200; 8703101900; 37091297400; 35607433800","Actionable Entrepreneurship Education in a ""Teachers' Community of Practice"" across 17 European Research Universities","2022","Proceedings - Frontiers in Education Conference, FIE","2022-October","","","","","10.1109/FIE56618.2022.9962506","https://www.scopus.com/inward/record.uri?eid=2-s2.0-85143774959&doi=10.1109%2FFIE56618.2022.9962506&partnerID=40&md5=97343e8ea8fef56dbaf8ffcbe83869ce","Digitalisation is bringing computing professionals to higher and higher position of responsibility. Universities, however, have not fully answered to the increased demand in skills that these professionals need to have. In this panel, we present the work of a Teachers' Community of Practice that is trying to fill this gap by teaching Innovation and Entrepreneurship to computer science students from 17 European universities belonging to a consortium called EIT Digital. The panel will replicate the Community of Practice approach, creating a space to share experiences, encouraging participants to start their own Teachers' Community of Practices, and transparently discussing points of success and failure alike. © 2022 IEEE.","communities of practice; Innovation and Entrepreneruship; inter-university collaboration; teachers'; teaching innovation","Communities of Practice; Entrepreneurship education; European research; Innovation and entrepreneruship; Inter-university collaboration; Teacher community; Teacher'; Teachers'; Teaching innovations; University collaborations","ACKNOWLEDGEMENTS The authors would like to thank all teachers and EIT Digital personnel participating in the TCoP. Were it practical, we would have been glad to feature everyone! The authors also wish to acknowledge the financial support of EIT Digital, a body co-funded by the European Union, which made the experiences reported here possible.","Conference paper","","Scopus"
"Visioli, F.; Bodereau, V.; van der Kamp, M.; Clegg, M.; Guo, J.; del Castillo, M.D.; Gilcrease, W.; Hollywood, A.; Iriondo De-Hond, A.; Mills, C.; Sciascia, S.; van Zutphen, T.; Visser, E.; Willett, W.C.","Visioli, Francesco (7006786926); Bodereau, Vivien (57913730600); van der Kamp, Maarten (57908604200); Clegg, Miriam E. (23488205500); Guo, Jing (57192640351); del Castillo, Maria Dolores (57683473300); Gilcrease, Winston (57203924832); Hollywood, Amelia (16245062700); Iriondo De-Hond, Amaia (57190026003); Mills, Charlotte Elizabeth (57188677068); Sciascia, Savino (26421432900); van Zutphen, Tim (21735560600); Visser, Edith (57913520900); Willett, Walter Churchill (56803239300)","7006786926; 57913730600; 57908604200; 23488205500; 57192640351; 57683473300; 57203924832; 16245062700; 57190026003; 57188677068; 26421432900; 21735560600; 57913520900; 56803239300","Educating health care professionals on the importance of proper diets. An online course on nutrition, health, and sustainability","2022","International Journal of Food Sciences and Nutrition","73","8","","1091","1095","10.1080/09637486.2022.2123908","https://www.scopus.com/inward/record.uri?eid=2-s2.0-85139111663&doi=10.1080%2F09637486.2022.2123908&partnerID=40&md5=d6c1ea51cace3743405e9af32ceea539","The majority of university curricula for health professionals does not incorporate courses on human nutrition and its links with human and planetary health. This primarily applies to medical and pharmacy students, who have important counselling roles and are at the forefront of public health. To address this important issue, EIT Food recently launched an online course on nutrition, health, and sustainability. Learners were able to provide feedback on the course through an end-of-course survey and social interaction on the FutureLearn platform. The course was very well attended worldwide and received positive feedback from learners. A total of 3,858 students enrolled in the program, from >20 countries. Learners reported inadequate training on nutrition in their own curriculum and indicated they would use key insights from the course to inform their own practice. This report provides insights from the course, which could be used as guidance for future initiatives. © 2022 Taylor & Francis Group, LLC.","education; food sustainability; health; micronutrients; micronutrients; Nutrition; public health","curriculum; diet; health care personnel; human; nutritional status; questionnaire; Curriculum; Diet; Health Personnel; Humans; Nutritional Status; Surveys and Questionnaires","This EIT Food activity has received funding from the European Institute of Innovation and Technology (EIT), a body of the European Union, under Horizon Europe, the EU Framework Programme for Research and Innovation. Dr. Stephen Devries; nonprofit Gaples Institute, Deerfield, Illinois, USA, provided very important advice.","Article","All Open Access; Green Accepted Open Access; Green Final Open Access; Green Open Access","Scopus"
"Fosgerau, C.; Clemmensen, N.B.; Husted, G.R.; Kaae, S.; Rossing, C.","Fosgerau, Christina Fogtmann (55632409000); Clemmensen, Nanna Broch (57466609800); Husted, Gitte Reventlov (44161263500); Kaae, Susanne (26023241800); Rossing, Charlotte Verner (6602594380)","55632409000; 57466609800; 44161263500; 26023241800; 6602594380","A mentalising education programme for community pharmacy workforce","2022","Pharmacy Education","22","1","","77","87","10.46542/pe.2022.221.7787","https://www.scopus.com/inward/record.uri?eid=2-s2.0-85126988763&doi=10.46542%2Fpe.2022.221.7787&partnerID=40&md5=5549586129d5d8ba201caa097926f01e","This article describes the development and content of the continuing education programme “Counseling first hand – understanding the customer and yourself through mentalising”. The education programme is targeted at the community pharmacy workforce and aims at increasing the pharmacy workforce’ awareness of mental states in pharmacy counselling in order to ultimately centre the interaction around the customer’s perspectives. As such, the education programme combines the traditions of pharmacy practice with a psychologically-based theory of interaction, i.e. mentalising. The education programme is developed between partners from the University of Copenhagen and from Pharmakon-the Danish College of Pharmacy Practice and is funded by the European Institute of Innovation and Technology (EIT) Health. The continuing education programme spans four months and combines physical attendance with online modules. © 2022 FIP.","Community pharmacy; Emotion; Healthcare counselling; Mentalise; Psychoeducation","article; awareness; continuing education; counseling; education program; emotion; human; human experiment; mental health; mentalization; pharmacy (shop); pharmacy practice; psychoeducation; workforce","Funding text 1: The authors thank EIT Health, University of Groningen, Nivel, Patient in Focus, psychologist and mentalising expert Jens Hardy Soerensen, and contributing pharmacy practitioners for their contribution to the development of the continuing education programme.; Funding text 2: This article describes the development and content of the continuing education programme ?Counseling first hand ? understanding the customer and yourself through mentalising ?堀 The education programme is targeted at the community pharmacy workforce and aims at increasing the pharmacy workforce ? awareness of mentastlates in pharmacy counselling in order to ultimately centre the interaction around the customer 嬁? perspectives 堀 As such ? the education programme combines the traditions of pharmacy practice with a psychologically-based theory of interaction, i.e. mentalising. The education programme is developed between partners from the University of Copenhagen and from Pharmakon-the Danish College of Pharmacy Practice and is funded by the European Institute of Innovation and Technology (EIT) Health. The continuing education programme spans four months and combines physical attendance with online modules.; Funding text 3: The continuing education programme was developed as part of an international and interdisciplinary research project funded by the European Institute of Innovation and Technology (EIT) Health (ID 210638) aimed at furthering ?Patien-tcentred communication in community pharmacies ? 縀PC P 缀 by developing testing a continuing education programme. The overall","Article","All Open Access; Gold Open Access","Scopus"
"Moncunill, G.; Aguilar, R.; Ribes, M.; Ortega, N.; Rubio, R.; Salmerón, G.; Molina, M.J.; Vidal, M.; Barrios, D.; Mitchell, R.A.; Jiménez, A.; Castellana, C.; Hernández-Luis, P.; Rodo, P.; Méndez, S.; Llupià, A.; Puyol, L.; Rodrigo Melero, N.; Carolis, C.; Mayor, A.; Izquierdo, L.; Varela, P.; Trilla, A.; Vilella, A.; Barroso, S.; Angulo, A.; Engel, P.; Tortajada, M.; García-Basteiro, A.L.; Dobaño, C.","Moncunill, Gemma (8951947400); Aguilar, Ruth (37103406500); Ribes, Marta (57217863890); Ortega, Natalia (57217851706); Rubio, Rocío (57222624470); Salmerón, Gemma (57323639100); Molina, María José (57206510665); Vidal, Marta (57195591025); Barrios, Diana (55605876800); Mitchell, Robert A. (56927419500); Jiménez, Alfons (8115572600); Castellana, Cristina (57323676600); Hernández-Luis, Pablo (57222623046); Rodo, Pau De Yebra (57221646051); Méndez, Susana F. (57215308608); Llupià, Anna (23667864100); Puyol, Laura (24449855400); Rodrigo Melero, Natalia (57221838000); Carolis, Carlo (55974470000); Mayor, A. G. (7004476230); Izquierdo, Luis (25951573400); Varela, Pilar (59024686400); Trilla, Antoni (57214406421); Vilella, Anna (6604059244); Barroso, Sonia (57217859033); Angulo, Ana (7005419678); Engel, Pablo (7201820426); Tortajada, Marta (57217847020); García-Basteiro, Alberto L. (57200187168); Dobaño, Carlota (6506513895)","8951947400; 37103406500; 57217863890; 57217851706; 57222624470; 57323639100; 57206510665; 57195591025; 55605876800; 56927419500; 8115572600; 57323676600; 57222623046; 57221646051; 57215308608; 23667864100; 24449855400; 57221838000; 55974470000; 7004476230; 25951573400; 59024686400; 57214406421; 6604059244; 57217859033; 7005419678; 7201820426; 57217847020; 57200187168; 6506513895","Determinants of early antibody responses to COVID-19 mRNA vaccines in a cohort of exposed and naïve healthcare workers","2022","eBioMedicine","75","","103805","","","10.1016/j.ebiom.2021.103805","https://www.scopus.com/inward/record.uri?eid=2-s2.0-85122630176&doi=10.1016%2Fj.ebiom.2021.103805&partnerID=40&md5=f01a531f98ead0077171c3f7acedbb1e","Background: Two doses of mRNA vaccination have shown >94% efficacy at preventing COVID-19 mostly in naïve adults, but it is not clear if the second dose is needed to maximize effectiveness in those previously exposed to SARS-CoV-2 and what other factors affect responsiveness. Methods: We measured IgA, IgG and IgM levels against SARS-CoV-2 spike (S) and nucleocapsid (N) antigens from the wild-type and S from the Alpha, Beta and Gamma variants of concern, after BNT162b2 (Pfizer/BioNTech) or mRNA-1273 (Moderna) vaccination in a cohort of health care workers (N=578). Neutralizing capacity and antibody avidity were evaluated. Data were analyzed in relation to COVID-19 history, comorbidities, vaccine doses, brand and adverse events. Findings: Vaccination induced robust IgA and IgG levels against all S antigens. Neutralization capacity and S IgA and IgG levels were higher in mRNA-1273 vaccinees, previously SARS-CoV-2 exposed, particularly if symptomatic, and in those experiencing systemic adverse effects (p<0·05). A second dose in pre-exposed did not increase antibody levels. Smoking and comorbidities were associated with 43% (95% CI, 19-59) and 45% (95% CI, 63-18) lower neutralization, respectively, and 35% (95% CI, 3-57%) and 55% (95% CI, 33-70%) lower antibody levels, respectively. Among fully vaccinated, 6·3% breakthroughs were detected up to 189 days post-vaccination. Among pre-exposed non-vaccinated, 90% were IgG seropositive more than 300 days post-infection. Interpretation: Our data support administering a single-dose in pre-exposed healthy individuals as primary vaccination. However, heterogeneity of responses suggests that personalized recommendations may be necessary depending on COVID-19 history and life-style. Higher mRNA-1273 immunogenicity would be beneficial for those expected to respond worse to vaccination and in face of variants that escape immunity such as Omicron. Persistence of antibody levels in pre-exposed unvaccinated indicates maintenance of immunity up to one year. Funding: This work was supported by Institut de Salut Global de Barcelona (ISGlobal) internal funds, in-kind contributions from Hospital Clínic de Barcelona, the Fundació Privada Daniel Bravo Andreu, and European Institute of Innovation and Technology (EIT) Health (grant number 20877), supported by the European Institute of Innovation and Technology, a body of the European Union receiving support from the H2020 Research and Innovation Programme. We acknowledge support from the Spanish Ministry of Science and Innovation and State Research Agency through the “Centro de Excelencia Severo Ochoa 2019-2023” Program (CEX2018-000806-S), and support from the Generalitat de Catalunya through the CERCA Program. L. I. work was supported by PID2019-110810RB-I00 grant from the Spanish Ministry of Science & Innovation. Development of SARS-CoV-2 reagents was partially supported by the National Institute of Allergy and Infectious Diseases Centers of Excellence for Influenza Research and Surveillance (contract number HHSN272201400008C). The funders had no role in study design, data collection and analysis, the decision to publish, or the preparation of the manuscript. © 2021","Antibody; Avidity; COVID-19; Health care workers; mRNA vaccines; Neutralization; SARS-CoV-2","angiotensin converting enzyme 2; antigen; coronavirus spike glycoprotein; elasomeran; immunoglobulin A; immunoglobulin G; immunoglobulin G1; immunoglobulin M; messenger RNA; mrna 1273; neutralizing antibody; nucleocapsid protein; RNA vaccine; tozinameran; nucleocapsid phosphoprotein, SARS-CoV-2; phosphoprotein; spike protein, SARS-CoV-2; virus antibody; adult; antibody affinity; antibody response; arthralgia; Article; autoimmune disease; chill; cohort analysis; comorbidity; controlled study; coronavirus disease 2019; diabetes mellitus; disease surveillance; drug efficacy; erythema; fatigue; female; fever; flow cytometry; fluorescence intensity; follow up; headache; health care; health care personnel; heart disease; human; immunoassay; immunoglobulin blood level; injection site swelling; kidney disease; kidney failure; liver disease; major clinical study; male; malignant neoplasm; myalgia; nonhuman; pain; prospective study; questionnaire; real time reverse transcription polymerase chain reaction; seroconversion; serology; seroprevalence; Severe acute respiratory syndrome coronavirus 2; smoking; spike; vaccination; vaccinee; variant of concern; virus neutralization; virus neutralization test; virus nucleocapsid; wild type; administration and dosage; antibody production; clinical trial; drug effect; epidemiology; immunology; middle aged; prevention and control; vaccine immunogenicity; 2019-nCoV Vaccine mRNA-1273; Adult; Antibodies, Viral; Antibody Formation; BNT162 Vaccine; Coronavirus Nucleocapsid Proteins; COVID-19; Female; Health Personnel; Humans; Immunogenicity, Vaccine; Immunoglobulin A; Immunoglobulin G; Male; Middle Aged; Phosphoproteins; SARS-CoV-2; Spike Glycoprotein, Coronavirus","We thank the participation of HCW who are committed to this study and are key personnel facing the pandemic. We are grateful to Pau Cisteró, Chenjerai Jairoce, Selena Alonso, Rebeca Santano, Sarah Williams, Montserrat Lamoglia, Neus Rosell, Angeline Cruz, Eugénia Chóliz, Antía Figueroa-Romero, Mikel J. Martínez, Patricia Sotomayor and Sara Torres who participated in the field and/or laboratory work during previous visits. We also thank the administrative department in ISGlobal, and Gemma Ruiz-Olalla, and Sergi Sanz for statistical advice.","Article","All Open Access; Gold Open Access; Green Accepted Open Access; Green Open Access","Scopus"
"Klincewicz, K.; Zatorska, M.; Wielicka-Regulska, A.","Klincewicz, Krzysztof (24476470400); Zatorska, Magdalena (58431777600); Wielicka-Regulska, Anna (57201674846)","24476470400; 58431777600; 57201674846","The Role of Higher Education in Creating Socially Responsible Innovations: A Case Study of the EIT Food RIS Consumer Engagement Labs Project","2022","Innovation, Technology and Knowledge Management","","","","179","197","10.1007/978-3-030-84044-0_9","https://www.scopus.com/inward/record.uri?eid=2-s2.0-85122474951&doi=10.1007%2F978-3-030-84044-0_9&partnerID=40&md5=d4eb0f359ff52c3da718ee66af546d54","The chapter discusses the concept of socially responsible innovations and links it to the third mission of universities, understood in terms of social engagement of the higher education institutions. It presents the case study of the EIT Food RIS Consumer Engagement Labs project (funded by the European Institute of Innovation and Technology, EIT, in the framework of Regional Innovation Scheme, RIS). The project has been rolled out to 14 European countries. It serves as a successful example of universities orchestrating the process of co-creation of new products, which involves consumers and producers. The process aimed to address societal challenges and serve the needs of a vulnerable group of senior citizens by developing new food products, proposed by the elderly consumers and matching their specific needs and requirements. It looks at the project experiences through the lenses of inclusion and responsiveness, which allow the universities to combine social responsibility with commercially attractive innovations. Universities involved in the project were playing the role of “interpreters”, linking companies and consumers, facilitating the creative activities and ensuring the methodological and ethical soundness of the co-creation processes. © 2022, The Author(s).","Co-creation; Responsible research and innovation; Socially responsible innovations; Third mission; University","","Funding text 1: The EIT Food RIS Consumer Engagement Labs (further referred to as: “CEL” or “the Labs”) is a project funded by the European Institute of Innovation and Technology based on the Horizon 2020 framework program of the European Union. The project consists of cooperation with consumers, who participate in creative activities involving also food companies as part of a “laboratory” dedicated to the development of new food products. The co-creation process is based on a standardized methodology, developed by the University of Warsaw and replicated throughout multiple Labs in various European countries, each focused on another food product category and involving different sets of local stakeholders.; Funding text 2: Acknowledgement The chapter describes selected results of the EIT Food RIS Consumer Engagement Labs, a project that has received funding from the European Institute of Innovation and Technology (EIT), a body of the European Union, under the Horizon 2020 and Horizon Europe, the EU Framework Programmes for Research and Innovation.","Book chapter","All Open Access; Hybrid Gold Open Access","Scopus"
"Kasmaeeyazdi, S.; Abdolmaleki, M.; Ibrahim, E.; Jiang, J.; Marzán, I.; Rodríguez, I.B.","Kasmaeeyazdi, Sara (58939513000); Abdolmaleki, Mehdi (56060868600); Ibrahim, Elsy (26654862900); Jiang, Jingyi (56134173900); Marzán, Ignacio (6506146466); Rodríguez, Irene Benito (57289881500)","58939513000; 56060868600; 26654862900; 56134173900; 6506146466; 57289881500","Copernicus data to boost raw material source management: Illustrations from the RawMatCop programme","2021","Resources Policy","74","","102384","","","10.1016/j.resourpol.2021.102384","https://www.scopus.com/inward/record.uri?eid=2-s2.0-85116803471&doi=10.1016%2Fj.resourpol.2021.102384&partnerID=40&md5=42585ef73395c9090aea2e199564bca1","Earth Observation (EO) data can become an essential tool in the transformation of a raw materials sector that aims to reconfigure its model of operation. The high demand for the mineral resources necessary for the transition to a carbon neutral and circular economy conflicts with the increasing difficulties of finding new deposits. As the sector heads towards embracing circularity and reducing the environmental impacts, a clear focus has been set on developing appropriate tools to boost the efficiency of mineral resource management, both technologically and economically. In this scenario, the Sentinel satellites of the European Copernicus program come into play. Despite being satellites considered medium resolution, they provide great temporal and spatial coverage in a continuous record, which makes them tools with great potential for the raw materials sector. However, the lack of applications in the raw materials sector suggests that these technological advances have remained underrated by sectoral actors. The RawMatCop program was designed to bridge this gap. This program, co-funded by the European Commission and EIT RawMaterials, aims to develop applications and promote the use of Copernicus data in the raw materials sector to contribute to a safe and sustainable supply of mineral resources. The presented applications can be grouped into three categories covering the whole mining cycle from exploration to exploitation and post-mining. Two of the presented case studies cover the study of primary sources including exploration of Iron Oxide Copper Gold mineralisations to identify high-potential mining areas and mapping of informal gold mining and its environmental impacts. Another project focused on secondary sources tackled data applications for grade mapping and sample optimisation in mining residues. And the forth project focused on monitoring ground stability related to mining activity. The results demonstrate the high cost-effectiveness of Sentinel 1 and 2 in extending ground-based measurements to larger areas, especially when these are hard-to-reach areas. Finally, the presented projects examine the industrial and social impacts of technological innovations, as well as contribute to the achievement of prominent European Union policy objectives and the United Nations Sustainable Development Goals. © 2021","Copernicus; Critical raw materials; Exploration; Ground instability; Mineral resources; Mining residuals; Sentinel; Small-scale mining","Application programs; Cost effectiveness; Information management; Iron oxides; Mapping; Metadata; Mineral exploration; Mineral resources; Minerals; Sustainable development; Copernicu; Critical raw materials; Earth observation data; Ground instability; High demand; Mining residual; Raw material sources; Sentinel; Small-scale mining; Source management; Environmental impact; environmental impact; EOS; European Union; mineral exploration; mineral resource; mineralization; small scale mining; Europe; Satellites","Funding text 1: This paper includes four research projects related to the RawMatCop Programme (2018–2019), funded by the European Commission and EIT RawMaterials. Special thanks to Serge Monturet, the LifeLong learning manager for his support. The authors would like to thank Dr. Rima Dapous, Wesley Crock, Dr. Patrick Nadoll, Ms. Eliane Furuyama and Sven Kreigenfeld from EIT RawMaterials and supervisors: Professor Roberto Bruno and Professor Emanuele Mandanici from University of Bologna, Dr. Efthymios Balomenos from Mytilineous S.A, Professor Thorkild Maack Rasmussen from Luleå University of Technology, Professor Eric Pirard from University of Liege, Dr. Pierre Lacroix from the University of Geneva and UNEP/GRID-Geneva, Mr. David Jensen, Ms. Inga Peterson, Mr. Juan Bello, and Ms. Luisa Lema from UNEP, Mr. Rafael Sanchez the secretary of mines at El Bagre, Ms. Janneth Zoraida Duque Quintero and Ms. Ana Castana from Corantioquia, Professor Jose Fernández and Mr. Joaquin Escayo from IGEO-CSIC, Professor Ramon Carbonell and Dr. Martin Schimmel, for their important feedback and suggestions; and the Atalaya Mining company for their support. Finally we would like to thank Dr.Francesco Tinti for the encouragement behind the paper creation.; Funding text 2: Four different research projects funded by the RawMatCop Programme (2018–2019) are presented to demonstrate the potential of Sentinel-1 and 2 satellites to improve a safe and sustainable supply of mineral resource. The thematic developments cover the mining cycle from mineral resources exploration to the disposal and reuse of waste. The results show the potential of Copernicus free data for the raw materials sector. The COP-PILES and IOCG_SENSE projects demonstrate the potential of Sentinel-2 to cost-effective mapping of mineral variability at a small scale (mining residues) and at large scale (resource exploration in a remote area). On the other hand, the CopX project demonstrates the potential of Sentinel-2 to monitor informal mining activities in remote and unsafe areas and assess their impacts, contributing to efforts to mitigate affected sites and allow planning for efficient interventions. Finally, the InTarsis project demonstrates how Sentinel-1 is capable of monitoring ground stability in mining facilities, contributing to the safety of mining activities. Moreover, it’s pointed out that the ground truth measurements are required to correlate Copernicus data and together integrate into a holistic system to improve exploring and monitoring capacity of mining stakeholders.","Article","All Open Access; Green Accepted Open Access; Green Open Access","Scopus"
"Pozzi, M.; Spirito, G.; Fattori, F.; Dénarié, A.; Famiglietti, J.; Motta, M.","Pozzi, Marianna (57357551200); Spirito, Giulia (57223914565); Fattori, Fabrizio (55516506100); Dénarié, Alice (57190939038); Famiglietti, Jacopo (57203622198); Motta, M. (47161390600)","57357551200; 57223914565; 55516506100; 57190939038; 57203622198; 47161390600","Synergies between buildings retrofit and district heating. The role of DH in a decarbonized scenario for the city of Milano","2021","Energy Reports","7","","","449","457","10.1016/j.egyr.2021.08.083","https://www.scopus.com/inward/record.uri?eid=2-s2.0-85121379970&doi=10.1016%2Fj.egyr.2021.08.083&partnerID=40&md5=f0857446af2a16674e83ceaa617c7287","The goal of this work is to present challenges and opportunities for the development of 4th generation district heating in future decarbonized scenarios for the Italian city of Milano. The work has been developed in the framework of a Climate-KIC project to support Milano municipality in developing decarbonization measures. The first part of the work consists in the evaluation of a geographical distribution of the civil sector heat demand according to a bottom-up approach based on open data. Thanks to this statistical tool, also buildings retrofit can be analysed. Three retrofit scenarios are simulated according to policy goals for 2030 and 2050, foreseeing a retrofit priority of worst energy performances buildings, resulting in 8.8TWh, for the first two scenarios, and 9.4TWh for the last one. The areas characterized by the majority of retrofit can be identified as the most suitable for low temperature district heating development. Renewables and low temperature waste heat sources are also assessed, resulting in 9.8TWh of available heat. The application of district heating in combination with the identified renewables is assessed in these scenarios with a clustering approach. The evaluation of potential diffusion of 4GDH is based on the comparison between the overall cost of district heating and the competing individual systems costs: district heating is considered feasible only in retrofitted buildings where district heating cost is lower than individual systems cost (about 0.7TWh in each scenarios). The retrofitting scenarios combined with the diffusion of renewable based 4GDH are assessed also in terms of environmental impact. The current greenhouse gas emissions related to the actual heating systems, evaluated through the Thermal Systems Regional Cadastre database, is compared to the district heating development scenarios and to individual heat pump system scenarios. The results show the highest reduction of emission in the district heating scenarios (65%). © 2021 The Authors","Fourth generation district heating; Greenhouse gas emissions; Heat demand; Map; Retrofit scenarios","Gas emissions; Geographical distribution; Greenhouse gases; Retrofitting; Statistical mechanics; Temperature; Waste heat; Building retrofits; Decarbonisation; Fourth generation; Fourth generation district heating; Greenhouse gas emissions; Heat demands; Individual systems; Renewables; Retrofit scenario; System costs; District heating","The work has been developed in the framework of the project “DDMI, Deep Demonstration Milano” funded by Climate-KIC, Italy to support Milano municipality in developing decarbonization measures. The authors gratefully acknowledge the Milano municipality and AMAT that have provided the important inputs for the analysis.","Article","All Open Access; Gold Open Access; Green Accepted Open Access; Green Open Access","Scopus"
"Muñoz-Hernández, S.; Benac Earle, C.; Herranz Nieva, A.H.; Gonzalez-Mcguinness, M.","Muñoz-Hernández, Susana (55906800700); Benac Earle, Clara (12142916700); Herranz Nieva, Ángel (22334331500); Gonzalez-Mcguinness, Mayte (57242537900)","55906800700; 12142916700; 22334331500; 57242537900","Sustainable methodology for operational and formal digital skills acquisition: A case study of e-health inclusion","2021","Sustainability (Switzerland)","13","17","9698","","","10.3390/su13179698","https://www.scopus.com/inward/record.uri?eid=2-s2.0-85114102382&doi=10.3390%2Fsu13179698&partnerID=40&md5=be71547c85057ce3d59c8656d0414927","This study explains the rationale of a methodology developed by the Universidad Politécnica of Madrid (UPM) group TechPeopleCare as applied to the e-Health Inclusion through ICT Training project partly funded by the European Institute of Technology EIT-Health in 2019. An initial sample of 168 participants with different lifestyles and migrant backgrounds, with high female participation, were recruited in three different countries by three different organisations following strict ethical protocols that limit the data that can be shared. The learning materials were aimed at people lacking the operational and formal skills to use digital media, for example, using a mouse, a keyboard, and navigating the Internet. This learning would enable these cohorts to become beneficiaries of e-Health interventions, such as making a doctor’s appointment, accessing a health record, finding the location of a health centre or the nearest open pharmacy. By the end of the training programme, we found that the motivation to learn was high. The possibility of reviewing learning content at the individual’s pace and without the need of an instructor was appreciated, especially by younger cohorts with migrant backgrounds. A majority reported being satisfied with their learning of the health systems, unique to each country, and willing to learn more regardless of the training method. However, allowing for individual and independent learning “by doing” appears more accessible to suit different lifestyles and more sustainable than traditional computer classes. Since social and digital inequality are intertwined, sustainable and innovative learning programmes in developing countries within communities specifically addressing the acquisition of operational and formal skills are a pre-condition to move forward and bridge the gap of being on the wrong side of the digital divide. © 2021 by the authors. Licensee MDPI, Basel, Switzerland.","Adult learning; Digital inclusion; Digital inequality; Digital learning methodology; Digital skills; E-Health; Older learners; Sustainability","cohort analysis; developing world; digital map; ethics; female behavior; Internet; lifestyle; participatory approach; rodent; sustainability; training; Madrid [Spain]; Spain","Funding: This activity (ID 19056, eHi-ICCT “e-Health inclusion through ICT training”) has received funding from EIT Health (www.eithealth.eu) the innovation community on Health of the European Unio Institute of Innovation and Technology (EIT, eit.europa.eu), a body of the European Union, under Horizon 2020, the EU Framework Programme for Research and Innovation.","Article","All Open Access; Gold Open Access; Green Accepted Open Access; Green Open Access","Scopus"
"Araújo, F.; Nogueira, M.N.; Silva, J.; Rego, S.","Araújo, Maria de Fátima (55978491200); Nogueira, Maria Nilza (57203004876); Silva, Joana (59289279500); Rego, Sílvia (56490389500)","55978491200; 57203004876; 59289279500; 56490389500","A technological-based platform for risk assessment, detection, and prevention of falls among home-dwelling older adults: Protocol for a quasi-experimental study","2021","JMIR Research Protocols","10","8","e25781","","","10.2196/25781","https://www.scopus.com/inward/record.uri?eid=2-s2.0-85112699346&doi=10.2196%2F25781&partnerID=40&md5=a3e2fb46c779ec45eb43ee7dbc22509b","Background: According to the United Nations, it is estimated that by 2050, the number of people aged 80 years and older will have increased by 3 times. Increased longevity is often accompanied by structural and functional changes that occur throughout an individual’s lifespan. These changes are often aggravated by chronic comorbidities, adopted behaviors or lifestyles, and environmental exposure, among other factors. Some of the related outcomes are loss of muscle strength, decreased balance control, and mobility impairments, which are strongly associated with the occurrence of falls in the elderly. Despite the continued undervaluation of the importance of knowledge on fall prevention among the elderly population by primary care health professionals, several evidence-based (single or multifaceted) fall prevention programs such as the Otago Exercise Program (OEP) have demonstrated a significant reduction in the risk of falls and fall-related injuries in the elderly within community settings. Recent studies have strived to integrate technology into physical exercise programs, which is effective for adherence and overcoming barriers to exercise, as well as improving physical functioning. Objective: This study aims to assess the impact of the OEP on the functionality of home-dwelling elderly using a common technological platform. Particularly, the impact on muscle strength, balance, mobility, risk of falling, the perception of fear of falling, and the perception of the elderly regarding the ease of use of technology are being examined in this study. Methods: A quasi-experimental study (before and after; single group) will be conducted with male and female participants aged 65 years or older living at home in the district of Porto. Participants will be recruited through the network COLABORAR, with a minimum of 30 participants meeting the study inclusion and exclusion criteria. All participants will sign informed consent forms. The data collection instrument consists of sociodemographic and clinical variables (self-reported), functional evaluation variables, and environmental risk variables. The data collection tool integrates primary and secondary outcome variables. The primary outcome is gait (timed-up and go test; normal step). The secondary outcome variables are lower limb strength and muscle resistance (30-second chair stand test), balance (4-stage balance test), frequency of falls, functional capacity (Lawton and Brody - Portuguese version), fear of falling (Falls Efficacy Scale International - Portuguese version), usability of the technology (System Usability Scale - Portuguese version), and environmental risk variables (home fall prevention checklist for older adults). Technological solutions, such as the FallSensing Home application and Kallisto wearable device, will be used, which will allow the detection and prevention of falls. The intervention is characterized by conducting the OEP through a common technological platform 3 times a week for 8 weeks. Throughout these weeks, the participants will be followed up in person or by telephone contact by the rehabilitation nurse. Considering the COVID-19 outbreak, all guidelines from the National Health Service will be followed. The project was funded by InnoStars, in collaboration with the Local EIT Health Regional Innovation Scheme Hub of the University of Porto. Results: This study was approved on October 9, 2020 by the Ethics Committee of Escola Superior de Enfermagem do Porto (ESEP). The recruitment process was meant to start in October, but due to the COVID-19 pandemic, it was suspended. We expect to restart the study by the beginning of the third quarter of 2021. Conclusions: The findings of this study protocol will contribute to the design and development of future robust studies for technological tests in a clinical context. Trial Registration: ISRCTN 15895163; https://www.isrctn.com/ISRCTN15895163 International Registered Report Identifier (IRRID): PRR1-10.2196/25781. ©Fátima Araújo, Maria Nilza Nogueira, Joana Silva, Sílvia Rego.","Elderly; Fall prevention; Otago Exercise Program; Technological platform","","Funding text 1: This project was financed by EIT Health RIS Innovation Call 2020 RIS-1001-8273; EIT Health is supported by the EIT, a body of the European Union.; Funding text 2: Methods: A quasi-experimental study (before and after; single group) will be conducted with male and female participants aged 65 years or older living at home in the district of Porto. Participants will be recruited through the network COLABORAR, with a minimum of 30 participants meeting the study inclusion and exclusion criteria. All participants will sign informed consent forms. The data collection instrument consists of sociodemographic and clinical variables (self-reported), functional evaluation variables, and environmental risk variables. The data collection tool integrates primary and secondary outcome variables. The primary outcome is gait (timed-up and go test; normal step). The secondary outcome variables are lower limb strength and muscle resistance (30-second chair stand test), balance (4-stage balance test), frequency of falls, functional capacity (Lawton and Brody -Portuguese version), fear of falling (Falls Efficacy Scale International - Portuguese version), usability of the technology (System Usability Scale - Portuguese version), and environmental risk variables (home fall prevention checklist for older adults). Technological solutions, such as the FallSensing Home application and Kallisto wearable device, will be used, which will allow the detection and prevention of falls. The intervention is characterized by conducting the OEP through a common technological platform 3 times a week for 8 weeks. Throughout these weeks, the participants will be followed up in person or by telephone contact by the rehabilitation nurse. Considering the COVID-19 outbreak, all guidelines from the National Health Service will be followed. The project was funded by InnoStars, in collaboration with the Local EIT Health Regional Innovation Scheme Hub of the University of Porto. Results: This study was approved on October 9, 2020 by the Ethics Committee of Escola Superior de Enfermagem do Porto (ESEP). The recruitment process was meant to start in October, but due to the COVID-19 pandemic, it was suspended. We expect to restart the study by the beginning of the third quarter of 2021. Conclusions: The findings of this study protocol will contribute to the design and development of future robust studies for technological tests in a clinical context. Trial Registration: ISRCTN 15895163; https://www.isrctn.com/ISRCTN15895163 International Registered Report Identifier (IRRID): PRR1-10.2196/25781","Article","All Open Access; Gold Open Access; Green Accepted Open Access; Green Final Open Access; Green Open Access","Scopus"
"Mezga, K.; Vrhovnik, P.; Žmavc, J.; Gullon, L.","Mezga, Kim (55270353900); Vrhovnik, Petra (54413264700); Žmavc, Janja (57200692905); Gullon, Lidia (57226115683)","55270353900; 54413264700; 57200692905; 57226115683","The importance of educating younger generations about raw materials and their uses in our daily life","2021","Geologica Macedonica","35","1","","27","38","10.46763/GEOL21351370027km","https://www.scopus.com/inward/record.uri?eid=2-s2.0-85110414891&doi=10.46763%2FGEOL21351370027km&partnerID=40&md5=ddca68a36fa5f3d405cade1a52d4b8b4","Raw materials are of great importance for humankind as they enable the development of technology, drive industry and economy, and overall the lifestyle we know today. The paper is addressing the topic of interactive learning about the mineral raw materials, i.e. metals and non-metals. Due to population growth and consequently increased global demand for raw materials, there is a need to educate younger generations about the raw materials and their properties and origin, so they would know from an early age where the mineral products they use come from and how purchase decisions affect the social environments of people who live in countries with resources exploitation. Today’s trends in mining are oriented towards more sustainable exploitation and management, taking into account the economic, social and environmental aspects. An example of such is exploitation of secondary raw materials from tail-ings and heaps. But in some countries, mining is stuck in the past, using obsolete technologies causing increased pollution and strongly present linear economy approaches of take-use-dispose attitudes or even unethical approaches, such as children being exploited as a cheap workforce, people being abducted, tortured and even killed over minerals (min-erals being exploited in such way are called blood or conflict minerals). Further, due to the potential negative impacts on health and safety, due to the emissions in air, water and surface disturbance, the public perception of mining is still perceived as negative in most cases. School curriculums most often lack description of current situations in the global mining. Therefore, within the EIT RawMaterials BRIEFCASE and 3D BRIЕFECASE projects the project partners provide the comprehensive view of the issues of today’s mining and use of raw materials. The paper presents the description of both projects and the non-conventional teaching methods — the hands-on and digital tools for pupils and teachers, i.e. the briefcases, the ""Briefcase of mineral applications"" game, workshops and the supporting materials. The main objective of projects is to raise the pupils’ awareness about the utility and indispensability of minerals and mining and the consequences of their uses and production systems, which would increase in the long term the awareness about the social and environmental consequences of raw material production. © 2021, Goce Delchev University of Shtip. All rights reserved.","3D BRIEFCASE; BRIEFCASE; Curricular planning; EIT RawMaterials; Mining; Non-conventional teaching tools; Pupils and students; Raw materials","","Funding text 1: Activities mentioned in this paper are supported by the European Institute for Innovation and Technology (EIT) established in 2008, as an independent body of the European Union. Its main task is to foster cooperation between business, education and research institutions (the knowledge triangle), thus creating an appropriate environment for innovation and entrepreneurship in Europe. The Institute currently has eight Knowledge and Innovation Communities (KICs) that focus on current social challenges: climate, digital technology, health, nutrition, innovative energies, raw materials, urban mobility and manufacturing. The community for raw materials is EIT RawMaterials, with an ambitious mission, to change the dependence on raw materials into Europe’s strategic power. This should be achieved by fostering the competitiveness and the growth of the European raw materials sector, in particular through radical innovation and entrepreneurship. The most important areas are: (a) research and assessment of the potential of European raw materials, (b) mining and demanding environments and innovative, sustainable mines, (c) increased material efficiency in mineral and metallurgical processes, (d) substitution of critical substances in products and their optimization, (e) the recycling and optimization of value chains for better products, and (f) the planning of circular economy products and services.; Funding text 2: This paper was prepared in the framework of activities within the 3DBRIEFCASE project ? Learning the use of minerals through non-conventional and digital tools. This 24 months long project (1.01.2020 ? 31.12.2021) is funded by European Union funds under the EIT Raw Material. Authors would like to thank Dr. Alenka Mauko Pranji? from the Slovenian National Building and Civil Engineering Institute (ZAG) for reviewing the paper and her valuable comments and suggestions that helped to improve the manuscript.; Funding text 3: Acknowledgements: This paper was prepared in the framework of activities within the 3DBRIEFCASE project — Learning the use of minerals through nonconventional and digital tools. This 24 months long project (1.01.2020 – 31.12.2021) is funded by European Union funds under the EIT Raw Material.","Article","All Open Access; Gold Open Access","Scopus"
"Mura, M.; Longo, M.; Toschi, L.; Zanni, S.; Visani, F.; Bianconcini, S.","Mura, Matteo (24071675700); Longo, Mariolina (8924092200); Toschi, Laura (37073614200); Zanni, Sara (56503895900); Visani, Franco (56527169200); Bianconcini, Silvia (25627052000)","24071675700; 8924092200; 37073614200; 56503895900; 56527169200; 25627052000","Industrial carbon emission intensity: A comprehensive dataset of European regions","2021","Data in Brief","36","","107046","","","10.1016/j.dib.2021.107046","https://www.scopus.com/inward/record.uri?eid=2-s2.0-85105010058&doi=10.1016%2Fj.dib.2021.107046&partnerID=40&md5=49b256f097269778751a534f3c9b46e7","The dataset has been developed within the framework of the EU EIT-Climate Kic Flagship Project “Re-Industrialise” and it includes data of Carbon Emission Intensity (CEI) from industrial sources for the European Regions. CEI is considered as a proxy for analysing the Industrial Sustainability Transition pathways and is calculated as the ratio between CO2 equivalent emissions (CO2<inf>e</inf>) and Gross Domestic Product (GDP) of the industrial sector over a nine-year timespan, i.e. from 2008 to 2016. CO2<inf>e</inf> data at plant level have been retrieved from EU Emission Trading System (EU ETS) register and aggregated at different geographical scales, corresponding to the nested structure of NUTS (Nomenclature of Territorial Units for Statistics), proposed by EUROSTAT. Industrial GDP data have been selected from EUROSTAT database to match the industrial sectors covered by EU ETS. © 2021 The Authors","Carbon emission intensity; CO2 emissions; GDP; Longitudinal data; NUTS; Sustainability transitions","","We would like to acknowledge EIT Climate KIC, a body of the European Union, SPS Flagship ReIndustrialise project, for providing financial support to the study within which the dataset has been developed.","Data paper","All Open Access; Gold Open Access; Green Accepted Open Access; Green Open Access","Scopus"
"Giovannini, D.; Maltoni, M.L.; Stagno, F.; Sbrighi, P.; Minuto, A.; Lanteri, A.P.; Lazzeri, L.; Brandi, F.; Matteo, R.; Baruzzi, G.","Giovannini, Daniela (15044275500); Maltoni, Maria Luigia (14033284300); Stagno, Fiorella (51665714500); Sbrighi, Paolo (35773774200); Minuto, Andrea (6602082267); Lanteri, Anna Paola (57196247096); Lazzeri, Luca (56219806000); Brandi, Federica (15043731000); Matteo, Roberto (55915036100); Baruzzi, Gianluca (8597680000)","15044275500; 14033284300; 51665714500; 35773774200; 6602082267; 57196247096; 56219806000; 15043731000; 55915036100; 8597680000","Application of eco-friendly practices alternative to soil chemical fumigation: Preliminary results on strawberry","2021","Acta Horticulturae","1309","","","463","469","10.17660/ActaHortic.2021.1309.66","https://www.scopus.com/inward/record.uri?eid=2-s2.0-85105108041&doi=10.17660%2FActaHortic.2021.1309.66&partnerID=40&md5=666777cc05c54f856a324f1084a29620","Profitable strawberry cultivation on replanting soil is jeopardized by the accumulation of soilborne pathogens and nematodes from previous plantings. In the European strawberry industry, fumigation with a chloropicrin and 1,3-dichloropropene (1,3 D) mixture is widely applied to disinfest the soil pre-planting, although allowed under limited authorizations since these chemicals have been banned in the EU. In view of the definitive banning, it is of outmost importance to offer strawberry growers natural and sustainable alternatives, from the environmental, technical and economical point of view. In the framework of the Friendly Fruit project funded by EIT Climate-KIC (2018-2021), a trial was established in 2018 in Scanzano Jonico (Southern Italy, 40°25'N; 16°42'E), in a commercial farm growing strawberries under tunnel. Two eco-friendly practices, i.e., the anaerobic soil disinfestation (ASD) and the bio-fumigation with biocide plants (BIOFUM), were tested against the chloropicrin + 1,3-D fumigation practice (STANDARD) and the UNTREATED control and their effectiveness evaluated in terms of plant growth, yield ha-1and fruit marketable quality. The cultivar tested was 'Sabrosa®', planted at a density of 7.2 plants m-2. Although both eco-friendly practices provided better results as compared to the UNTREATED, the marketable yield losses as compared to the STANDARD ranged 20 to 39%, depending on the treatment. Average fruit weight was highest in the STANDARD and lowest in the UNTREATED, with the ASD and BIOFUM placed in an intermediate position. Based on the preliminary results, ASD practice looks more promising than BIOFUM as alternative to STANDARD fumigation. © 2021 International Society for Horticultural Science. All rights reserved.","Fragaria × ananassa; Marketable yield; Plant vigor; Replanting; Soil disinfestation; Soilborne pathogens","","The authors wish to thank the Antonio Sabato farm (Scanzano Ionico, Italy) for kindly host the trial and Alfredo Carullo (Piraccini Secondo Srl, Company) for technical assistance and horticultural care throughout the trial. We acknowledge also Nutrien Italia S.p.A, and Biogard Division for providing, respectively, BioFence® pellets and Soil Resetting® granules we used in the trial. Financial support was provided by the Friendly Fruit project funded by EIT Climate-KIC.","Article","","Scopus"
"García-Vidal, C.; Cózar-Llistó, A.; Meira, F.; Dueñas, G.; Puerta-Alcalde, P.; Cilloniz, C.; García-Pouton, N.; Chumbita, M.; Cardozo, C.; Hernandez, M.; Rico, V.; Bodro, M.; Morata Ruiz, L.; Castro, P.; Almuedo-Riera, A.; García, F.; Mensa, J.; Antonio Martínez, J.; Sanjuan, G.; Torres, A.; Nicolás, J.M.; Soriano, A.","García-Vidal, Carolina (56677579000); Cózar-Llistó, Alberto (57190683826); Meira, Fernanda (57218801294); Dueñas, Gerard (57222641821); Puerta-Alcalde, Pedro (57193674489); Cilloniz, Catia (36058487300); García-Pouton, Nicole (57214791951); Chumbita, Mariana (57210257150); Cardozo, Celia (56226145300); Hernandez, Marta Vicente (57193650317); Rico, Verónica (57200100711); Bodro, Marta (54896352800); Morata Ruiz, Laura (51665674500); Castro, Pedro R. (58428662500); Almuedo-Riera, Alex (36597893700); García, Félipe (35227310200); Mensa, Josep Maria (14421337000); Antonio Martínez, José (6505750481); Sanjuan, Gemma (37035091700); Torres, Antoni (57205521091); Nicolás, José M. (35474752800); Soriano, Álex V. (7004480416)","56677579000; 57190683826; 57218801294; 57222641821; 57193674489; 36058487300; 57214791951; 57210257150; 56226145300; 57193650317; 57200100711; 54896352800; 51665674500; 58428662500; 36597893700; 35227310200; 14421337000; 6505750481; 37035091700; 57205521091; 35474752800; 7004480416","Trends in mortality of hospitalised COVID-19 patients: A single centre observational cohort study from Spain","2021","The Lancet Regional Health - Europe","3","","100041","","","10.1016/j.lanepe.2021.100041","https://www.scopus.com/inward/record.uri?eid=2-s2.0-85110543742&doi=10.1016%2Fj.lanepe.2021.100041&partnerID=40&md5=39fadc391defb3636d2d56b43e7a8208","Background: We aimed to describe changes in characteristics and treatment strategies of hospitalised patients with COVID-19 and detail the mortality trend over time. Methods: Observational cohort study of all consecutive patients admitted ≥ 48 h to Hospital Clinic of Barcelona for COVID-19 (1 March–30 September 2020). Findings: A total of 1645 consecutive patients with COVID-19 were assessed over a 7-month period. Overall mortality (≤30 days) was 9.7% (159 patients), 7.7% in patients hospitalised in regular wards and 16.7 % in patients requiring ICU admission. Overall mortality decreased from 11.6% in the first month to 1.4% in the last month, reflecting a progressive, significant downward trend (p for trend <0.001). Patients’ age changed over time, peaking in June. Most changes in the use of antivirals and anti-inflammatory treatments were documented. Age (OR 1.1, CI 1.1–1.12), chronic heart disease, (OR 1.7, CI 1.1–2.9), D-dimer>700 ng/mL (OR 2.3, CI 1.3–4.1), ferritin>489 ng/mL (OR 1.9; CI 1.5–3.2), C-RP>7 mg/dL (OR 2.6; CI 1.5–4.6), and shorter duration from symptom onset to hospital admission (OR 1.11; CI 1.04–1.17) were factors associated with 30-day mortality at hospital admission. Conversely, hospital admission in the last months (OR 0.80; CI 0.65–0.98) was significantly associated with lower mortality. Interpretation: In-hospital mortality has decreased in patients with COVID-19 over the last, few months, even though main patient characteristics remain similar. Several changes made when managing patients may explain this decreasing trend. Our study provides current data on mortality of patients hospitalised with COVID-19 that might be useful in establishing quality of standard of care. Funding: EIT Health, European Union´s Horizon 2020 Research and Innovation Programme), EDRD. PPA [CM18/00132], NGP [FI19/00133], and CGV [FIS PI18/01061], have received grants from Ministerio de Sanidad y Consumo, ISCIII. © 2021","COVID-19; ICU admission; Mortality; Outcomes","","Funding text 1: This research is part of an activity that has received funding from EIT Health. EIT Health is supported by the European Institute of Innovation and Technology (EIT), a body of the European Union that receives support from the European Union´s Horizon 2020 Research and Innovation Programme. This study has been co-funded by the European Regional Development Fund (EDRD). All authors report grants from EIT Health and the European Regional Development Fund (for themselves or their institution), during the conduct of the study. PPA [ CM18/00132 ], NGP [ FI19/00133 ], and CGV [ FIS PI18/01061 ] have received research grants from the Ministerio de Sanidad y Consumo and Instituto de Salud Carlos III. No funding bodies had any role in study design, data collection and analysis, decision to publish, or preparation of the manuscript.; Funding text 2: This research is part of an activity that has received funding from EIT Health. EIT Health is supported by the European Institute of Innovation and Technology (EIT), a body of the European Union that receives support from the European Union?s Horizon 2020 Research and Innovation Programme. This study has been co-funded by the European Regional Development Fund (EDRD). All authors report grants from EIT Health and the European Regional Development Fund (for themselves or their institution), during the conduct of the study. PPA [CM18/00132], NGP [FI19/00133], and CGV [FIS PI18/01061] have received research grants from the Ministerio de Sanidad y Consumo and Instituto de Salud Carlos III. No funding bodies had any role in study design, data collection and analysis, decision to publish, or preparation of the manuscript.","Article","All Open Access; Gold Open Access; Green Accepted Open Access; Green Open Access","Scopus"
"Storm, P.; Smeds, M.","Storm, Per (55747176600); Smeds, Mia (57222023511)","55747176600; 57222023511","Two successful projects from EIT RawMaterials on digitalization and responsible mineral exploration","2021","Mineral Economics","34","1","","169","171","10.1007/s13563-021-00252-9","https://www.scopus.com/inward/record.uri?eid=2-s2.0-85101048126&doi=10.1007%2Fs13563-021-00252-9&partnerID=40&md5=551e946dba66886ed40bc39d746c3aea","[No abstract available]","","mineral exploration; mineralogy","EIT RawMaterials, initiated and funded by the EIT (European Institute of Innovation and Technology), a body of the European Union, is the largest consortium in the raw materials sector worldwide. Its vision is to develop raw materials into a major strength for Europe. Its mission is to enable sustainable competitiveness of the European minerals, metals, and materials sector along the value chain by driving innovation, education, and entrepreneurship.","Article","All Open Access; Green Accepted Open Access; Green Open Access; Hybrid Gold Open Access","Scopus"
"Bergmann, T.; Utikal, H.","Bergmann, Thorsten (57222599304); Utikal, Hannes (57203005184)","57222599304; 57203005184","How to support start-ups in developing a sustainable business model: The case of an european social impact accelerator","2021","Sustainability (Switzerland)","13","6","3337","","","10.3390/su13063337","https://www.scopus.com/inward/record.uri?eid=2-s2.0-85103411444&doi=10.3390%2Fsu13063337&partnerID=40&md5=6b04a9098408aac4800b3d35b0e21a68","Sustainability-oriented start-ups are fundamental to developing solutions for, and to fos-tering, a societal transition towards a low carbon society. In this context, social impact accelerators (SIAs) are organizations specializing in accelerating the progress of sustainability-oriented start-ups. In order to design their accelerator elements (e.g., training, coaching, and funding) effectively, SIAs must be aware of the knowledge needs of start-ups to support them in developing a sustainable business model (SBM). Using a case study approach, we present one of the largest cleantech accelerator programs in Europe, the EIT Climate-KIC RIS Accelerator. Based on the program’s curriculum and manual in 2019, we analyze from the perspective of the program how cleantech start-ups could be supported in the development of their SBMs by presenting accelerator elements that are intended to support start-ups in reducing their knowledge needs by (1) providing new knowledge to start-ups (e.g., trainings, workshops, and e-learning), (2) supporting start-ups’ assimilation of new knowledge (e.g., coaching), and (3) supporting start-ups’ application of new knowledge (e.g., documentation of planning and reporting as part of the program’s contract design). Further, we discuss the knowledge needs of 63 European start-ups before and their progress as a result of accelerator participation in developing a SBM based on qualitative and quantitative data. All 63 start-ups participated in the same batch of the accelerator in 2019. Regarding the development of a SBM, knowledge needs are described considering the triple bottom line including the economic, ecological, and social layer of a business model. Based on the start-ups’ evaluation, we reflect—with a focus on the environmental layer—about the most promising content and support elements of our SIA case to address the different layers, discuss their combination, and present improvement potentials to reduce start-ups’ knowledge needs. With our findings, we claim to contribute to theory development in the emerging literature on SIAs and give practitioners working with sustainability-oriented start-ups insights into the usefulness of start-up support programs and different accelerator elements for developing a SBM. © 2021 by the authors. Licensee MDPI, Basel, Switzerland.","Accelerator; EIT Climate-KIC; Entrepreneurship; Europe; Program design; Regional Innovation Scheme; Social impact accelerators; Start-up; Start-up support; Sustainable business model; Sustainable business model development; Sustainable business model innovation; Sustainable business modelling; Triple layered business model","business development; curriculum; educational development; knowledge; numerical model; social impact; sustainability; sustainable development; Europe","","Article","All Open Access; Gold Open Access; Green Accepted Open Access; Green Open Access","Scopus"
"Peiró, J.M.; Martínez-Tur, V.; Nagorny-Koring, N.; Auch, C.","Peiró, J. M. (7005874033); Martínez-Tur, Vicente (6506313791); Nagorny-Koring, Nanja Christina (57200127427); Auch, Christoph (57209914176)","7005874033; 6506313791; 57200127427; 57209914176","A framework of professional transferable competences for system innovation: Enabling leadership and agency for sustainable development","2021","Sustainability (Switzerland)","13","4","1737","1","30","10.3390/su13041737","https://www.scopus.com/inward/record.uri?eid=2-s2.0-85100864165&doi=10.3390%2Fsu13041737&partnerID=40&md5=fae9a5ed3fb6d70ba5156d1f6d0e8fad","System Innovation (SI) is a critical approach in driving individual and collective actions towards sustainable development (SD). This article presents the validation process of the Climate- KIC Professional Competence Framework (CF) for SI. This framework is based on principles of system thinking and the need for human capital to deal with challenges related to long-term sustainability. It comprises twenty competences grouped into five stages that describe contexts where professionals implement transformations: Exploring, Framing, Designing, Implementing and Strengthening. The stages are not linear or strictly sequential because overlapping and loops are frequent in transformational and disruptive changes. The CF fulfils several functions in the development of human and social capital: competences’ assessment, their development and training, and their certification to make them more interpretable in the labour market. The methodology for assessing professionals’ competences and the certification procedure are described. Overall, the CF aims to promote the development and visibility of human capital in a critical area for sustainability. © 2021 by the authors. Licensee MDPI, Basel, Switzerland.","Competence framework; Disruptive; Human capital; Leadership; Professional transferable competences; Sustainable development; System innovation; System thinking; Transformational","certification; human capital; innovation; labor market; leadership; social capital; sustainability; sustainable development","Funding: This study draws on information and data from the Certified Professional initiative funded by EIT Climate‐KIC between 2014 and 2019. EIT Climate‐KIC is supported by the EIT, a body of the European Union.","Article","All Open Access; Gold Open Access; Green Accepted Open Access; Green Open Access","Scopus"
"Scrinzi, D.; Andreottola, G.; Fiori, L.","Scrinzi, Donato (57221976385); Andreottola, Gianni G. (21233712800); Fiori, Luca (21733651900)","57221976385; 21233712800; 21733651900","Composting hydrochar-OFMSW digestate mixtures: Design of bioreactors and preliminary experimental results","2021","Applied Sciences (Switzerland)","11","4","1496","1","15","10.3390/app11041496","https://www.scopus.com/inward/record.uri?eid=2-s2.0-85100861637&doi=10.3390%2Fapp11041496&partnerID=40&md5=ac88f3703a87c254ed83924d7c3003d6","An increasing number of industrial plants integrate the anaerobic digestion (AD) of the organic fraction of municipal solid waste (OFMSW) with a subsequent composting phase. To improve the plant productivity, a fraction of OFMSW digestate can be converted into a carbonaceous material, called hydrocar (HC), through Hydrothermal Carbonization (HTC), and then composted together with the OFMSWdigestate itself, to produce “hydrochar co-compost”. The aim of this paper is to present the design and assembly of batch bioreactors, built in-house to investigate the co-composting process of OFMSWdigestate and its HC, and to provide some preliminary results. The OFMSWdigestate from an industrial plant was carbonized at 200 °C for 3 h in a 2 L HTC reactor, to produce wet HC after filtration. The ratio of OFMSWdigestate and green waste (1:1) used as bulking medium was reproduced in four bioreactors with an increasing percentage of HC substituting the OFMSW digestate (0, 25, 50, 75%). The bioreactors managed to effectively compost the solid wet biomasses in a wet environment with temperature and oxygen control, whilemeasuring online the oxygen consumption and thus the dynamic respirometric index (DRI). The DRI24,max measured with AIR-nl solid respirometer (standardized offline measurement) started from values above 800 mg O2 kgVS -1 h-1 before composting and dropped at the end of the process to values in the range 124-340 mg O2 kgVS -1 h-1 for the four mixes, well below the recommended limit of 500 mg O2 kgVS -1 h-1 for high-quality compost stability. These offline DRI values were confirmed by the online DRI measurements. This research is part of the international C2Land Project funded by the European Institute of Innovation and Technology Climate Knowledge and Innovation Community (EIT Climate-KIC), which is greatly acknowledged. © 2021 by the authors. Licensee MDPI, Basel, Switzerland.","Bench-scale bioreactor design; C2Land project; Co-composting; Dynamic respirometric index; Hydrochar; Hydrothermal carbonization; Integrated plant enhancement","","Funding text 1: Abstract: An increasing number of industrial plants integrate the anaerobic digestion (AD) of the organic fraction of municipal solid waste (OFMSW) with a subsequent composting phase. To improve the plant productivity, a fraction of OFMSW digestate can be converted into a carbonaceous material, called hydrocar (HC), through Hydrothermal Carbonization (HTC), and then composted together with the OFMSW digestate itself, to produce “hydrochar co-compost”. The aim of this paper is to present the design and assembly of batch bioreactors, built in-house to investigate the co-composting process of OFMSW digestate and its HC, and to provide some preliminary results. The OFMSW digestate from an industrial plant was carbonized at 200 ◦C for 3 h in a 2 L HTC reactor, to produce wet HC after filtration. The ratio of OFMSW digestate and green waste (1:1) used as bulking medium was reproduced in four bioreactors with an increasing percentage of HC substituting the OFMSW digestate (0, 25, 50, 75%). The bioreactors managed to effectively compost the solid wet biomasses in a wet environment with temperature and oxygen control, while measuring online the oxygen consumption and thus the dynamic respirometric index (DRI). The DRI24,max measured with AIR-nl solid respirometer (standardized offline measurement) started from values above 800 mg O2 kgVS−1 h−1 before composting and dropped at the end of the process to values in the range 124–340 mg O2 kgVS−1 h−1 for the four mixes, well below the recommended limit of 500 mg O2 kgVS−1 h−1 for high-quality compost stability. These offline DRI values were confirmed by the online DRI measurements. This research is part of the international C2Land Project funded by the European Institute of Innovation and Technology Climate Knowledge and Innovation Community (EIT Climate-KIC), which is greatly acknowledged.; Funding text 2: Funding: This article is part of a project that has received funding from the European Union’s Horizon 2020 research and innovation programme under the European Institute of Innovation and Technology Specific Grant Agreement No. EIT/EIT Climate-KIC/SGA2020/1. The content of this article reflects only the authors’ view. The European Institute of Innovation and Technology and Appl.Sci.2021, 11, x FOR PEERREVIEWthe European Commission are not responsible for any use that may be made13 of 16 of the information","Article","All Open Access; Gold Open Access; Green Accepted Open Access; Green Open Access","Scopus"
"Torreggiani, A.; Zanelli, A.; Canino, M.C.; Esposti, A.D.; Benvenuti, E.; Lapinska-Viola, R.; Forini, L.; Turinetto, M.","Torreggiani, Armida (6701467370); Zanelli, Alberto (6602116877); Canino, Marica (57217492653); Esposti, Alessandra Degli (59539279600); Benvenuti, Emilia (57150717800); Lapinska-Viola, Renata (56958431700); Forini, Lorenzo (59540112000); Turinetto, Maurizio (59539783600)","6701467370; 6602116877; 57217492653; 59539279600; 57150717800; 56958431700; 59540112000; 59539783600","RAWsiko – Materials around us: A Digital Serious Game to Teach about Raw Materials’ Importance for the Transition towards a Low-Carbon Economy","2021","New Perspectives in Science Education - International Conference","2021","10","","","","","https://www.scopus.com/inward/record.uri?eid=2-s2.0-85216738126&partnerID=40&md5=290e6e60dfe671fd46fd7a04a52c5d29","Today some raw materials (RMs) have become essential in the manufacturing of common goods and technologies we use every day. Readily accessible RMs, such as rare-earth-elements, indium, neodymium, etc., are important to EU industries and allow the transition towards a low-carbon economy. With the future global resource use projected to double by 2030, addressing raw materials through the entire value chain becomes a priority as well as transferring these ideas to youngsters. “RAWsiko-Materials aroud us” is a serious videogame developed in the framework of Raw Matters Ambassadors at Schools, an European project funded by EIT RawMaterials, with the aim to offer teachers an educational tool able to increase student awareness of the current societal challenges for a sustainable innovation by using an innovative approach. RAWsiko is focused on RMs important for the EU economy but at risk of supply, their distribution in the world, their use in the modern technologies and why access to them is pivotal for European economy. The players can experience the complexity of the raw material supply that occurs behind some everyday life devices such as flat screens and lamps, but also behind the equipment for the transition to the renewable energies such as photovoltaic panels and wind turbines. RAWsiko can be a support to teach science, technology, and citizenship in a funny way by involving students from 11 to 19 years old and contributing to disseminate the issues of the European Green Deal and the Sustainable Development Goals of the United Nation Agenda 2030. Such knowledge and awareness among the younger generation is indispensable to secure sustainable success in the European raw materials sector and will help to create a new generation of people skilled in entrepreneurship and raw materials, and respecting our Earth. © 2021, Pixel Associazione. All rights reserved.","cross-curricular learning; gamification; raw materials; secondary school; serious game; sustainability","","The browser version of RAWsiko was developed in the framework of Raw Matters Ambassadors@Schools 4.0 (RM@Schools4.0), funded by the European Institute for Innovation and Technology (EIT), PA no. 20069, by CNR in collaboration with ARrise s.r.l. (IT). The authors thank students and teachers of the high schools \u201CNiccol\u00F2 Copernico\u201D (Bologna, IT) and \u201CLeonoardo da Vinci\u201D (Porretta Terme, Italy) for the creative contribution in developing the tabletop version of the game.","Article","","Scopus"
"Klapper, R.G.; Oberstrass, T.; Upham, P.J.","Klapper, Rita G. (9278272600); Oberstrass, Theresa (57427375900); Upham, Paul John (8327141400)","9278272600; 57427375900; 8327141400","INTEGRATED PEDAGOGY FOR SUSTAINABLE ENTREPRENEURSHIP AND INNOVATION: THE CASE OF EIT CLIMATE KIC","2021","Academy of Management Annual Meeting Proceedings","","","","","","10.5465/AMBPP.2021.105","https://www.scopus.com/inward/record.uri?eid=2-s2.0-85208723451&doi=10.5465%2FAMBPP.2021.105&partnerID=40&md5=3657bbd672d92713d52c9e7a4a713acd","There is surprisingly little research on the pedagogy of sustainable entrepreneurship and innovation education. This study illustrates the value of an integrated pedagogical approach to these that acknowledges dimensions of head (abstract knowledge), hands (practical competence), and heart (affect and motivation). It uses the exemplar case of summer school training offered by the European Institute of Innovation & Technology (EIT) Climate KIC education programme. Methodologically we use repertory grid-based interviews and we find that the often-neglected Heart dimension of learning seems to have had the greatest impact on the participants. © AoM 2021.All right reserved.","","Education programmes; Grid-based; Innovation technology; Pedagogical approach; Repertory grids; Summer school; Sustainable entrepreneurship","","Conference paper","","Scopus"
"Loeffler, M.; van der Kamp, M.","Loeffler, Myriam (55914599300); van der Kamp, Maarten (57908604200)","55914599300; 57908604200","Experience-based learning: Food solution projects","2021","","","","","421","430","10.1016/B978-0-12-821292-9.00025-X","https://www.scopus.com/inward/record.uri?eid=2-s2.0-85138948839&doi=10.1016%2FB978-0-12-821292-9.00025-X&partnerID=40&md5=1faa8afefc23c92eedd9edef37fc21c3","Students need more experience-based learning, which allows them to convert knowledge into valuable skills in order to be able to tackle key challenges across the food system such as the high degree of fragmentation, the low degree of innovation, and the lack of consumer trust. The extracurricular EIT Food Solution activity promotes the idea of experience-based learning in the setting of multidisciplinary teams with strong academic and industrial mentorship from the very first concept ideation to the final presentation of a product and business case. The projects aid an accelerated transition of the industry toward a circular bioeconomy by co-creating innovative solutions together with students, professionals, retailers, and consumers leading to the development of a strong knowledge-based network. The program also aims to create the next generation of entrepreneurs and innovators and to promote the commercialization of ideas. © 2022 Elsevier Inc. All rights reserved.","Academic and industrial mentorship; Business case development; EIT Food Solution; Entrepreneurial mind-set; Experience-based learning; Extracurricular program; Industry-driven challenge; International; Multidisciplinary student teams; Product development","","","Book chapter","","Scopus"
"Barrio-Cortes, J.B.; Guevara, T.G.; Cocha, K.P.A.; Rodriguez-Mañas, L.R.; Pérez-Rodríguez, R.P.","Barrio-Cortes, Jaime (57189341544); Guevara, Tania (57095121800); Cocha, Karim Patricia Aguirre (58608446100); Rodriguez-Mañas, Leocadio (7004685679); Pérez-Rodríguez, Rodrigo (57204039871)","57189341544; 57095121800; 58608446100; 7004685679; 57204039871","Positive Project: maintenance and improvement of intrinsic capacity involving primary care and caregivers through a home monitoring system and a telematic services platform; PROYECTO POSITIVE: MANTENIMIENTO Y MEJORA DE LA CAPACIDAD INTRÍNSECA QUE INVOLUCRA A LA ATENCIÓN PRIMARIA Y A LOS CUIDADORES A TRAVÉS DE UN SISTEMA DE MONITORIZACIÓN DOMICILIARIA Y UNA PLATAFORMA TELEMÁTICA DE SERVICIOS","2021","Revista Espanola de Salud Publica","95","","e202110157","","","","https://www.scopus.com/inward/record.uri?eid=2-s2.0-85132816444&partnerID=40&md5=22a5aa44f70a49717d6f35b63e5be0a9","POSITIVE (acronym for Maintaining and imPrOving the intrinSIc capaciTy Involving primary care and caregiVErs) is an EIT Health funded project. Its main objective is to make available to the elderly population, caregivers and the different clinical professionals involved in their care, both primary and hospital care, a home monitoring system that allows a better management and treatment of frailty, in order to maintain or improve the intrinsic capacity of the elderly, as well as to avoid disability through a telematic platform of services. The POSITIVE technological ecosystem allows data collection and remote monitoring of the state of pre-fragility and fragility in a community environment, enabling early interventions aimed at preventing disability and dependence. The home monitoring system consists of a series of questionnaires on the state of health, and 3 sensors that measure variables with high predictive power of adverse events: gait speed, power in the lower extremities and involuntary weight loss. With this system, older people are under constant supervision. In addition, POSITIVE has an automatic system of personalized prescription of physical exercise based on the VIVIFRAIL program, as well as a nutritional plan and monitoring of functional status. Using the platform's services, caregivers can be aware of any impairment. For their part, primary care professionals receive alarms related to potentially dangerous decreases in intrinsic capacity, giving them the possibility to adjust treatments accordingly with the help of a decision support system while the geriatrics service can be involved if deemed necessary. © 2021 Ministerio de Sanidad y Consumo. All rights reserved.","Frailty; Healthy aging; Home monitoring; Older patient","","","Article","","Scopus"
"Carli, P.","Carli, Paolo (55320810900)","55320810900","Fast urban responses for new inclusive spaces & habitat during the pandemic; Risposte urbane rapide per nuovi spazi inclusivi e habitat durante la pandemia","2021","Territorio","","97","","138","146","10.3280/tr2021-097-Supplementooa12938","https://www.scopus.com/inward/record.uri?eid=2-s2.0-85127913539&doi=10.3280%2Ftr2021-097-Supplementooa12938&partnerID=40&md5=7868ddaae87fb73250b63be9f61a5e1c","FURNISH (Fast Urban Responses For New Inclusive Spaces & Habitat) is a project funded by EIT Urban Mobility, which aims to increase local digital manufacturing capacity and to promote the reclaim of public space, thanks to the use of mobile prototypes of urban furniture. These mobile elements, in addition to allowing the use of the city, serve to mitigate the overcrowding of pedestrians and cyclists in the urban public space, in order to reduce the contagion from Covid-19. The challenge is to increase local resilience during the Covid-19 crisis by enlarging safety in the use of urban public space. © 2021 FrancoAngeli. All rights reserved.","digital fabrication; mobile urban elements; public space","","","Article","All Open Access; Green Accepted Open Access; Green Final Open Access; Green Open Access","Scopus"
"Zuenkova, J.A.","Zuenkova, Yu A. (57223995388)","57223995388","Value-based healthcare: Analysis of european institute of innovation and technology health guidelines","2021","Medical Technologies. Assessment and Choice","2021","1","","28","35","10.17116/medtech20214301128","https://www.scopus.com/inward/record.uri?eid=2-s2.0-85121056087&doi=10.17116%2Fmedtech20214301128&partnerID=40&md5=f22b7262c83290348377e1b701a16108","Modern healthcare is characterized by a clear trend towards a value-based approach. Evidence-based algorithms and techniques are required for implementation of managerial initiatives in healthcare. Guidelines to implementing a value-based approach in healthcare were published in May 2020 by the European Institute of innovation and technology (EIT Health). The EIT Health guidelines is a comprehensive, goal-oriented document meeting the quality improvement reporting standards (SQUIRE). It indicates the context of the methodology application and the current research goals. Implementation of a value-based approach was realized by introducing a concept of value through detailing the indicators of patient experience. The concept of value-based health-care expands the focus of attention from operating solely with objective clinical data by including a patient’s subjective assessment. Adding measurable subjective values is the essence of a value-based approach that improves an effectiveness of medical care by increasing the volume of perceived values. The last ones may be expertly measured by indicators of patient experience. The document is of significant practical and methodological interest. Assessment of the prospects of this methodology, possible barriers and necessary resources can be important for healthcare management. © 2021, Media Sphera Publishing Group. All rights reserved.","Healthcare quality; Patient-related outcome measures; Quality of life measurement; Value-based healthcare","Article; clinical effectiveness; clinical indicator; clinical study; European; human; medical care; methodology; patient assessment; personal experience; practice guideline; priority journal; total quality management; value-based care","","Article","All Open Access; Gold Open Access","Scopus"
"Leceta, J.M.; Könnölä, T.","Leceta, José Manuel (57202060677); Könnölä, Totti (13009127600)","57202060677; 13009127600","EIT Digital: leveraging ecosystems for international entrepreneurial innovation","2021","Innovation: The European Journal of Social Science Research","34","4","","454","474","10.1080/13511610.2020.1842177","https://www.scopus.com/inward/record.uri?eid=2-s2.0-85096565235&doi=10.1080%2F13511610.2020.1842177&partnerID=40&md5=dd4e90931fa1cc842d66c5d2041d289a","Building on earlier work on entrepreneurship and holistic innovation policy, the paper elaborates on the concept of “entrepreneurial innovation ecosystem” and applies it in the empirical analysis of the European Institute of Innovation and Technology (EIT) partnership operations. The analysis focuses on the EIT Digital, which is one of the EIT “Knowledge and Innovation Communities” (KICs) formed by partners from higher education, research and business. The empirical research with primary data from semi-structured interviews and secondary data from desk research provides evidence on the different perceptions between EIT Digital managers in six accelerators around Europe compared to partners and start-ups in the Madrid co-location centre. Ecosystem dimensions are intertwined in EIT Digital activities and the actual performance of the whole depends on their effective alignment. Hence, further research is suggested on the interconnections between the ecosystem dimensions with particular attention to ecosystem integration, international networking and adaptive governance. © 2020 The European Association for the Advancement of the Social Sciences.","entrepreneurial innovation ecosystem; European Institute of Innovation and Technology; high growth firm; holistic innovation policy; new business acceleration","business; entrepreneur; industrial technology; innovation; technology policy","Funding text 1: This work was supported by Academy of Finland: [Grant Number AKA/5/00.02.40/2015]. The preparation of this work was possible with the support of EIT Digital for the fieldwork. The paper is based on the earlier working paper entitled “Overcoming barriers to high growth firms in Europe: The star-up to scale up approach by EIT ICT LABS KIC ” written with Alejandro Tosina and Natalia Dévora-Quintero from the Technical University of Madrid (UPM). The authors want to thank all interviewees for their time and keen interest in the work; also, sincere the openness and support of the leadership team of EIT Digital is gratefully acknowledged, particularly CEO Willem Jonker and DolfWittkämper, leader of the Business Development Accelerator network. We are also grateful to Prof. Gonzálo Leon (UPM) and Alex Coad (formerly at SPRU, now at CENTRUMPUCP, Peru) for their comments to the earlier versions. The opinions presented are the authors’ only and do not represent an official view of the organizations they represent. This research has been conducted as part of Platform Value Now programme, financed by the Academy of Finland (Grant no. 293446).; Funding text 2: The preparation of this work was possible with the support of EIT Digital for the fieldwork. The paper is based on the earlier working paper entitled “Overcoming barriers to high growth firms in Europe: The star-up to scale up approach by EIT ICT LABS KIC” written with Alejandro Tosina and Natalia Dévora-Quintero from the Technical University of Madrid (UPM). The authors want to thank all interviewees for their time and keen interest in the work; also, sincere the openness and support of the leadership team of EIT Digital is gratefully acknowledged, particularly CEO Willem Jonker and DolfWittkämper, leader of the Business Development Accelerator network. We are also grateful to Prof. Gonzálo Leon (UPM) and Alex Coad (formerly at SPRU, now at CENTRUMPUCP, Peru) for their comments to the earlier versions. The opinions presented are the authors’ only and do not represent an official view of the organizations they represent. This research has been conducted as part of Platform Value Now programme, financed by the Academy of Finland (Grant no. 293446).","Article","","Scopus"
"Yoon, S.; Oh, C.","Yoon, Soon-uk (57396622400); Oh, Chaewoon (55758686800)","57396622400; 55758686800","Case Study for Design Factors of the Green Climate Fund’s Climate Technology Incubator & Accelerator Program for Developing Countries; 녹색기후기금의 개도국 기후기술 인큐베이터 및 액셀러레이터 프로그램 설계 요소 도출을 위한 사례 분석 연구","2021","Journal of Climate Change Research","12","2","","163","185","10.15531/KSCCR.2021.12.2.163","https://www.scopus.com/inward/record.uri?eid=2-s2.0-105023519632&doi=10.15531%2FKSCCR.2021.12.2.163&partnerID=40&md5=702639b2d9edb250cd5f5661487af502","Under a new climate regime ushered in by adoption of the Paris Agreement, the importance of technological innovation efforts has been highlighted. Under the United Nations Framework Convention on Climate Change (UNFCCC), methods to support developing countries in terms of innovation, particularly, research, development, and demonstration (RD&D), have been explored by the Technology Mechanism and the Financial Mechanism. One such method is an incubator & accelerator program. This program is intended to help (technology) entrepreneurs or start-up companies in the process of leading novel technology commercialization. The Technology Mechanism has focused on the possible roles of this program, and the Green Climate Fund (GCF) of the Financial Mechanism under the UNFCCC has been preparing for the set-up of an incubator and accelerator program, called the Climate Innovation Facility (CIF), as a separate financial track to support developing countries’ climate technology start-ups and to trigger climate technology innovation. In this context, the design factors considered in the formation of a ‘climate technology’-targeted incubator & accelerator program of the GCF must be identified. This paper proposed an analytical framework with five key factors for design of successful incubator/accelerator programs on the basis of literature review. Three cases of successful ‘climate technology’ incubator & accelerator programs are selected for study: i) Climate-KIC, ii) Climate Knowledge and Innovation Community, and iii) Global Cleantech Innovation Programme. The afore-mentioned analytical framework is applied to all three cases. The analytical results indicated essential points to be considered in the design of a ‘climate technology’ incubator & accelerator program of the GCF. This paper concludes with policy and scholarly implications, weak points, and future research. © 2021, The Korean Society of Climate Change Research. All rights reserved.","Climate Change; Climate Technology Financing; Green Climate Fund; Incubator and Accelerator Program; Technology Innovation","","","Article","","Scopus"
"Lockyer, S.; Ryder, C.; Jaworska, S.; Benelam, B.; Jones, R.","Lockyer, Stacey (55496091300); Ryder, Chris (57199710814); Jaworska, Sylvia (37017054500); Benelam, Bridget (32867459700); Jones, Rodney H. (55934586700)","55496091300; 57199710814; 37017054500; 32867459700; 55934586700","Developing a digital toolkit to enhance the communication of health claims: The Health Claims Unpacked project","2020","Nutrition Bulletin","45","4","","432","443","10.1111/nbu.12469","https://www.scopus.com/inward/record.uri?eid=2-s2.0-85097419556&doi=10.1111%2Fnbu.12469&partnerID=40&md5=2afb13b39acd21270a42b22350877ac6","Consumer understanding and acceptance of health claims are influenced by a variety of factors including personal knowledge and familiarity with the information, characteristics of the product (such as the ingredients) and the way the claim is presented (e.g. wording and visual aids such as symbols). The official wording of authorised EU health claims is set by the European Commission (EC), though there is some flexibility, in that food companies can change the wording to aid consumer understanding of the claim as long as the original meaning is retained and the modified version does not mislead. An EIT Food-funded project with the consumer-facing title Health Claims Unpacked, consists of an international consortium aiming to develop a digital toolkit to investigate consumers’ responses to health claims and aid their understanding thereof. Developed firstly in English (and now also in other EU languages such as German, French and Polish), the toolkit is informed by research in linguistics, design, nutrition science, technology and behavioural economics as well as focus groups with consumers and interviews with the food industry. The format of the toolkit is an interactive web app comprising activities which are used to gather data regarding consumers’ responses to different kinds of linguistic, semiotic (signs and symbols) and marketing cues related to health claims and how these cues impact their understanding of the relationship between nutrients/food components and health, trust in the message and willingness to pay for products. The data will be used to provide information on the preferences of different demographic groups on the wording of health claims and to provide recommendations for stakeholders aiming to enhance the communication of health claims on food and drink labels. © 2020 British Nutrition Foundation","consumers; European Commission; food industry; health claims; regulation; wording","","Funding text 1: A project entitled , with the consumer‐facing title has been funded by EIT Food and started in January 2019 (EIT Food 2020b ). The project brings together a unique combination of researchers and professionals with expertise in linguistics, information design, behavioural economics, health, nutrition and computer science, working in partnership with manufacturers, retailers, NGOs and food start‐ups. The project partners are the University of Reading, Technische Universität München (TUM), Food Maestro and the British Nutrition Foundation. The aim of the project is to develop a digital toolkit (in the form of an interactive web app), firstly in English and later in other EU languages (German, French, Polish) informed by research in linguistics, design, nutrition science, technology studies and behavioural economics to enhance the communication of health claims among consumers, businesses and policy makers. The web app will be used to gather and analyse data on consumers’ responses to different kinds of linguistic, semiotic (signs and symbols) and marketing cues related to health claims and how these cues affect their understanding of the relationship between the nutrient, food component or food and health, trust in the message and willingness to pay for products. The project, which is now in its second year, is aligned with EIT Food’s strategic objectives (EIT Food 2020b , 2020a ), with specific objectives as follows: Developing a Digital Toolkit to Enhance the Communication of Scientific Health Claims Health Claims Unpacked; Funding text 2: We would like to thank EIT Food for providing the funding for the project described in this article under the Horizon 2020, the EU Framework Programme for Research and Innovation. We would additionally like to thank our project team members and the FoodUnfolded team for their support.","Article","","Scopus"
"de Croon, R.; Gutierrez, F.; Berry, R.; Astley, S.; Verbert, K.; Vanden Abeele, V.V.","de Croon, Robin (56422480600); Gutierrez, Francisco J. (56674860600); Berry, Rachel (56148019700); Astley, Siân B. (7007181774); Verbert, Katrien (13605498800); Vanden Abeele, V. (23984073500)","56422480600; 56674860600; 56148019700; 7007181774; 13605498800; 23984073500","Motivational design techniques to support healthy eating habits at work","2020","","","","9374350","","","10.1109/ICHI48887.2020.9374350","https://www.scopus.com/inward/record.uri?eid=2-s2.0-85103161902&doi=10.1109%2FICHI48887.2020.9374350&partnerID=40&md5=327507b7cdac7d748ca362a0a77321a5","This exploratory study provides a deeper understanding of employees when they are asked to use a personalized meal recommendation application in the workplace. Motivational design techniques were integrated into 25 alternative designs and evaluated. Our initial results show that participants appreciated the designs and highlighted the importance of personalized goals, the option to monitor eating habits, and the need for validated, personalized nutritional information. © 2020 IEEE.","EIT Food; food; motivational design techniques; nutrition; PERSFO; personalization; service providers","Health care; Alternative designs; Design technique; Eating habits; Exploratory studies; Nutritional information; Design","This work was undertaken within PERSFO Task A2002: 360° Stakeholder analysis; Personalized and connected food service providers (PERSFO, Project ID 20291) received funding from EIT Food, the innovation community on Food of the European Institute of Innovation and Technology (EIT), a body of the EU, under Horizon 2020, the EU Framework Programme for Research and Innovation – www.persfo.eu","Conference paper","All Open Access; Green Accepted Open Access; Green Open Access","Scopus"
"Nikologianni, A.; Betta, A.; Pianegonda, A.; Favargiotti, S.; Moore, K.; Grayson, N.; Morganti, E.; Berg, M.; Ternell, A.; Ciolli, M.; Angeli, M.; Nilsson, A.; Gretter, A.","Nikologianni, Anastasia (51665675000); Betta, Alessandro (57201735957); Pianegonda, Angelica (57219488170); Favargiotti, Sara (56258240300); Moore, Kathryn (56040494600); Grayson, Nick (55781492800); Morganti, Elisa (23005527800); Berg, Martin (57219485403); Ternell, Anna (15072312800); Ciolli, Marco (6507480049); Angeli, Michela (57518111000); Nilsson, Anders M. (57219490184); Gretter, Alessandro (55376934700)","51665675000; 57201735957; 57219488170; 56258240300; 56040494600; 55781492800; 23005527800; 57219485403; 15072312800; 6507480049; 57518111000; 57219490184; 55376934700","New integrated approaches to climate emergency landscape strategies: The case of pan-european saturn project","2020","Sustainability (Switzerland)","12","20","8419","1","11","10.3390/su12208419","https://www.scopus.com/inward/record.uri?eid=2-s2.0-85093088766&doi=10.3390%2Fsu12208419&partnerID=40&md5=ecbbf65e121eb02f071e7ed71d1eb467","The landscape has been described as a ‘blind spot’ when examined in light of regional strategies. The immense potential of peri-urban and rural hinterlands to counter the climate emergency is therefore also overlooked. The European Institute of Innovation and Technology (EIT)Climate-KIC’s (Knowledge and Innovation Community) System and sustainable Approach to virTuous interaction of Urban and Rural LaNdscapes (SATURN) aims to address this short-sightedness. The reason why we do not see or value the landscape is complex, but part of the problem relates to its multiple ownership, numerous types and scales of conflicting designations, governance structures, policy requirements, and regulatory frameworks. This leads to an approach that is fragmented and sectoral and, therefore, fails to see the bigger picture or recognise the value that the territory has in order to deal with current environmental challenges. With partners from across Europe, the pan-European Orchestrated Ecosystem research project co-funded by EIT Climate-KIC, SATURN aims to develop new integrated strategies which will increase awareness of the capacity of the landscape, which is seen is seen as a vital way to address the deepening climate emergency. SATURN anticipates that the outputs will build capacity across Europe to help nation-states meet the 2030 UN Sustainable Development Goals (UNSDGs) and respond to the environmental challenges. This paper, reporting on interim findings, sets out the next phase of the project and concludes with lessons learned so far, including an initial identification of processes that can be applied in regions across Europe and an evaluation of the significance of exchanging knowledge between different countries. © 2020 by the authors. Licensee MDPI, Basel, Switzerland.","Climate strategies; Food growing; Framework; Governance; Pan-European; Policy","climate change; integrated approach; knowledge based system; landscape planning; periurban area; project management; regional planning; rural area; strategic approach; sustainable development; territory; Europe","Funding: This research has received co-funding support by EIT CLIMATE-KIC. The funders had no role in the collection, analyses, or interpretation of data; in the writing of the manuscript; or in the decision to publish the results. Acknowledgments: The authors want to thank EIT Climate-KIC, which has supported this research throughout, as well as all the stakeholders and case study participants in the UK, Italy, and Sweden. SATURN consortium ppaarrttnneerrss aanndd llooggooss::","Article","All Open Access; Gold Open Access; Green Accepted Open Access; Green Open Access","Scopus"
"Pérez-Rodríguez, R.P.; Guevara-Guevara, T.; Moreno-Sánchez, P.A.; Villalba-Mora, E.; Valdes-Aragonés, M.; Oviedo-Briones, M.; Carnicero Martínez, J.A.; Rodriguez-Mañas, L.R.","Pérez-Rodríguez, Rodrigo (57204039871); Guevara-Guevara, Tania (57207879017); Moreno-Sánchez, Pedro Antonio (57219909354); Villalba-Mora, Elena (15058356900); Valdes-Aragonés, Myriam (57208388192); Oviedo-Briones, Myriam (56800932500); Carnicero Martínez, José A. (57205090636); Rodriguez-Mañas, Leocadio (7004685679)","57204039871; 57207879017; 57219909354; 15058356900; 57208388192; 56800932500; 57205090636; 7004685679","Monitoring and Intervention Technologies to Manage Diabetic Older Persons: The CAPACITY Case—A Pilot Study","2020","Frontiers in Endocrinology","11","","300","","","10.3389/fendo.2020.00300","https://www.scopus.com/inward/record.uri?eid=2-s2.0-85085361283&doi=10.3389%2Ffendo.2020.00300&partnerID=40&md5=36ee7fedce48eeac4b23e58279c2ba22","Diabetes Mellitus is a chronic disease with a high prevalence among older people, and it is related to an increased risk of functional and cognitive decline, in addition to classic micro and macrovascular disease and a moderate increase in the risk of death. Technology aimed to improve elder care and quality of life needs to focus in the early detection of decline, monitoring the functional evolution of the individuals and providing ways to foster physical activity, to recommend adequate nutritional habits and to control polypharmacy. But apart from all these core features, some other elements or modules covering disease-specific needs should be added to complement care. In the case of diabetes these functionalities could include control mechanisms for blood glucose and cardiovascular risk factors, specific nutritional recommendations, suited physical activity programs, diabetes-specific educational contents, and self-care recommendations. This research work focuses on those core aspects of the technology, leaving out disease-specific modules. These central technological components have been developed within the scope of two research and innovation projects (FACET and POSITIVE, funded by the EIT-Health), that revolve around the provision of integrated, continuous and coordinated care to frail older population, who are at a high risk of functional decline. Obtained results indicate that a geriatric multimodal intervention is effective for preventing functional decline and for reducing the use of healthcare resources if administered to diabetic pre-frail and frail older persons. And if such intervention is supported by the CAPACITY technological ecosystem, it becomes more efficient. © Copyright © 2020 Pérez-Rodríguez, Guevara-Guevara, Moreno-Sánchez, Villalba-Mora, Valdés-Aragonés, Oviedo-Briones, Carnicero and Rodríguez-Mañas.","diabetes; early intervention; frailty; home-monitoring; prevention","antidiabetic agent; glucose; aged; Article; cardiovascular risk; clinical article; clock drawing test; controlled study; diabetes control; diabetes education; diabetes mellitus; diabetic diet; diabetic patient; ecosystem; European Quality of Life 5 Dimensions 5 Level questionnaire; feeding behavior; female; frail elderly; frailty; geriatric assessment; Geriatric Depression Scale; glucose blood level; health care cost; health care planning; health service; high risk patient; home monitoring; human; internet of things; interpersonal communication; male; medical technology; Mini Mental State Examination; mobile application; physical activity; physical performance; physical resistance; pilot study; polypharmacy; primary medical care; prospective study; quality of life; randomized controlled trial; self care; technology","Funding text 1: Diabetes Mellitus is a chronic disease with a high prevalence among older people, and it is related to an increased risk of functional and cognitive decline, in addition to classic micro and macrovascular disease and a moderate increase in the risk of death. Technology aimed to improve elder care and quality of life needs to focus in the early detection of decline, monitoring the functional evolution of the individuals and providing ways to foster physical activity, to recommend adequate nutritional habits and to control polypharmacy. But apart from all these core features, some other elements or modules covering disease-specific needs should be added to complement care. In the case of diabetes these functionalities could include control mechanisms for blood glucose and cardiovascular risk factors, specific nutritional recommendations, suited physical activity programs, diabetes-specific educational contents, and self-care recommendations. This research work focuses on those core aspects of the technology, leaving out disease-specific modules. These central technological components have been developed within the scope of two research and innovation projects (FACET and POSITIVE, funded by the EIT-Health), that revolve around the provision of integrated, continuous and coordinated care to frail older population, who are at a high risk of functional decline. Obtained results indicate that a geriatric multimodal intervention is effective for preventing functional decline and for reducing the use of healthcare resources if administered to diabetic pre-frail and frail older persons. And if such intervention is supported by the CAPACITY technological ecosystem, it becomes more efficient.; Funding text 2: The authors would like to thank all other partners participating in the FACET project (ABBOTT, ATOS, Genesis Biomed, GMV Quirónprevención and University of Aberystwyth) and in the POSITIVE project (ATOS, Karolinska Institutet, KTH Royal Institute of Technology and Medical University of Lodz). Funding. This research work was supported by the FACET (Integrated supportive services/products to promote FrAilty Care and wEll function. PGA 16003) and POSITIVE (maintaining and imPrOving the intrinSIc capaciTy involving primary care and caregIVErs. PGA 109091) projects, funded by the EIT-Health.","Article","All Open Access; Gold Open Access; Green Accepted Open Access; Green Open Access","Scopus"
"Knitza, J.; Knevel, R.; Raza, K.; Bruce, T.; Eimer, E.; Gehring, I.; Mathsson-Alm, L.; Poorafshar, M.; Hueber, A.J.; Schett, G.; Johannesson, M.; Catrina, A.; Klareskog, L.","Knitza, Johannes (57202352681); Knevel, Rachel (36007203200); Raza, Karim (24169603700); Bruce, Tor (57216842400); Eimer, Ekaterina (57496451200); Gehring, Isabel (57216843697); Mathsson-Alm, Linda (56646625600); Poorafshar, Maryam (6506205912); Hueber, Axel J. (23004892900); Schett, Georg Andreas (7003435673); Johannesson, Martina (21643638100); Catrina, Anca Irinel (6602979832); Klareskog, Lars G. (7101784599)","57202352681; 36007203200; 24169603700; 57216842400; 57496451200; 57216843697; 56646625600; 6506205912; 23004892900; 7003435673; 21643638100; 6602979832; 7101784599","Toward earlier diagnosis using combined ehealth tools in rheumatology: The joint pain assessment scoring tool (JPAST) Project","2020","JMIR mHealth and uHealth","8","5","e17507","","","10.2196/17507","https://www.scopus.com/inward/record.uri?eid=2-s2.0-85084938145&doi=10.2196%2F17507&partnerID=40&md5=eb19ad9f817e4f7c6c58eac67fe55e1c","Outcomes of patients with inflammatory rheumatic diseases have significantly improved over the last three decades, mainly due to therapeutic innovations, more timely treatment, and a recognition of the need to monitor response to treatment and to titrate treatments accordingly. Diagnostic delay remains a major challenge for all stakeholders. The combination of electronic health (eHealth) and serologic and genetic markers holds great promise to improve the current management of patients with inflammatory rheumatic diseases by speeding up access to appropriate care. The Joint Pain Assessment Scoring Tool (JPAST) project, funded by the European Union (EU) European Institute of Innovation and Technology (EIT) Health program, is a unique European project aiming to enable and accelerate personalized precision medicine for early treatment in rheumatology, ultimately also enabling prevention. The aim of the project is to facilitate these goals while at the same time, reducing cost for society and patients. © 2020 JMIR Publications. All rights reserved.","Apps; Ehealth; Mhealth; Rheumatology; Symptom-Checkers","delayed diagnosis; electronics; human; pain measurement; rheumatology; telemedicine; Delayed Diagnosis; Electronics; Humans; Pain Measurement; Rheumatology; Telemedicine","Funding text 1: The authors thank all partners and collaborators for their support of this project. JPAST is a public–private partnership program for the digitalization of health care, supported by EIT Health. This project has received funding from EIT Health. EIT Health is supported by the European Institute of Innovation and Technology (EIT), a body of the European Union that receives support from the European Union’s Horizon 2020 Research and Innovation program. Thermo Fisher Scientific is the participating diagnostic company developing the serology and genetics tools. Scientists/clinicians from the four contributing and coauthoring centers have developed the eHealth tool “Rheumatic?” with help from the strategic design agency Ocean.; Funding text 2: Outcomes of patients with inflammatory rheumatic diseases have significantly improved over the last three decades, mainly due to therapeutic innovations, more timely treatment, and a recognition of the need to monitor response to treatment and to titrate treatments accordingly. Diagnostic delay remains a major challenge for all stakeholders. The combination of electronic health (eHealth) and serologic and genetic markers holds great promise to improve the current management of patients with inflammatory rheumatic diseases by speeding up access to appropriate care. The Joint Pain Assessment Scoring Tool (JPAST) project, funded by the European Union (EU) European Institute of Innovation and Technology (EIT) Health program, is a unique European project aiming to enable and accelerate personalized precision medicine for early treatment in rheumatology, ultimately also enabling prevention. The aim of the project is to facilitate these goals while at the same time, reducing cost for society and patients.","Review","All Open Access; Gold Open Access; Green Accepted Open Access; Green Open Access","Scopus"
"Pisoni, G.; Renouard, F.; Segovia, J.; Rossi, A.; Molnár, B.; Mutanen, O.-P.","Pisoni, Galena (56007943500); Renouard, Frédéric (57203172991); Segovia, Javier (8703101900); Rossi, Alessandro (56111358100); Molnár, Bálint (36960220100); Mutanen, Olli Pekka (14834116500)","56007943500; 57203172991; 8703101900; 56111358100; 36960220100; 14834116500","Design of small private online courses (SPOCs) for Innovation and entrepreneurship (IE) Doctoral-level education","2020","IEEE Global Engineering Education Conference, EDUCON","2020-April","","9125153","1662","1668","10.1109/EDUCON45650.2020.9125153","https://www.scopus.com/inward/record.uri?eid=2-s2.0-85087865844&doi=10.1109%2FEDUCON45650.2020.9125153&partnerID=40&md5=9f1a82b0f2fb1b83a595416a96527a23","Teaching innovation and entrepreneurship is a challenging task. It requires students to gain an understanding of key terminology and theoretical knowledge as well as practical experience to build transversal skills. This is what is needed to develop a problem-solving and enterprising attitude for the jobs of tomorrow. At doctoral level, educating STEM graduates to become entrepreneurs and digital leaders in the digital transformation era calls for new learning formats and contents. In this paper we present a new design for the EIT Digital Doctoral School Innovation and Entrepreneurship (IE) education and we specifically focus on the online educational components developed to cover key IE content and topics. We present the first results of an evaluation conducted with the students participating in all the courses of the EIT Digital Doctoral School in 2019 and the first impressions and learnings from the new design. We found that the initial feedback was satisfying and that our students appreciated the approach and said that they recommend that instructors use this approach in future teaching. This study contributes to the ongoing debate on how to design and implement IE education leveraging European universities networks. © 2020 IEEE.","Doctoral Education; Entrepreneurial Skills; IE Education; Instructional Design; Online Education","Curricula; Engineering education; Students; Teaching; Design and implements; Digital transformation; European universities; First impressions; Initial feedback; Practical experience; Teaching innovations; Transversal skills; E-learning","","Conference paper","","Scopus"
"Hoekstra, N.; Pellegrini, M.; Bloemendal, M.; Spaak, G.; Andreu Gallego, A.; Rodriguez Comins, J.; Grotenhuis, T.; Picone, S.; Murrell, A.J.; Steeman, H.J.; Verrone, A.; Doornenbal, P.; Christophersen, M.; Bennedsen, L.; Henssen, M.; Moinier, S.; Saccani, C.","Hoekstra, Nanne K. (6602787868); Pellegrini, Marco (55769748240); Bloemendal, Martin (55949241600); Spaak, Gemma (57191431283); Andreu Gallego, A. (57205719616); Rodriguez Comins, J. (57205710593); Grotenhuis, Tim (57202052113); Picone, Sara (55149050200); Murrell, A. J. (57203963695); Steeman, H. J. (57214827786); Verrone, A. (57212537536); Doornenbal, Pieter J. (37072067900); Christophersen, Mette (57212528435); Bennedsen, Lars Frausing (36631618400); Henssen, Maurice J.C. (6506434731); Moinier, S. (57195913627); Saccani, Cesare (56029695300)","6602787868; 55769748240; 55949241600; 57191431283; 57205719616; 57205710593; 57202052113; 55149050200; 57203963695; 57214827786; 57212537536; 37072067900; 57212528435; 36631618400; 6506434731; 57195913627; 56029695300","Increasing market opportunities for renewable energy technologies with innovations in aquifer thermal energy storage","2020","Science of the Total Environment","709","","136142","","","10.1016/j.scitotenv.2019.136142","https://www.scopus.com/inward/record.uri?eid=2-s2.0-85076949384&doi=10.1016%2Fj.scitotenv.2019.136142&partnerID=40&md5=bf52b74a5a9649785dae1ca17e62f7f4","Heating and cooling using aquifer thermal energy storage (ATES) has hardly been applied outside the Netherlands, even though it could make a valuable contribution to the energy transition. The Climate-KIC project “Europe-wide Use of Energy from aquifers” – E-USE(aq) – aimed to pave the way for Europe-wide application of ATES, through the realization and monitoring of six ATES pilot plants across five different EU countries. In a preceding paper, based on preliminary results of E-USE(aq), conclusions were already drawn, demonstrating how the barriers for this form of shallow geothermal energy can be overcome, and sometimes even leveraged as opportunities. Based on final pilot project results, key economic and environmental outcomes are now presented. This paper starts with the analysis of specific technological barriers: unfamiliarity with the subsurface, presumed limited compatibility with existing energy provision systems (especially district heating), energy imbalances and groundwater contamination. The paper then shows how these barriers have been tackled, using improved site investigation and monitoring technologies to map heterogeneous subsoils. In this way ATES can cost-efficiently be included in smart grids and combined with other sources of renewable (especially solar) energy, while at the same time achieving groundwater remediation. A comparative assessment of economic and environmental impacts of the pilots is included, to demonstrate the sustainability of ATES system with different renewables and renewable-based technologies. The paper concludes with an assessment of the market application potential of ATES, including in areas with water scarcity, and a review of climate beneficial impact. © 2019 Elsevier B.V.","Aquifer thermal energy storage; District heating and cooling; Geothermal energy; Heating and cooling; Photovoltaic-thermal module; Pilot plant; Remediation; Technological innovation; Water scarcity","Aquifers; Commerce; District heating; Environmental technology; Geothermal energy; Groundwater pollution; Groundwater resources; Heat storage; Hydrogeology; Pilot plants; Remediation; Soils; Sustainable development; Thermal energy; Aquifer thermal energy storage; District heating and cooling; Heating and cooling; Photovoltaic thermals; Technological innovation; Water scarcity; Smart power grids; ground water; alternative energy; aquifer; cooling; energy market; energy storage; geothermal energy; heating; innovation; photovoltaic system; remediation; technological development; aquifer thermal energy storage; Article; bioremediation; ecosystem monitoring; energy conservation; environmental impact; marketing; priority journal; renewable energy; solar energy; water contamination; Netherlands","The authors acknowledge the EIT Climate-KIC Association of the European Institute of Innovation and Technology (EIT) that co-financed the barrier analysis, part of the site characterization in the pilot sites as well as part of the monitoring work described in the paper via the E-USE(aq) project. EIT Climate-KIC is a European knowledge and innovation community working towards a climate-resilient society founded on a circular and zero‑carbon economy. The authors also wish to thank end users and local authorities who made pilot implementation possible: Emilia Romagna Region, Capital Region of Denmark, Municipalities of Nules, Utrecht & Zwolle as well as Nike & Terna SpA.","Article","All Open Access; Bronze Open Access; Green Accepted Open Access; Green Open Access","Scopus"
"Strom, P.; Kartasalo, K.; Olsson, H.; Solorzano, L.; Delahunt, B.; Berney, D.M.; Bostwick, D.G.; Evans, A.J.; Grignon, D.J.; Humphrey, P.A.; Iczkowski, K.A.; Kench, J.G.; Kristiansen, G.; van der Kwast, T.H.; Leite, K.R.M.; McKenney, J.K.; Oxley, J.; Pan, C.-C.; Samaratunga, H.; Srigley, J.R.; Takahashi, H.; Tsuzuki, T.; Varma, M.; Zhou, M.; Lindberg, J.; Lindskog, C.; Ruusuvuori, P.; Wählby, C.; Grönberg, H.; Rantalainen, M.; Egevad, L.; Eklund, M.","Strom, Peter (56559693800); Kartasalo, Kimmo (56926765900); Olsson, Henrik (57143804500); Solorzano, Leslie (57194491544); Delahunt, Brett (7006702423); Berney, Daniel Maurice (6701628860); Bostwick, David G.M.D. (7102482247); Evans, Andrew John (57198743258); Grignon, David J. (24301726300); Humphrey, Peter A. (7201500754); Iczkowski, Kenneth A. (7005139638); Kench, J. G. (7006151706); Kristiansen, Glen (57207899244); van der Kwast, Theodorus H. (35397577500); Leite, K. R.M. (7003751235); McKenney, Jesse K. (7004450437); Oxley, Jon D. (7004427966); Pan, Chinchen (35765832200); Samaratunga, Hemamali (6701312565); Srigley, John R. (7006815617); Takahashi, Hiroyuki (57202949530); Tsuzuki, Toyonori T. (35952889500); Varma, Murali D. (7101706069); Zhou, Ming (57075403200); Lindberg, Johan F. (14012660900); Lindskog, Cecilia J. (24332123800); Ruusuvuori, Pekka (8594550600); Wählby, Carolina (6603157675); Grönberg, Henrik (34975062600); Rantalainen, Mattias J. (22951645000); Egevad, Lars A. (55113533000); Eklund, Martin (16033089900)","56559693800; 56926765900; 57143804500; 57194491544; 7006702423; 6701628860; 7102482247; 57198743258; 24301726300; 7201500754; 7005139638; 7006151706; 57207899244; 35397577500; 7003751235; 7004450437; 7004427966; 35765832200; 6701312565; 7006815617; 57202949530; 35952889500; 7101706069; 57075403200; 14012660900; 24332123800; 8594550600; 6603157675; 34975062600; 22951645000; 55113533000; 16033089900","Artificial intelligence for diagnosis and grading of prostate cancer in biopsies: a population-based, diagnostic study","2020","The Lancet Oncology","21","2","","222","232","10.1016/S1470-2045(19)30738-7","https://www.scopus.com/inward/record.uri?eid=2-s2.0-85078407893&doi=10.1016%2FS1470-2045%2819%2930738-7&partnerID=40&md5=c3cde8d019e249c4a6f31ab8eadfea8d","Background: An increasing volume of prostate biopsies and a worldwide shortage of urological pathologists puts a strain on pathology departments. Additionally, the high intra-observer and inter-observer variability in grading can result in overtreatment and undertreatment of prostate cancer. To alleviate these problems, we aimed to develop an artificial intelligence (AI) system with clinically acceptable accuracy for prostate cancer detection, localisation, and Gleason grading. Methods: We digitised 6682 slides from needle core biopsies from 976 randomly selected participants aged 50–69 in the Swedish prospective and population-based STHLM3 diagnostic study done between May 28, 2012, and Dec 30, 2014 (ISRCTN84445406), and another 271 from 93 men from outside the study. The resulting images were used to train deep neural networks for assessment of prostate biopsies. The networks were evaluated by predicting the presence, extent, and Gleason grade of malignant tissue for an independent test dataset comprising 1631 biopsies from 246 men from STHLM3 and an external validation dataset of 330 biopsies from 73 men. We also evaluated grading performance on 87 biopsies individually graded by 23 experienced urological pathologists from the International Society of Urological Pathology. We assessed discriminatory performance by receiver operating characteristics and tumour extent predictions by correlating predicted cancer length against measurements by the reporting pathologist. We quantified the concordance between grades assigned by the AI system and the expert urological pathologists using Cohen's kappa. Findings: The AI achieved an area under the receiver operating characteristics curve of 0·997 (95% CI 0·994–0·999) for distinguishing between benign (n=910) and malignant (n=721) biopsy cores on the independent test dataset and 0·986 (0·972–0·996) on the external validation dataset (benign n=108, malignant n=222). The correlation between cancer length predicted by the AI and assigned by the reporting pathologist was 0·96 (95% CI 0·95–0·97) for the independent test dataset and 0·87 (0·84–0·90) for the external validation dataset. For assigning Gleason grades, the AI achieved a mean pairwise kappa of 0·62, which was within the range of the corresponding values for the expert pathologists (0·60–0·73). Interpretation: An AI system can be trained to detect and grade cancer in prostate needle biopsy samples at a ranking comparable to that of international experts in prostate pathology. Clinical application could reduce pathology workload by reducing the assessment of benign biopsies and by automating the task of measuring cancer length in positive biopsy cores. An AI system with expert-level grading performance might contribute a second opinion, aid in standardising grading, and provide pathology expertise in parts of the world where it does not exist. Funding: Swedish Research Council, Swedish Cancer Society, Swedish eScience Research Center, EIT Health. © 2020 Elsevier Ltd","","adult; aged; area under the curve; Article; artificial intelligence; cancer grading; clinical trial; deep neural network; diagnostic accuracy; Gleason score; human; major clinical study; male; middle aged; needle biopsy; population research; prediction; priority journal; prospective study; prostate biopsy; prostate cancer; receiver operating characteristic; Swedish citizen; trend study; biopsy; computer assisted diagnosis; pathology; predictive value; prostate tumor; reproducibility; Sweden; Aged; Artificial Intelligence; Biopsy; Diagnosis, Computer-Assisted; Humans; Image Interpretation, Computer-Assisted; Male; Middle Aged; Neoplasm Grading; Predictive Value of Tests; Prospective Studies; Prostatic Neoplasms; Reproducibility of Results","Funding text 1: Funding was provided by the Swedish Research Council, Swedish Cancer Society, Swedish Research Council for Health, Working Life, and Welfare, Swedish eScience Research Center, Walter Ahlström Foundation, Tutkijat maailmalle programme, Academy of Finland (313921), Cancer Society of Finland, Emil Aaltonen Foundation, Finnish Foundation for Technology Promotion, Industrial Research Fund of Tampere University of Technology, KAUTE Foundation, Orion Research Foundation, Svenska Tekniska Vetenskapsakademien i Finland, Tampere University Foundation, Tampere University graduate school, The Finnish Society of Information Technology and Electronics, TUT on World Tour programme, the European Research Council (grant ERC-2015-CoG 682810), and EIT Health. The Tampere Center for Scientific Computing and CSC-IT Center for Science, Finland are acknowledged for providing computational resources. ME and MR report funding from the Swedish Research Council and Swedish Cancer Society. ME reports funding from the Swedish Research Council for Health, Working Life, and Welfare, and Swedish eScience Research Center. The Saint Göran Hospital, Stockholm, is acknowledged for providing additional high-grade slides as training data. Carin Cavalli-Björkman, Britt-Marie Hune, Astrid Björklund, and Olof Cavalli-Björkman have been instrumental in logistical handling of the glass slides. Hannu Hakkola, Tomi Häkkinen, Leena Latonen, Kaisa Liimatainen, Teemu Tolonen, Masi Valkonen, and Mira Valkonen are acknowledged for their helpful advice. We thank the participants in the Stockholm-3 study for their participation.; Funding text 2: Funding was provided by the Swedish Research Council, Swedish Cancer Society, Swedish Research Council for Health, Working Life, and Welfare, Swedish eScience Research Center, Walter Ahlström Foundation, Tutkijat maailmalle programme, Academy of Finland (313921), Cancer Society of Finland, Emil Aaltonen Foundation, Finnish Foundation for Technology Promotion, Industrial Research Fund of Tampere University of Technology, KAUTE Foundation, Orion Research Foundation, Svenska Tekniska Vetenskapsakademien i Finland, Tampere University Foundation, Tampere University graduate school, The Finnish Society of Information Technology and Electronics, TUT on World Tour programme, the European Research Council (grant ERC-2015-CoG 682810), and EIT Health. The Tampere Center for Scientific Computing and CSC-IT Center for Science, Finland are acknowledged for providing computational resources. ME and MR report funding from the Swedish Research Council and Swedish Cancer Society. ME reports funding from the Swedish Research Council for Health, Working Life, and Welfare, and Swedish eScience Research Center. The Saint Göran Hospital, Stockholm, is acknowledged for providing additional high-grade slides as training data. Carin Cavalli-Björkman, Britt-Marie Hune, Astrid Björklund, and Olof Cavalli-Björkman have been instrumental in logistical handling of the glass slides. Hannu Hakkola, Tomi Häkkinen, Leena Latonen, Kaisa Liimatainen, Teemu Tolonen, Masi Valkonen, and Mira Valkonen are acknowledged for their helpful advice. We thank the participants in the Stockholm-3 study for their participation.","Article","All Open Access; Gold Open Access","Scopus"
"Ternell, A.; Nilsson, A.; Ohlén, B.; Stenholm, D.; Bergsjö, D.","Ternell, Anna (15072312800); Nilsson, Anders M. (57219490184); Ohlén, Björn (58151360700); Stenholm, Daniel (56108694800); Bergsjö, Dag Henrik (16424552100)","15072312800; 57219490184; 58151360700; 56108694800; 16424552100","Public-private partnerships for multifunctional sustainable land use in peri-urban areas to mitigate the adverse effects of climate change","2020","Ecocycles","6","2","","73","90","10.19040/ecocycles.v6i2.180","https://www.scopus.com/inward/record.uri?eid=2-s2.0-85143791725&doi=10.19040%2Fecocycles.v6i2.180&partnerID=40&md5=58258cab5ebdf9fdf8d5577ed53463c2","– Climate change increases the risk of damage caused by storms, insects and fungi in agriculture and forestry. Multifunctional sustainable land use, including a more diversified agriculture and forestry sector in terms of biodiversity, is one way to create resilience and meet these climate risks. For example, a forest with trees of different ages and of several species is more resistant to these risks. Multifunctional refers to how the same land can provide food and wood products, but also job creation, recreation and be a provider of ecosystem services such as pollination, erosion protection and biodiversity. Research shows that there is a large acceptance for a more varied forest sector and diversified agriculture. In recent years, urban farming has received widespread understanding on its many advantages, including a sense of belonging and meaning, other than food production. In this article the authors try to assess a scenario when these initiatives become commercial and when the urban farming trend meets traditional forms of agriculture and forestry. Furthermore, the large potential of developing public-private partnerships for multifunctional sustainable land use in peri-urban areas in the Swedish City of Gothenburg and its surrounding area is analysed, based on experiences from ongoing initiatives. Developed within the framework of Climate KIC Accelerator Project, a business model is presented allowing for a long-term sustainability of initiatives. © Meat Technology. All rights reserved.","biodiversity; climate change; ecosystem services; multifunctional agriculture; multifunctional land use; sustainability","","After the interviews, one existing business model stood out as the most interesting for supporting multi-functional sustainable land use in peri-urban areas. This business model is called Stadsbruk. Stadsbruk is a project funded by the Swedish Innovation Agency, Vinnova. Four cities in Sweden have been part of the project: Gothenburg, Malmö, Kristianstad and Växjö. The aim of Stadsbruk is for cities to support new green businesses by leasing land for commercial green business development and provide business support with an incubator for training and basic infrastructure. The following text is to a large extent based on the project Stadsbruk summarized in Rasmusson et al (2016) and the interviews.","Article","All Open Access; Gold Open Access","Scopus"
"Bourke, K.P.; Adams, K.T.","Bourke, Kathryn P. (56580560000); Adams, Katherine Tebbatt (57198391197)","56580560000; 57198391197","The Business Case for Re-Usable Buildings - Business Models, Systems Diagnosis and Case for Action","2020","","","","","1853","1860","10.23967/dbmc.2020.228","https://www.scopus.com/inward/record.uri?eid=2-s2.0-85125772375&doi=10.23967%2Fdbmc.2020.228&partnerID=40&md5=81622e6ed46684649e26539dbf28616e","This paper presents the results of a pathfinder project on re-usable buildings which was part funded by Climate- KIC, supported by the EIT, a body of the European Union. It places reusable buildings in the context of sustainability generally, and specifically within the general theme of circular economy transition. It includes a brief summary of the literature review undertaken, focussing on challenges and benefits to the business case for adoption of reusable buildings. © The authors.","Business case; Circular economy; Literature review; Re-Usable; Sustainability","Computer software reusability; Business case; Business models; Circular economy; European union; Literature reviews; Modelling systems; Re-usable; System diagnosis; Sustainable development","Funding text 1: Abstract. This paper presents the results of a pathfinder project on re-usable buildings which was part funded by Climate-KIC, supported by the EIT, a body of the European Union. It places reusable buildings in the context of sustainability generally, and specifically within the general theme of circular economy transition. It includes a brief summary of the literature review undertaken, focussing on challenges and benefits to the business case for adoption of reusable buildings.; Funding text 2: This paper reports the initial results of a scoping study undertaken with partial funding from the Climate _KIC programme, which is supported by the EIT, a body of the European Union. The objective of the study was to test out the possibility of generating a critical mass of client support for re-usable buildings. Re-usable buildings for this study included those that could be adapted in use for same use or for different uses within a circular economy context. The work was undertaken by a consortium led by the London Waste and Recycling Board (LWARB), in partnership with the Sustainable Development Foundation (SDF), the Forum for the Future (FforF), the Alliance of Sustainable Building Products (ASBP) and Whole Life Ltd. (WLL).","Conference paper","All Open Access; Hybrid Gold Open Access","Scopus"
"Pinto, M.T.; Lopes, L.; Žibret, G.","Pinto, Marcio Tameirao (58400285000); Lopes, Luís (57196996275); Žibret, Gorazd (14055101500)","58400285000; 57196996275; 14055101500","UNEXUP, a game changing exploration technology for underwater environments","2020","","","","","","","","https://www.scopus.com/inward/record.uri?eid=2-s2.0-85108458104&partnerID=40&md5=815242ea544b4c65b5bb2f0766c3058e","The UNEXUP project, funded under EIT RawMaterials, aims to commercially deploy a novel mineral exploration and mine mapping service based on the UNEXMIN technology - the predecessor project. The service intends to address the needs and requirements of mining companies, mine owners, geological surveys and other sectors that can benefit from an underwater surveying campaign with geoscientific scope. The core objectives of UNEXUP include a) Improvements in the UX-1 robotic platform developed within UNEXMIN, 2) Build an additional, more complex robot, with further capabilities and sensors; 3) Test the robots' performance in different pilot tests, 4) Bring commercial interest to the technology and launch it to the market. The current version of the robot, to be further developed and tested on software, hardware and capabilities in the second part of 2020, is already equipped with enough navigation and geoscientific instrumentation to perform exploration missions in underground flooded environments. The instrumentation includes visible light cameras, multispectral unit, UV cameras, gamma-ray counter, pH and Eh devices, thermometer, water sampler, scanning sonar and structured light systems. A second robot will be designed and built in the second year of the project, which will further extend the exploration possibilities of the UNEXUP technology. © Mineral Exploration Symposium 2020.All right reserved.","","Cameras; Gamma rays; Light; Mine surveys; Minerals; Robots; Service industry; Software testing; Underwater acoustic communication; Underwater mineral resources; Exploration missions; Exploration technologies; Mining companies; Multi-spectral; Robotic platforms; Scanning sonar; Structured light systems; Underwater environments; Mineral exploration","Funding text 1: The UNEXUP project is supported by EIT RawMaterials, project number 19160.; Funding text 2: The UNEXUP project, funded under EIT RawMaterials, aims to commercially deploy a novel mineral exploration and mine mapping service based on the technology developed within the UNEXMIN project, which is the predecessor project that was funded by the H2020 programme. The service intends to address the needs and requirements from mining companies, mine owners, geological surveys and other stakeholders that can benefit from an underwater surveying campaign with geoscientific scope. The core objectives of UNEXUP include a) Improvements in the UX-1 robotic platform developed within UNEXMIN, 2) Build an additional, more complex robot, with further capabilities and sensors; 3) Test the robot’s performance in different pilot tests, 4) B ring commercial interest to the technology and launch it to the market.","Conference paper","","Scopus"
"Alcalde, J.; Carbonell, R.; Malehmir, A.; Gil, A.; Buske, S.; Orlowsky, D.; Hupe, T.; Ayarza, P.; Martínez, Y.; Tornos, F.","Alcalde, Juan Manuel (55605350800); Carbonell, Ramon Bertran (7101720299); Malehmir, Alireza (16022287700); Gil, Alba (57222127155); Buske, Stefan (56012380800); Orlowsky, Dirk J. (14056708900); Hupe, Tim J. (57220054928); Ayarza, P. A. (57201698434); Martínez, Yesenia (57222247027); Tornos, Fernando (6601991764)","55605350800; 7101720299; 16022287700; 57222127155; 56012380800; 14056708900; 57220054928; 57201698434; 57222247027; 6601991764","SIT4ME - Seismic imaging for mineral exploration","2020","","","","","","","10.3997/2214-4609.202020072","https://www.scopus.com/inward/record.uri?eid=2-s2.0-85102012827&doi=10.3997%2F2214-4609.202020072&partnerID=40&md5=4335455f15982458f2de66c570e99cda","Deep mineral resources need to be discovered and accessed to ensure the ever increasing needs of minerals in our society. Seismic methods have proven their capacity to image important targets in deep, crystalline environments, but their use is not yet a standard within conventional mineral exploration activities. The EIT-RawMaterials Programme has funded the ""Seismic Imaging for Mineral Exploration - SIT4ME"" project, aimed to develop seismic imaging approaches for mineral exploration within crystalline settings, at a reduced cost. The aim of this transnational initiative is to test the efficiency of seismic methods to image target ore structures by comparing control and natural source seismic data-sets in two real case-studies, the Zinkgruvan mine in Sweden and the Sotiel mine in Spain. This work describes the main objectives and activities carried out as part of the project, and outlines the expected outcomes of this initiative. © 2020 3rd Conference on Geophysics for Mineral Exploration and Mining, Held at Near Surface Geoscience 2020. All rights reserved.","","Geology; Mineral resources; Minerals; Seismology; Natural sources; Real case; Reduced cost; Seismic datas; Seismic imaging; Seismic methods; Mineral exploration","","Conference paper","","Scopus"
"Ben Rejeb, H.B.; Zwolinski, P.","Ben Rejeb, Helmi (57219373176); Zwolinski, Peggy (6508004280)","57219373176; 6508004280","Development of educational contents on circular economy and critical raw materials challenges","2020","Procedia CIRP","90","","","759","765","10.1016/j.procir.2020.01.132","https://www.scopus.com/inward/record.uri?eid=2-s2.0-85092430388&doi=10.1016%2Fj.procir.2020.01.132&partnerID=40&md5=646b367df0abac8135fe48c178d0139b","This article presents the case of three projects supported by the European Institute of Innovation and Technology EIT RawMaterials in the framework of consortium between academic and industrial partners from six European countries. EIT RawMaterials has among its strategic objectives the development of educational content for the main stakeholders in the European minerals, metals and materials sector taking into account the sustainability criteria through the value chain. First, the projects studied the need for these different contents in relation to circular economy, the challenges of Critical Raw Materials (CRM), the analysis of the environmental impacts of materials. Then, the educational contents and training were developed in a collaborative way, proposing theoretical contents but also practical and hands-on exercises. The contents were then tested during pilot workshops. Lastly, the knowledge and best practices proposed were disseminated to practitioners in the different countries of the project partners. The evaluation carried out in each project highlighted great interest from practitioners and companies for such educational contents. Online tools and interactive active learning methods were encouraged in these projects, which is considered as attractive. Shortcomings were addressed after pilot workshops which improved the content quality. © 2020 The Author(s). Published by Elsevier B.V.","Circular economy; Critical raw material; CRM; Education and training; European projects","Environmental impact; Learning systems; Mineral industry; Strategic materials; Sustainable development; Active learning methods; Critical raw materials; Educational contents; European Countries; Industrial partners; Innovation and technology; Strategic objectives; Sustainability criteria; Life cycle","This study was part of three Europeans projects: RemanPath (project number 17087), WM-CRM (project number 17227) and INNOMAT (project number 17226) which were supported and financed the EIT-RawMaterials.","Conference paper","All Open Access; Gold Open Access","Scopus"
"Beccali, M.; Scoccia, R.; Finocchiaro, P.; Zanetti, E.; Motta, M.","Beccali, Marco (6603320028); Scoccia, Rossano (54881212800); Finocchiaro, Pietro (35071324800); Zanetti, Ettore (57210919691); Motta, M. (47161390600)","6603320028; 54881212800; 35071324800; 57210919691; 47161390600","FREESCOO facade 3.0, a compact DEC thermally driven air-conditioning system for apartments","2020","","","","","2591","2602","10.18086/swc.2019.55.02","https://www.scopus.com/inward/record.uri?eid=2-s2.0-85086826801&doi=10.18086%2Fswc.2019.55.02&partnerID=40&md5=4acffe759059ab65c79f7692693d1732","FREESCOO is an innovative Desiccant Evaporative Cooling air conditioning system designed for ventilation, cooling, dehumidification and heating of buildings in residential and tertiary sectors. This paper presents the third generation of the façade version, which will be tested on field in Milan (Italy) within the Merezzate+ project supported by Climate-KIC. The adsorption bed used by the system is a finned heat exchanger packed with silica gel grains, which allows simultaneous dehumidification and cooling of the process air. The direct evaporative cooling process, operated downstream to the dehumidification, is realized using a rotary plate humidifier. The regeneration of the adsorption bed is done through low-grade heat around 60 °C and the only electrical consumption is for the fans and water recirculation. The unit has been designed in order to be integrated in the loggia of small apartments of roughly 47 m2. The result is a Seasonal Energy Efficiency Ratio around 10.7. From the primary energy savings perspective with respect to a conventional air conditioning, they can be up to 36% if the electricity generation is not renewable heavy or the district heating has a renewable energy quota. © 2019. The Authors. Published by International Solar Energy Society Selection and/or peer review under responsibility of Scientific Committee","Adsorption; Air-conditioning; Desiccant Evaporative Cooling; Thermal driven","Apartment houses; Driers (materials); Energy efficiency; Evaporation; Evaporative cooling systems; Humidity control; Silica; Silica gel; Solar heating; Direct evaporative cooling; Electrical consumption; Electricity generation; Heating of buildings; Primary energy savings; Renewable energies; Seasonal energy efficiency ratios; Water recirculation; Air conditioning","This research was supported by EIT Climate-KIC (EIT SGA 2018) under the project “Merezzate+: a living lab for the integration of clean energy, sustainable mobility” (Project ID: TSS2018B_813-MAREZZ_B).","Conference paper","All Open Access; Green Accepted Open Access; Green Open Access","Scopus"
"Tonks, E.; Lockie, S.","Tonks, Eleanor (57214602600); Lockie, Sean (57214595832)","57214602600; 57214595832","Urban transformation: From single-point solutions to systems innovation","2020","Climate","8","1","17","","","10.3390/cli8010017","https://www.scopus.com/inward/record.uri?eid=2-s2.0-85078832268&doi=10.3390%2Fcli8010017&partnerID=40&md5=9cae5585d8c0c0eb1deaf5f4b91b422d","Adapting our cities to the new climate regime is critical to ensure that human development is not jeopardized and that the world's citizens can thrive where they live. Faced as we are with the imperative to act, we now need to accept that the challenges we face are not technical in nature-they are systemic. Traditionally, investments in low-carbon city solutions have suffered from being small and disaggregated, with a focus on single-point solutions. To truly enable city transformation at scale, we need to completely rewire our approach to urban innovation and implementation. To face our new reality, EIT Climate-KIC works on catalysing systems change through innovation in areas of human activity that have a critical impact on greenhouse gas emissions-cities, land use, materials, and finance-and to create climate-resilient communities. In this paper, EIT Climate-KIC reflects on its key learnings, as an innovation community, on how to apply innovation in service of urban transformation through the application of nature-based solutions. © 2020 by the authors.","Cities; Innovation; Nature-based solutions; Systems change","","EIT Climate-KIC is a knowledge and innovation community established and funded by the European Institute of Innovation and Technology (EIT) in 2010. Our purpose is to tackle climate change through innovation. We draw our purpose from a context in which climate change is advancing fast and its damaging effects are beginning to take hold. We are Europe’s largest public–private partnership with this purpose—a growing pan-European community of diverse organisations united by a commitment to direct the power of creativity and human ingenuity at the climate crisis. We bring together large and small companies, scientific institutions, and universities, city authorities, and other public bodies, start-ups, and students. With nearly 400 formal organisational partners from across 25 countries, we work on innovation to mitigate climate change and to adapt to its unavoidable impacts.","Note","All Open Access; Gold Open Access; Green Accepted Open Access; Green Open Access","Scopus"
"de Bernardi, P.; Azucar, D.","de Bernardi, Paola (57203532226); Azucar, Danny (57199329870)","57203532226; 57199329870","A european food ecosystem: The EIT food case study","2020","Contributions to Management Science","","","","245","280","10.1007/978-3-030-33502-1_9","https://www.scopus.com/inward/record.uri?eid=2-s2.0-85076993543&doi=10.1007%2F978-3-030-33502-1_9&partnerID=40&md5=c964391af47cd6ca434203af6c98859e","This chapter aims to present the traits and key success factors of the “European Institute of Innovation and Technology” (EIT), analyzing the “EIT Food” case. To highlight EIT Food’s strategic position as orchestrator and catalyzer of innovation, knowledge, and business creation, the case study uses the lens of the “quadruple helix model innovation”. EIT Food’s mission, vision, strategies, objectives, values, and activities are finalized to foster and drive the challenges of the European food innovation ecosystem. The case study gives evidence on the role that a territorial innovation ecosystem can play to develop a culture of innovation and entrepreneurship, enabling the transition from a knowledge economy to a knowledge society, namely from a triple to a quadruple helix model. With a social mission and trusted multi-stakeholder independent community that is coming together to solve the challenges of the food system, triggering innovative bottom-up activities, EIT Food drives the shift towards an ecosystem perspective and fosters a sense of “collective stewardship” toward social, environmental, and economic sustainability. The entrepreneurial spirit and participatory approach of all the heterogeneous actors are increasingly being cultivated through open innovation methodologies and open innovation spaces to improve human health, access to quality food, and address the main challenges of the food system. EIT Food innovation ecosystem business model is people-centric and resource-smart based and finalized to stimulate connections and partnerships between consumers, citizens, businesses, startups, research institutions, students, and food supply chain stakeholders throughout Europe. The case study focuses on the key elements that characterize EIT Food, and hence, untangle under what conditions it shapes and influences economic, technological, and societal thinking within its ecosystem. © Springer Nature Switzerland AG 2020.","EIT food; Food innovation ecosystem; Knowledge society; Quadruple Helix; Value network","","","Book chapter","","Scopus"
"Capper, T.; Brennan, S.; Woodside, J.; Michelle McKinley, M.","Capper, Tess E. (57200966111); Brennan, Sarah F. (34871651700); Woodside, Jayne V. (7006483718); Michelle McKinley, Michelle C. (7103256534)","57200966111; 34871651700; 7006483718; 7103256534","The EIT Food School Network: Integrating solutions to improve eating habits and reduce food wastage in secondary schoolchildren","2019","Nutrition Bulletin","44","4","","356","362","10.1111/nbu.12406","https://www.scopus.com/inward/record.uri?eid=2-s2.0-85074668041&doi=10.1111%2Fnbu.12406&partnerID=40&md5=f9b4b1af4938b8a9b078ea0686fc560c","Most European children and adolescents do not meet dietary guidelines. Therefore, there is a need to develop and implement effective strategies to help young people adopt healthier dietary habits and maintain these into adulthood. The amount of time that children and adolescents spend in the school setting makes this an ideal environment in which to develop interventions that target healthy eating. Schools, however, are complex systems and a whole-school approach that promotes consistent messages within the school environment and across the curriculum is needed to support positive food choices. Given current concerns about climate change and the environment, it is also important to ensure that any nutrition interventions implemented in the school setting are environmentally friendly and do not increase food wastage. This paper presents the results of stakeholder discussions on the topic of secondary school food in Northern Ireland, conducted as part of the recently developed European Institute for Innovation and Technology (EIT) Food School Network. The Network was established to facilitate the exchange of information within existing national schools programmes and to identify and develop strategies that positively impact on food choice and food wastage in schools across Europe. Improving schools’ adherence to the Food in Schools Policy and engaging pupils and parents to encourage a sense of ‘ownership’ of the school food system were identified as potential ways to positively impact on the dietary habits of children and adolescents. © 2019 British Nutrition Foundation","adolescents; food choice; nutrition; school food; school-aged children","adolescent; article; child; climate change; curriculum; eating habit; high school; human; Northern Ireland; nutrition; transcription initiation","Funding text 1: In Northern Ireland, the Education Authority (EA) governs the majority of schools and is responsible for their school meals. A smaller number of other schools, such as Voluntary Grammars, are run by a Board of Governors, which is also in charge of the food in these schools. Nutritional standards for school lunches in Northern Ireland were introduced in September 2007 and extended in August 2008 to cover all school food including from vending machines and tuck shops. Nutritional standards for school meals apply to all secondary level schools in Northern Ireland; however, schools not governed by the EA vary in their application of the standards. In 2013, the Food in Schools Policy was published by the Department of Education (DE) and the Department of Health, Social Services and Public Safety (DH) and rolled out to EA‐governed schools. The Policy advocates a ‘whole‐school approach’ and aims to promote healthy eating in school as well as support dietary change outside of school. In addition to DE and DH, several other stakeholders are involved in the implementation and evaluation of the Food in Schools Policy through participation in the Regional Food in School Forum, which was established in 2009. These include the regional Food in Schools Coordinator and representatives from the Public Health Agency (PHA), SafeFood, the Food Standards Agency, EA, and Council for the Curriculum, Examinations and Assessment (CCEA). In order to improve understanding of the current secondary school food system in Northern Ireland and to identify potential priority areas for intervention, we conducted semi‐structured interviews and small discussion groups with representatives ( n  = 15) from the above organisations to explore topics such as adherence to the nutritional standards, the implementation of the new Food in Schools Policy, and food waste in the canteen environment before and after the implementation of the Policy. This study received ethical approval from the School of Medicine, Dentistry and Biomedical Sciences Ethical Committee, Queen’s University Belfast and participants provided informed consent prior to undertaking this research. The interviews and discussion groups were conducted between November and December 2018, as part of the EIT Food School Network.; Funding text 2: This work was funded by the EIT Food Horizon 2020 funding. The funder had no role in the conduct of the research, in the decision to publish or in reviewing or approving the manuscript.","Article","","Scopus"
"Reis, F.; Sá-Moura, B.; Guardado, D.; Couceiro, P.; Catarino, L.; Mota-Pinto, A.; Veríssimo, M.T.; Teixeira, A.M.; Ferreira, P.L.; Lima, M.P.; Palavra, F.; Rama, L.; Santos, L.; van der Heijden, R.A.; Gonçalves, C.E.; Cunha, A.; Malva, J.O.","Reis, Flávio N.F. (26030101000); Sá-Moura, Bebiana (24538118700); Guardado, Diana (57291806600); Couceiro, Patrícia (26647325600); Catarino, Luis (57306542000); Mota-Pinto, Anabela (6505978119); Veríssimo, Manuel Teixeira (8784703500); Teixeira, Ana Maria (56559328400); Ferreira, Pedro L. (7202018191); Lima, Margarida P. (36122572300); Palavra, Filipe (36626082400); Rama, Luís Manuel Pinto Lopes (26027271200); Santos, Lélita Conceição (55293028200); van der Heijden, Roel A. (55365575400); Gonçalves, Carlos Eduardo De Barros (17834464800); Cunha, António (57197512189); Malva, João Oliveira O. (35510123300)","26030101000; 24538118700; 57291806600; 26647325600; 57306542000; 6505978119; 8784703500; 56559328400; 7202018191; 36122572300; 36626082400; 26027271200; 55293028200; 55365575400; 17834464800; 57197512189; 35510123300","Development of a Healthy Lifestyle Assessment Toolkit for the General Public","2019","Frontiers in Medicine","6","","134","","","10.3389/fmed.2019.00134","https://www.scopus.com/inward/record.uri?eid=2-s2.0-85093494668&doi=10.3389%2Ffmed.2019.00134&partnerID=40&md5=de2659a21b0dded99681fb695a2bda2b","The prevalence of age-related non-communicable chronic diseases has increased worldwide, being the leading causes of morbidity and death in many world regions, including in Europe. Innovative models and strategies focused on preventive care, including early identification of risk factors underlying disease onset and progression, and proper modification of lifestyle habits and behaviors, might contribute to promote quality of life, healthy living and active aging. Healthy Lifestyle Innovative Quarters for Cities and Citizens (HeaLIQs4cities) is an EIT Health-funded project aiming to engage, empower and educate citizens toward healthy lifestyles. One of the major objectives of this project was to develop a toolkit for a rapid and informal assessment of healthy lifestyles, to be used at different levels of care pathways, including in informal public environments. In this paper, we describe the methodology underlying the development of the toolkit, which resulted from the collaboration of an interdisciplinary focus group of academic experts, from medicine, sport sciences, psychology, health economics, and innovative technologies applied to health. The following eight components were included in the toolkit: (1) anthropometric assessment and cardiometabolic parameters; (2) physical activity and exercise; (3) well-being, social cohesion, and functional independence; (4) nutrition; (5) mental health; (6) smoking, drinking, and use of illicit substances; (7) sleep habits and quality; and (8) health and disease. A traffic light rating system indicating the risk score was used (low: green; moderate: yellow; and relevant: orange) for each of the 8 components, together with recommendations for the toolkit users. After completing the reduced version of the toolkit, individuals showing moderate or relevant risk in one or more of the 8 dimensions, were invited to participate in a more detailed assessment (toolkit long version), based on deeper and scientifically validated tools. The toolkit was incorporated in eVida, a web-based platform that focuses on delivering services to personalized health and well-being. The validation of the current toolkit has been applied in wide-ranging public events in three different European Regions. Large scale deployment of the toolkit is expected to profit from the Reference Site Collaborative Network of the European Innovation Partnership on Active and Healthy Aging (EIP on AHA). © Copyright © 2019 Reis, Sá-Moura, Guardado, Couceiro, Catarino, Mota-Pinto, Veríssimo, Teixeira, Ferreira, Lima, Palavra, Rama, Santos, van der Heijden, Gonçalves, Cunha and Malva.","active aging; citizens; healthy living; lifestyle; risk factors","","The authors acknowledge the participation of Rita Fradique in the first meeting of the Focus Group. Funding. This work was supported by the EIT Health project Healthy Lifestyle Innovation Quarters for Cities and Citizens (HeaLIQs4Cities) code 18036, Caregiving and Aging Reimagined in Europe (CARE Campus) code 18256, as well as the Portuguese Foundation for Science and Technology (FCT-Portugal) and COMPETE-FEDER: POCI-01-0145-FEDER-007440, UID/NEU/04539/2013, UID/NEU/04539/2019 and UID/PTD/04213/2019.","Article","All Open Access; Gold Open Access; Green Accepted Open Access; Green Final Open Access; Green Open Access","Scopus"
"Pellegrini, M.; Bloemendal, M.; Hoekstra, N.; Spaak, G.; Andreu Gallego, A.; Rodriguez Comins, J.; Grotenhuis, T.; Picone, S.; Murrell, A.J.; Steeman, H.J.","Pellegrini, Marco (55769748240); Bloemendal, Martin (55949241600); Hoekstra, Nanne K. (6602787868); Spaak, Gemma (57191431283); Andreu Gallego, A. (57205719616); Rodriguez Comins, J. (57205710593); Grotenhuis, Tim (57202052113); Picone, Sara (55149050200); Murrell, A. J. (57203963695); Steeman, H. J. (57214827786)","55769748240; 55949241600; 6602787868; 57191431283; 57205719616; 57205710593; 57202052113; 55149050200; 57203963695; 57214827786","Low carbon heating and cooling by combining various technologies with Aquifer Thermal Energy Storage","2019","Science of the Total Environment","665","","","1","10","10.1016/j.scitotenv.2019.01.135","https://www.scopus.com/inward/record.uri?eid=2-s2.0-85061257203&doi=10.1016%2Fj.scitotenv.2019.01.135&partnerID=40&md5=7c34ac70fd22def769102567062fc8a9","A transition to a low carbon energy system is needed to respond to global challenge of climate change mitigation. Aquifer Thermal Energy Storage (ATES) is a technology with worldwide potential to provide sustainable space heating and cooling by (seasonal) storage and recovery of heat in the subsurface. However, adoption of ATES varies strongly across Europe, because of both technical as well as organizational barriers, e.g. differences in climatic and subsurface conditions and legislation respectively. After identification of all these barriers in a Climate-KIC research project, six ATES pilot systems have been installed in five different EU-countries aiming to show how such barriers can be overcome. This paper presents the results of the barrier analysis and of the pilot plants. The barriers are categorized in general barriers, and barriers for mature and immature markets. Two pilots show how ATES can be successfully used to re-develop contaminated sites by combining ATES with soil remediation. Two other pilots show the added value of ATES because its storage capacity enables the utilization of solar heat in combination with solar power production. Finally, two pilots are realized in countries with legal barriers where ATES systems have not previously been applied at all. © 2019","Aquifer Thermal Energy Storage; Geothermal energy; Heating and cooling; Photovoltaic-thermal module; Pilot plant; Remediation; Technological innovation; Water scarcity","Aquifers; Carbon; Climate change; Heat storage; Land reclamation; Pilot plants; Remediation; Soil conservation; Soil pollution; Solar energy; Thermal energy; Thermography (temperature measurement); Aquifer thermal energy storage; Heating and cooling; Photovoltaic thermals; Technological innovation; Water scarcity; Geothermal energy; carbon; aquifer; cooling; energy storage; geothermal energy; heating; innovation; photovoltaic system; remediation; thermal power; Article; biotechnology; climate change; environmental factor; environmental policy; environmental temperature; priority journal; soil analysis; soil solarization; storage temperature; Europe","The authors acknowledge the EIT Climate-KIC Association of the European Institute of Innovation and Technology (EIT) that co-financed the barrier analysis, part of the site characterization in the pilot sites as well as and part of the monitoring work described in the paper via the “E-USE(aq)” project. EIT Climate-KIC is a European knowledge and innovation community working towards a climate-resilient society founded on a circular and zero‑carbon economy. We thank two anonymous reviewers for their valuable suggestions for improvements of the first version of this paper.","Article","All Open Access; Bronze Open Access; Green Accepted Open Access; Green Open Access","Scopus"
"Bousquet, J.; Bedbrook, A.; Czarlewski, W.; Onorato, G.L.; Arnavielhe, S.; Laune, D.; Mathieu-Dupas, E.; Fonseca, J.; Costa, E.; Lourenço, O.; Monti, M.; Todo‑Bom, A.; Illario, M.; Menditto, E.; Canonica, G.W.; Cecchi, L.; Napoli, L.; Ventura, M.T.; De Feo, G.; Fokkens, W.J.; Chavannes, N.H.; Reitsma, S.; Cruz, A.A.; da Silva, J.; Serpa, F.S.; Larenas-Linnemann, D.; Fuentes-Perez, J.M.; Huerta-Villalobos, Y.R.; Rivero-Yeverino, D.; Rodriguez-Zagal, E.; Valiulis, A.; Dubakiene, R.; Emužyte, R.; Kvedariene, V.; Annesi-Maesano, I.; Blain, H.; Bonniaud, P.; Boss̈e, I.; Dauvilliers, Y.; Devillier, P.; Fontaine, J.F.; Pépin, J.L.; Pham-Thi, N.; Portejoie, F.; Picard, R.; Roche, N.; Rolland, C.; Schmidt-Grendelmeier, P.; Kuna, P.; Samoliński, B.; Antò, J.M.; Cardona, V.; Mullol, J.; Pinnock, H.; Ryan, D.; Sheikh, A.; Walker, S.; Williams, S.; Becker, S.; Klimek, L.; Pfaar, O.; Bergmann, K.C.; Mösges, R.; Zuberbier, T.; Roller-Wirnsberger, R.E.; Tomazic, P.V.; Haahtela, T.; Salimaki, J.; Toppila-salmi, S.; Valovirta, E.; Vasankari, T.; Gemicioglu, B.; Yorgancioǧlu, A.; Papadopoulos, N.G.; Prokopakis, E.P.; Tsiligianni, I.G.; Bosnic-Anticevich, S.; O'Hehir, R.; Ivancevich, J.C.; Neffen, H.; Zernotti, M.E.; Kull, I.; Melén, E.; Wickman, M.; Bachert, C.; Hellings, P.W.; Brusselle, G.; Palkonen, S.; Bindslev-Jensen, C.; Eller, E.; Waserman, S.; Boulet, L.P.; Bouchard, J.; Chu, D.K.; Schunemann, H.J.; Sova, M.; de Vries, G.; van Eerd, M.; Agache, I.; Ansótegui, I.J.","Bousquet, Jean J. (55156315400); Bedbrook, Anna (55253648100); Czarlewski, Wienczyslawa (57203909023); Onorato, Gabrielle L. (57193561252); Arnavielhe, Sylvie (57202277823); Laune, Daniel (6602589396); Mathieu-Dupas, Eve (55178477400); Fonseca, João Almeida (45661083200); Costa, Elísio Sbardellotto Mariano Da (7402527214); Lourenço, Olga (57208574707); Monti, Riccardo A. (57526330800); Todo‑Bom, Ana Maria (15847298500); Illario, Maddalena (6507765583); Menditto, Enrica (12244811200); Canonica, Giorgio Walter (55412658800); Cecchi, Lorenzo (57193526705); Napoli, Luigi De (57195422759); Ventura, M. T. (7201760331); De Feo, Giulia (57195425506); Fokkens, Wytske Johanna (35355799700); Chavannes, N. Henrik (6604023299); Reitsma, Sietze (57195635560); Cruz, Álvaro Augusto (55512188000); da Silva, Jane (7201733177); Serpa, Faradiba Sarquis (56568052600); Larenas-Linnemann, Désirée E.S. (23492386700); Fuentes-Perez, José Miguel (57202985660); Huerta-Villalobos, Yunuen Rocío (57202978418); Rivero-Yeverino, Daniela (56678662000); Rodriguez-Zagal, Eréndira (57204420110); Valiulis, Arũnas (57204694158); Dubakiene, Rūta (6506815732); Emužyte, Regina (12778353500); Kvedariene, Violeta (14056134900); Annesi-Maesano, Isabella I. (56229296400); Blain, Hubert (16687865700); Bonniaud, Philippe (6601993059); Boss̈e, Isabelle (6506294269); Dauvilliers, Yves A. (7003647751); Devillier, Philippe (55160889400); Fontaine, Jean François M. (57188672082); Pépin, Jean Louis D. (35399985100); Pham-Thi, Nhân (57193002159); Portejoie, Fabienne (56464138400); Picard, Robert (56844903100); Roche, Nicolas (55629754700); Rolland, Christine (57207781193); Schmidt-Grendelmeier, P. (57204415464); Kuna, P. B. (7006421186); Samoliński, Bolesław Krzysztof (57194529979); Antò, Josep María (56196020900); Cardona, Victoria (18133374200); Mullol, Joaquim (55972415400); Pinnock, Hilary J. (6701815935); Ryan, Dermot P. (57195523831); Sheikh, Aziz (7202522962); Walker, Samantha M. (57206617186); Williams, Siân (20136431400); Becker, Sven (56024696100); Klimek, Ludger (7005088080); Pfaar, Oliver (9744229500); Bergmann, Karl Christian (35429595700); Mösges, Ralph (55617900200); Zuberbier, Thorsten (7004554588); Roller-Wirnsberger, Regina Elisabeth (42161838800); Tomazic, Peter Valentin (35243739400); Haahtela, Tari M.K. (7004531314); Salimaki, Johanna (57195414635); Toppila-salmi, Sanna Katriina (14631330000); Valovirta, Erkka Juhani (34573947500); Vasankari, Tuula M. (57196490674); Gemicioglu, Bilun (6505921956); Yorgancioǧlu, Arzu A. (57210951407); Papadopoulos, N. G. (35354006800); Prokopakis, Emmanuel P. (6701791960); Tsiligianni, Ioanna G. (8315152700); Bosnic-Anticevich, Sinthia Zrinka (7801624496); O'Hehir, Robyn E. (57205068606); Ivancevich, J. C. (23091137000); Neffen, Hugo Eduardo (57743157900); Zernotti, Mario Emilio (8401439400); Kull, Inger (55904196600); Melén, Erik (55882117600); Wickman, Magnus C. (57203105353); Bachert, Claus (7102663930); Hellings, Peter William (7004215789); Brusselle, Guy G. (6602446912); Palkonen, Susanna (57193984806); Bindslev-Jensen, Carsten (7004294156); Eller, Esben E. (12779894700); Waserman, Susan I. (6602359228); Boulet, Louis Philippe (57195460157); Bouchard, Jacques (8766379100); Chu, Derek K. (24491429400); Schunemann, Holger J. (7005126453); Sova, Milan (36549506300); de Vries, Govert (57192695696); van Eerd, Michiel (57192704359); Agache, Ioana O. (57201020933); Ansótegui, Ignacio Javier (6701538864)","55156315400; 55253648100; 57203909023; 57193561252; 57202277823; 6602589396; 55178477400; 45661083200; 7402527214; 57208574707; 57526330800; 15847298500; 6507765583; 12244811200; 55412658800; 57193526705; 57195422759; 7201760331; 57195425506; 35355799700; 6604023299; 57195635560; 55512188000; 7201733177; 56568052600; 23492386700; 57202985660; 57202978418; 56678662000; 57204420110; 57204694158; 6506815732; 12778353500; 14056134900; 56229296400; 16687865700; 6601993059; 6506294269; 7003647751; 55160889400; 57188672082; 35399985100; 57193002159; 56464138400; 56844903100; 55629754700; 57207781193; 57204415464; 7006421186; 57194529979; 56196020900; 18133374200; 55972415400; 6701815935; 57195523831; 7202522962; 57206617186; 20136431400; 56024696100; 7005088080; 9744229500; 35429595700; 55617900200; 7004554588; 42161838800; 35243739400; 7004531314; 57195414635; 14631330000; 34573947500; 57196490674; 6505921956; 57210951407; 35354006800; 6701791960; 8315152700; 7801624496; 57205068606; 23091137000; 57743157900; 8401439400; 55904196600; 55882117600; 57203105353; 7102663930; 7004215789; 6602446912; 57193984806; 7004294156; 12779894700; 6602359228; 57195460157; 8766379100; 24491429400; 7005126453; 36549506300; 57192695696; 57192704359; 57201020933; 6701538864","Guidance to 2018 good practice: ARIA digitally-enabled, integrated, person-centred care for rhinitis and asthma","2019","Clinical and Translational Allergy","9","1","16","","","10.1186/s13601-019-0252-0","https://www.scopus.com/inward/record.uri?eid=2-s2.0-85062865821&doi=10.1186%2Fs13601-019-0252-0&partnerID=40&md5=7bfb77f31c406168290d26557e8932b0","Aims: Mobile Airways Sentinel NetworK (MASK) belongs to the Fondation Partenariale MACVIA-LR of Montpellier, France and aims to provide an active and healthy life to rhinitis sufferers and to those with asthma multimorbidity across the life cycle, whatever their gender or socio-economic status, in order to reduce health and social inequities incurred by the disease and to improve the digital transformation of health and care. The ultimate goal is to change the management strategy in chronic diseases. Methods: MASK implements ICT technologies for individualized and predictive medicine to develop novel care pathways by a multi-disciplinary group centred around the patients. Stakeholders: Include patients, health care professionals (pharmacists and physicians), authorities, patient's associations, private and public sectors. Results: MASK is deployed in 23 countries and 17 languages. 26,000 users have registered. EU grants (2018): MASK is participating in EU projects (POLLAR: impact of air POLLution in Asthma and Rhinitis, EIT Health, DigitalHealthEurope, Euriphi and Vigour). Lessons learnt: (i) Adherence to treatment is the major problem of allergic disease, (ii) Self-management strategies should be considerably expanded (behavioural), (iii) Change management is essential in allergic diseases, (iv) Education strategies should be reconsidered using a patient-centred approach and (v) Lessons learnt for allergic diseases can be expanded to chronic diseases. © 2019 The Author(s).","App; Asthma; Care pathways; DG Santé; MASK; mHealth; Rhinitis","allergic rhinitis; asthma; budget; clinical pathway; conflict of interest; health care delivery; health education; human; multidisciplinary team; patient care; patient compliance; personalized medicine; pharmacist; physician; practice guideline; priority journal; private sector; public sector; Review; rhinitis; self care","","Review","All Open Access; Gold Open Access; Green Accepted Open Access; Green Final Open Access; Green Open Access","Scopus"
"Schliess, F.; Heise, T.; Benesch, C.; Mianowska, B.; Stegbauer, C.; Broge, B.; Gillard, P.; Binkley, G.; Crône, V.; Carlier, S.; Delval, C.; Petkov, A.; Beck, J.-P.; Lodwig, V.; Gurdała, M.; Szécsényi, J.; Rosenmöller, M.; Cypryk, K.; Mathieu, C.; Renard, E.; Heinemann, L.","Schliess, Freimut (7003932912); Heise, Tim (55629786600); Benesch, Carsten (55258722400); Mianowska, Beata (6602266902); Stegbauer, Constance (55916181000); Broge, Björn (6505933504); Gillard, Pieter G.T. (14627240200); Binkley, George (57205329117); Crône, Véronique (57205333866); Carlier, Sébastien (8522014600); Delval, Cécile (57019783100); Petkov, Anton (57205335391); Beck, Jan Philipp (57205331831); Lodwig, Volker (6507971430); Gurdała, Mikołaj (57205335228); Szécsényi, Joachim (7003801362); Rosenmöller, Magda (57194505472); Cypryk, Katarzyna (7004052956); Mathieu, Chantal (16463757000); Renard, Éric (7006302182); Heinemann, Lutz (7102989649)","7003932912; 55629786600; 55258722400; 6602266902; 55916181000; 6505933504; 14627240200; 57205329117; 57205333866; 8522014600; 57019783100; 57205335391; 57205331831; 6507971430; 57205335228; 7003801362; 57194505472; 7004052956; 16463757000; 7006302182; 7102989649","Artificial Pancreas Systems for People With Type 2 Diabetes: Conception and Design of the European CLOSE Project","2019","Journal of Diabetes Science and Technology","13","2","","261","267","10.1177/1932296818803588","https://www.scopus.com/inward/record.uri?eid=2-s2.0-85059549060&doi=10.1177%2F1932296818803588&partnerID=40&md5=2ff2fb4f7480611fbe84fdc8c0046f91","In the last 10 years tremendous progress has been made in the development of artificial pancreas (AP) systems for people with type 1 diabetes (T1D). The pan-European consortium CLOSE (Automated Glucose Control at Home for People with Chronic Disease) is aiming to develop integrated AP solutions (APplus) tailored to the needs of people with type 2 diabetes (T2D). APplus comprises a product and service package complementing the AP system by obligatory training as well as home visits and telemedical consultations on demand. Outcome predictors and performance indicators shall help to identify people who could benefit most from AP usage and facilitate the measurement of AP impact in diabetes care. In a first step CLOSE will establish a scalable APplus model case working at the interface between patients, homecare service providers, and payers in France. CLOSE will then scale up APplus by pursuing geographic distribution, targeting additional audiences, and enhancing AP functionalities and interconnectedness. By being part of the European Institute of Innovation and Technology (EIT) Health public-private partnership, CLOSE is committed to the EIT “knowledge triangle” pursuing the integrated advancement of technology, education, and business creation. Putting stakeholders, education, and impact into the center of APplus advancement is considered key for achieving wide AP use in T2D care. © 2018 Diabetes Technology Society.","closed-loop; digital health; education; France; homecare; public-private partnership","blood glucose monitoring; clinical trial (topic); disease exacerbation; glucose blood level; glucose clamp technique; glycemic control; health care; health care cost; health care system; hospital admission; human; hypoglycemia; insulin release; insulin resistance; insulin treatment; life cycle; non insulin dependent diabetes mellitus; patient education; postmarketing surveillance; premature aging; quality of life; renal replacement therapy; Review; social isolation; social work; adverse device effect; adverse event; animal; artificial pancreas; blood; devices; drug effect; equipment design; Europe; insulin infusion; metabolism; methodology; stakeholder engagement; treatment outcome; biological marker; Animals; Biomarkers; Blood Glucose; Blood Glucose Self-Monitoring; Diabetes Mellitus, Type 2; Equipment Design; Humans; Insulin Infusion Systems; Pancreas, Artificial; Research Design; Stakeholder Participation; Treatment Outcome","Funding text 1: The management support from Verena Stefanie Peter (Project Manager) and Jakob Haardt (Research & Innovation Manager) from the European Research and Project Office GmbH (EURICE) is greatly acknowledged.; Funding text 2: The management support from Verena Stefanie Peter (Project Manager) and Jakob Haardt (Research & Innovation Manager) from the European Research and Project Office GmbH (EURICE) is greatly acknowledged. The author(s) disclosed receipt of the following financial support for the research, authorship, and/or publication of this article: CLOSE has received funding from the European Institute of Innovation and Technology (EIT). This body of the European Union receives support from the European Union?s Horizon 2020 research and innovation program.; Funding text 3: The author(s) disclosed receipt of the following financial support for the research, authorship, and/or publication of this article: CLOSE has received funding from the European Institute of Innovation and Technology (EIT). This body of the European Union receives support from the European Union’s Horizon 2020 research and innovation program.","Review","All Open Access; Green Accepted Open Access; Green Open Access; Hybrid Gold Open Access","Scopus"
"Altamura, P.; Baiani, S.","Altamura, Paola (57205696737); Baiani, Serena (57205689669)","57205696737; 57205689669","Superuse and upcycling through design: Approaches and tools","2019","IOP Conference Series: Earth and Environmental Science","225","1","012014","","","10.1088/1755-1315/225/1/012014","https://www.scopus.com/inward/record.uri?eid=2-s2.0-85063386521&doi=10.1088%2F1755-1315%2F225%2F1%2F012014&partnerID=40&md5=e8bfe09e85bd6cd2f32632f368998561","In Italy, first EU Country to have made Green Public Procurement (GPP) one hundred per cent mandatory, the recovery of construction and demolition (C&D) waste, the use of recycled materials and design for disassembly have been mandatory in public building projects since 2015. Nevertheless, in Italy, the renovation and substitution of existing buildings, not conceived to be easily deconstructed, generates 53 million tons/year of C&D waste (80% mixed inert waste) while the recovery rate is limited. Since 2012, the research team has been engaged on the increase of resource productivity in the building sector with two focuses. With the Atlante Inerti Project, co-funded by the EIT Climate-KIC, the team has experimented the upcycling of aggregates from the recovery of inert waste in prefab concrete design products for the building and outdoor furniture industries, testing innovative production techniques (large scale additive 3D printing). Simultaneously, the main research focus is the integration of adaptive reuse of buildings with superuse of components and materials: strategies inherent to the preservative Italian approach, complemental and preferable to recycling according to the EU Waste Hierarchy, still underestimated by the Italian legislation. The team has experimented the process of scouting construction/industrial waste materials at the local scale, with the application of the harvest map tool, to complex urban districts in Rome, in order to demonstrate how superuse and upcycling can represent reliable technical options widely replicable on a supply chain scale for increasing resource productivity in the building sector. © Published under licence by IOP Publishing Ltd.","","3D printers; Concrete aggregates; Concrete products; Construction; Ecodesign; Product design; Productivity; Recycling; Supply chains; Construction and demolition; Furniture industry; Production techniques; Public buildings; Public procurement; Recycled materials; Resource productivity; Waste hierarchies; Architectural design","","Conference paper","All Open Access; Gold Open Access; Green Accepted Open Access; Green Open Access","Scopus"
"Lalinde, I.V.; Matti, C.; Panny, J.; Agulló, B.J.","Lalinde, Irene Vivas (58298930600); Matti, Cristian E. (55487202900); Panny, Julia (58298055900); Agulló, Blanca Juan (58298307800)","58298930600; 55487202900; 58298055900; 58298307800","Innovation platforms fostering low-carbon economy resource mobilisation","2019","World Journal of Science, Technology and Sustainable Development","16","3","","142","158","10.1108/WJSTSD-04-2018-0032","https://www.scopus.com/inward/record.uri?eid=2-s2.0-85153818624&doi=10.1108%2FWJSTSD-04-2018-0032&partnerID=40&md5=9b4bf60b100caf5e7e4427ac262a9cff","Purpose – The purpose of this paper is to highlight the potential of innovation platforms to realise SDGs targets by focussing in sustainable innovation process related to infrastructure and industrialisation. Design/methodology/approach – Analysis of different policy documents, reports as well as a series of interviews and participatory processes run in 2016–2017 of the EIT Regional Innovation Scheme programme to prototype a knowledge triangle integration (KTI) index. Findings – Preliminary findings show that EIT Climate-KIC operates as an innovation platform that mobilise resources to increases capabilities for climate innovation. Practical implications – The paper contributes to a better understanding of the complexity of the efforts needed to tackle climate innovation regarding resource mobilisation for KTI processes by focussing on how platforms work in a bottom-up way. Originality/value – Mechanisms and processes that consolidate local knowledge and strengthen relational assets with regards to climate innovation are important for the realisation of some of the 169 targets of the 2030 Agenda. © Emerald Publishing Limited.","Climate change; Community of practices; European regions; Innovation platforms; Regional innovation; Sustainable Development Goals","","","Article","","Scopus"
"Kauppila, T.; Bellenfant, G.; Solismaa, L.; Mittelstädt, P.","Kauppila, Tommi (7004967489); Bellenfant, G. (57247153100); Solismaa, Lauri (57090880800); Mittelstädt, Philip (57247802000)","7004967489; 57247153100; 57090880800; 57247802000","Digitalisation of continuous mine closure planning and management: An EIT RawMaterials initiative","2019","Proceedings of the International Conference on Mine Closure","2019-September","","","1023","1030","10.36487/ACG_rep/1915_81_Kauppila","https://www.scopus.com/inward/record.uri?eid=2-s2.0-85114324892&doi=10.36487%2FACG_rep%2F1915_81_Kauppila&partnerID=40&md5=1fcb2f5eaf49571096fb29f3b64e8225","The current paradigm in mine closure is continuous, or progressive, mine closure, which is the industry standard for best closure outcomes. However, this is a complex management challenge because mine closure is a long, evolving process that can be hampered by changes in ownership and management. It involves external stakeholders, and the jointly planned post-closure land uses influence all closure plans and actions. Closure is also an official process with regulatory requirements and financial sureties. Continuous closure also means continuous reduction of unknowns, risks and (financial) liabilities. Therefore, the constant accumulation of data and plans and the whole process need to be well documented. Such a complex undertaking needs tools that help in managing the process. We must take this beyond the conventional closure management plans (CMPs) written on paper to a digital system with enhanced capabilities for continuous closure management. At the same time, the authorities are going digital. Some European Union Member States and other countries around the world have set up, and are pursuing, e-government initiatives that are designed to help interaction with the authorities when applying for permits and licences, and submitting environmental impact assessments, etc. (EIAs) (e.g. the digital permit process management system in Germany called BergPass). This also concerns mining projects and the closure of mines. This development also means that CMPs need to comply with these systems, which also emphasises the need for digital closure management systems such as Closurematic: Management Tool for Continuous Mine Closure. The Closurematic project (2018-2021), funded by the European Institute of Innovation and Technology on RawMaterials (EIT RM), is creating a new digital system for managing the mine closure process. Closurematic is a versatile digital tool to help mining companies and consultants plan, carry out, manage, monitor, communicate, and document mine closure at every step of a mining project. The tool adds value to a mining company's assets by creating continuity in the long-term management of closure-related data. Its main functions will include an easily adaptable master plan (using tailored templates), extended interactive guidance to help the user, links to the best international practices, a geographic information system (GIS) interface, a file repository to store documents relating to the closure, and interactive tables and charts to monitor the closure actions and associated costs. © 2019 Australian Centre for Geomechanics.All right reserved.","Continuous closure; Digitalisation; Mine closure; Progressive closure; Software","","Funding text 1: The Closurematic project (2018–2021), funded by the European Institute of Innovation and Technology on RawMaterials (EIT RM), is creating a new digital system for managing the mine closure process. Closurematic is a versatile digital tool to help mining companies and consultants plan, carry out, manage, monitor, communicate, and document mine closure at every step of a mining project. The tool adds value to a mining company’s assets by creating continuity in the long-term management of closure-related data. Its main functions will include an easily adaptable master plan (using tailored templates), extended interactive guidance to help the user, links to the best international practices, a geographic information system (GIS) interface, a file repository to store documents relating to the closure, and interactive tables and charts to monitor the closure actions and associated costs.; Funding text 2: The Closurematic project is funded by the EIT RM (grant 17032).","Conference paper","All Open Access; Bronze Open Access","Scopus"
"Mezga, K.; Vrhovnik, P.; Šolaja, D.; Gullon, L.; Pranjić, A.M.; Uriarte, A.G.","Mezga, Kim (55270353900); Vrhovnik, Petra (54413264700); Šolaja, Dragana (57212308031); Gullon, Lidia (57226115683); Pranjić, Alenka Mauko (26032219700); Uriarte, Ainara Garcia (57218919277)","55270353900; 54413264700; 57212308031; 57226115683; 26032219700; 57218919277","EXPLORE THE BRIEFCASE - LEARNING ABOUT RAW MATERIALS THROUGH NON-CONVENTIONAL TEACHING TOOLS","2019","Geologica Macedonica","33","2","","159","166","","https://www.scopus.com/inward/record.uri?eid=2-s2.0-85110431346&partnerID=40&md5=84118ef91e244c8892486ee80af5a123","We live in a material world where the markets are flooded with all kinds of products. At the same time, we are facing a population growth, as well as a product demand growth. But, are we aware of the raw materials needed for our favourite daily products? In which part of the world are they extracted? Do we recognize the value chains from the mine to the product? And, where do these products end up after we use them? Many school curriculums include this topic only briefly, thus there is a need to raise awareness among youngsters about mining and raw materials in general. EIT RawMaterials funded by the European Commission, is the largest community dealing with raw materials in Europe. One of its main objectives is to raise awareness among general public about the raw materials and their indispensability, about the consequences of their uses, about the mining and production systems as well as about the utilization and recycling. Innovative and attractive pathways are employed in the process. One of the projects bringing raw materials and mining closer to pupils is the BRIEFCASE project. Using non-conventional teaching methods, tools and guided workshops, the project provides pupils with a unique hands-on experience. It draws their attention to raw materials and their applications and helps pupils recognize minerals in products we use every day. Besides emphasizing the importance of minerals in our everyday life and addressing sensible issues like conflict minerals, the consequences of our purchase decisions, the sustainability of mining operations and their environmental implications are also presented. © 2019, Goce Delchev University of Shtip. All rights reserved.","BRIEFCASE project; EIT RawMaterials; Minerals; Non-conventional teaching tools; Raising awareness; Sustainability","","Acknowledgements. This paper was prepared in the frame-work of activities within the BRIEFCASE project – Learning the uses of minerals through non-conventional teaching tools. This 15 months long project (1. 10. 2018 – 31. 12. 2019) is funded by European Union funds under the EIT Raw Material. Authors would like to thank reviewers for their careful reading of the paper and their valuable comments and suggestions to improve the paper. Disclaimer The content of this paper does not reflect the official opinion of the European Union. Responsibility for the information and views expressed therein lies entirely with the authors.","Article","","Scopus"
"Löfström, E.; Klöckner, C.A.","Löfström, Erica (25635855000); Klöckner, Christian Andreas (6603963589)","25635855000; 6603963589","Nature in your face: Framing Co-creative visioning","2019","Eceee Summer Study Proceedings","2019-June","","","61","70","","https://www.scopus.com/inward/record.uri?eid=2-s2.0-85085166922&partnerID=40&md5=98727f10e200a48829c140f3e9c9510b","More and more experts are explicitly talking about the need to limit consumption, on both an individual and a societal level. It is time for a shift away from the current path of nudging us into new consumption patterns without it requiring major changes in our way of life. Eco visualization, or eco-feedback, has proven useful in helping individuals to act in accordance with their (pro-) environmental values/identities. The project Nature in Your Face (NiYF) develops a versatile methodology for participation designed to help us take a leap forward and mobilize communities and resources in solving pressing issues. NiYF uses eco-visualizations to reconnect humans with the eco-system. At the core of the methodology lies the idea of challenging our current way of doing things by confronting us with nature, or representations thereof, accentuating our dependence on it. By using art inspired, technology supported eco-visualizations that wilfully put us out of our comfort zone, we stimulate creativity, debate and engagement. In order to not only create discomfort and question the current status quo, this confrontative approach is part of a structured three step process that is designed to harvest engagement, and open up for innovation and creativity, and finding new ways of doing things. This paper describes the first NiYF case, Kristiansund, where the methodology has been used in a Climate-KIC funded ideator-project to support an ambition of plastic-neutrality. The methodology consists of three interdependent pillars to develop the future city together: 1) Framing, 2) Twisting, and 3) Using. The first pillar involves a confrontation or challenge addressing the problem to be solved. In Kristiansund, this challenge was “the growing amount of plastic in the ocean”, while thematically framing it to specific practices or contexts. The second pillar opens up for co-creative visioning in which alternative ways of doing things are developed. In Kristiansund, this was kick-started by presenting potential radical changes in local conditions, such as local plastic-bans (twisting) in each of these practices and contexts. The final pillar involves testing these ideas and concepts in practice (using). Using Kristiansund as test case, this paper demonstrates how the NiYF methodology offers a framework for helping communities to mobilize resources, unlock innovation potential and support cooperation between municipalities, citizens and (local) businesses in solving pressing issues in their community. The case has been used to fine-tune the methodology and to establish a proof of concept of the NiYF methodology. It provides a new approach to meet the challenges of creating a future (city) that invites citizens to experiment, explore and debate together with municipalities, universities and businesses. © 2019 European Council for an Energy Efficient Economy. All rights reserved.","Eco-visualization; Participation","Economic and social effects; Visualization; Consumption patterns; Creatives; Current paths; Eco feedbacks; ECO systems; Eco visualizations; Environmental values; Participation; Pressung; Value identity; Energy efficiency","","Conference paper","","Scopus"
"Conforto, R.","Conforto, Roberto (57214100947)","57214100947","WSX-European waste services exchange, instrument to start the transition towards circular economy","2019","Procedia Environmental Science, Engineering and Management","6","1","","61","71","","https://www.scopus.com/inward/record.uri?eid=2-s2.0-85078076229&partnerID=40&md5=9adbc41a75ffddb84edab8e016e5ea26","The WSX BM project, developed under the Climate-KIC's Pathfinder Programme, aims to test and validate the basic assumption of the WSX project, namely the existence of a ""market gap"" of international scope to which to respond, in order to stimulate the circular economy, with the construction of an innovative platform that facilitates the meeting between supply and demand for services dedicated to waste recovery. The integration of the stock exchange platform with the most advanced information technologies (rule engine, machine learning, blockchain etc.), will lead to the creation of an innovative expert system that facilitates the meeting between the demand and the complex and articulated world of supply and availability of services necessary for proper waste management. The system, designed to automatically create multi-service offer prices for each request, even by different operators for a single transaction and thus give rise to a complete multi-service response to market demands, will also allow the preparation of the documentation required by EU legislation, to trace the various stages of implementation for transparency and to communicate the mandatory data to the bodies responsible for control. WSX BM Pathfinder project aims to test and validate the existence of the market gap identified by the WSX. © 2019 National Society of Environmental Science and Engineering (SNSIM).","Block chain; Circular economy; Machine learning; Raw material; Rule engine; Waste recovery; Waste recycling; Waste services regulated market","","","Article","","Scopus"
"Bousquet, J.; Schunemann, H.J.; Togias, A.; Erhola, M.; Hellings, P.W.; Zuberbier, T.; Agache, I.; Ansótegui, I.J.; Antò, J.M.; Bachert, C.; Becker, S.; Bedolla-Barajas, M.; Bewick, M.; Bosnic-Anticevich, S.; Boss̈e, I.; Boulet, L.P.; Bourrez, J.M.; Brusselle, G.; Chavannes, N.H.; Costa, E.; Cruz, A.A.; Czarlewski, W.; Fokkens, W.J.; Fonseca, J.; Gaga, M.; Haahtela, T.; Illario, M.; Klimek, L.; Kuna, P.; Kvedariene, V.; Lan, L.T.T.; Larenas-Linnemann, D.; Laune, D.; Lourenço, O.; Menditto, E.; Mullol, J.; Okamoto, Y.; Papadopoulos, N.G.; Pham-Thi, N.; Picard, R.; Pinnock, H.; Roche, N.; Roller-Wirnsberger, R.E.; Rolland, C.; Samoliński, B.; Sheikh, A.; Toppila-salmi, S.; Tsiligianni, I.G.; Valiulis, A.; Valovirta, E.; Vasankari, T.; Ventura, M.T.; Walker, S.; Williams, S.; Akdiş, C.A.; Annesi-Maesano, I.; Arnavielhe, S.; Basagana, X.; Bateman, E.; Bedbrook, A.; Bennoor, K.S.; Benveniste, S.; Bergmann, K.C.; Bialek, S.; Billo, N.; Bindslev-Jensen, C.; Bjermer, L.; Blain, H.; Bonini, M.; Bonniaud, P.; Bouchard, J.; Briedis, V.; Brightling, C.E.; Brožek, J.; Buhl, R.; Buonaiuto, R.; Canonica, G.W.; Cardona, V.; Carriazo, A.M.; Carr, W.; Cartier, C.; Casale, T.; Cecchi, L.; Cepeda Sarabia, A.M.; Chkhartishvili, E.; Chu, D.K.; Cingi, C.; Colgan, E.; de Sousa, J.C.; Courbis, A.L.; Custovic, A.; Cvetkosvki, B.; D'Amato, G.; da Silva, J.; Dantas, C.; Dokić, D.; Dauvilliers, Y.; Dedeu, A.; De Feo, G.; Devillier, P.","Bousquet, Jean J. (55156315400); Schunemann, Holger J. (7005126453); Togias, Alkis G. (7006101314); Erhola, Marina L. (6602591661); Hellings, Peter William (7004215789); Zuberbier, Thorsten (7004554588); Agache, Ioana O. (57201020933); Ansótegui, Ignacio Javier (6701538864); Antò, Josep María (56196020900); Bachert, Claus (7102663930); Becker, Sven (56024696100); Bedolla-Barajas, M. (36112710100); Bewick, Michael (56624195200); Bosnic-Anticevich, Sinthia Zrinka (7801624496); Boss̈e, Isabelle (6506294269); Boulet, Louis Philippe (57195460157); Bourrez, Jean Marc (57211199529); Brusselle, Guy G. (6602446912); Chavannes, N. Henrik (6604023299); Costa, Elísio Sbardellotto Mariano Da (7402527214); Cruz, Álvaro Augusto (55512188000); Czarlewski, Wienczyslawa (57203909023); Fokkens, Wytske Johanna (35355799700); Fonseca, João Almeida (45661083200); Gaga, Mina (34770698800); Haahtela, Tari M.K. (7004531314); Illario, Maddalena (6507765583); Klimek, Ludger (7005088080); Kuna, P. B. (7006421186); Kvedariene, Violeta (14056134900); Lan, Thi Tuyet Tuyet (55570089700); Larenas-Linnemann, Désirée E.S. (23492386700); Laune, Daniel (6602589396); Lourenço, Olga (57208574707); Menditto, Enrica (12244811200); Mullol, Joaquim (55972415400); Okamoto, Yashitaka (57211783510); Papadopoulos, N. G. (35354006800); Pham-Thi, Nhân (57193002159); Picard, Robert (56844903100); Pinnock, Hilary J. (6701815935); Roche, Nicolas (55629754700); Roller-Wirnsberger, Regina Elisabeth (42161838800); Rolland, Christine (57207781193); Samoliński, Bolesław Krzysztof (57194529979); Sheikh, Aziz (7202522962); Toppila-salmi, Sanna Katriina (14631330000); Tsiligianni, Ioanna G. (8315152700); Valiulis, Arũnas (57204694158); Valovirta, Erkka Juhani (34573947500); Vasankari, Tuula M. (57196490674); Ventura, M. T. (7201760331); Walker, Samantha M. (57206617186); Williams, Siân (20136431400); Akdiş, Cezmi A. A. (7007154667); Annesi-Maesano, Isabella I. (56229296400); Arnavielhe, Sylvie (57202277823); Basagana, X. (55887724000); Bateman, E. D. (7005609363); Bedbrook, Anna (55253648100); Bennoor, Kazi Saifuddin (6507273839); Benveniste, Samuel (57188657496); Bergmann, Karl Christian (35429595700); Bialek, Slawomir (8316050800); Billo, Nils Eric (6701687515); Bindslev-Jensen, Carsten (7004294156); Bjermer, Leif Hilding (7006321601); Blain, Hubert (16687865700); Bonini, Matteo (55751094200); Bonniaud, Philippe (6601993059); Bouchard, Jacques (8766379100); Briedis, Vitalis (12773175800); Brightling, Christopher Edward (54790515400); Brožek, Jan L. (7006414322); Buhl, Roland (7102764917); Buonaiuto, Roland (57195422057); Canonica, Giorgio Walter (55412658800); Cardona, Victoria (18133374200); Carriazo, Ana Maria (56562887300); Carr, Warner W. (8979432000); Cartier, Christine (57195424308); Casale, T. Bruce (7005524902); Cecchi, Lorenzo (57193526705); Cepeda Sarabia, Alfonso Mario (56313440700); Chkhartishvili, Ekaterine (57201505952); Chu, Derek K. (24491429400); Cingi, Cemal (6507661698); Colgan, Elaine (57195421478); de Sousa, Jaime Correia (57225120098); Courbis, Anne Lise (6506967196); Custovic, Adnan (7006755479); Cvetkosvki, Biljana (57211201480); D'Amato, Gennaro (7102679603); da Silva, Jane (7201733177); Dantas, Carina (57208047101); Dokić, Dejand (6603576505); Dauvilliers, Yves A. (7003647751); Dedeu, Antoni (56575146700); De Feo, Giulia (57195425506); Devillier, Philippe (55160889400)","55156315400; 7005126453; 7006101314; 6602591661; 7004215789; 7004554588; 57201020933; 6701538864; 56196020900; 7102663930; 56024696100; 36112710100; 56624195200; 7801624496; 6506294269; 57195460157; 57211199529; 6602446912; 6604023299; 7402527214; 55512188000; 57203909023; 35355799700; 45661083200; 34770698800; 7004531314; 6507765583; 7005088080; 7006421186; 14056134900; 55570089700; 23492386700; 6602589396; 57208574707; 12244811200; 55972415400; 57211783510; 35354006800; 57193002159; 56844903100; 6701815935; 55629754700; 42161838800; 57207781193; 57194529979; 7202522962; 14631330000; 8315152700; 57204694158; 34573947500; 57196490674; 7201760331; 57206617186; 20136431400; 7007154667; 56229296400; 57202277823; 55887724000; 7005609363; 55253648100; 6507273839; 57188657496; 35429595700; 8316050800; 6701687515; 7004294156; 7006321601; 16687865700; 55751094200; 6601993059; 8766379100; 12773175800; 54790515400; 7006414322; 7102764917; 57195422057; 55412658800; 18133374200; 56562887300; 8979432000; 57195424308; 7005524902; 57193526705; 56313440700; 57201505952; 24491429400; 6507661698; 57195421478; 57225120098; 6506967196; 7006755479; 57211201480; 7102679603; 7201733177; 57208047101; 6603576505; 7003647751; 56575146700; 57195425506; 55160889400","Next-generation ARIA care pathways for rhinitis and asthma: A model for multimorbid chronic diseases","2019","Clinical and Translational Allergy","9","1","44","","","10.1186/s13601-019-0279-2","https://www.scopus.com/inward/record.uri?eid=2-s2.0-85072991649&doi=10.1186%2Fs13601-019-0279-2&partnerID=40&md5=5c249e8b8f60c9b7849b936426557c44","Background: In all societies, the burden and cost of allergic and chronic respiratory diseases are increasing rapidly. Most economies are struggling to deliver modern health care effectively. There is a need to support the transformation of the health care system into integrated care with organizational health literacy. Main body: As an example for chronic disease care, MASK (Mobile Airways Sentinel NetworK), a new project of the ARIA (Allergic Rhinitis and its Impact on Asthma) initiative, and POLLAR (Impact of Air POLLution on Asthma and Rhi-nitis, EIT Health), in collaboration with professional and patient organizations in the field of allergy and airway diseases, are proposing real-life ICPs centred around the patient with rhinitis, and using mHealth to monitor environmental exposure. Three aspects of care pathways are being developed: (i) Patient participation, health literacy and self-care through technology-assisted ""patient activation"", (ii) Implementation of care pathways by pharmacists and (iii) Next-generation guidelines assessing the recommendations of GRADE guidelines in rhinitis and asthma using real-world evidence (RWE) obtained through mobile technology. The EU and global political agendas are of great importance in supporting the digital transformation of health and care, and MASK has been recognized by DG Santé as a Good Practice in the field of digitally-enabled, integrated, person-centred care. Conclusion: In 20 years, ARIA has considerably evolved from the first multimorbidity guideline in respiratory diseases to the digital transformation of health and care with a strong political involvement. © The Author(s) 2019.","ARIA; Care pathways; Health care transformation; MASK; POLLAR; Rhinitis","allergy; asthma; environmental exposure; health care; health care planning; health literacy; human; medical society; multiple chronic conditions; online system; pharmacist; practice guideline; priority journal; Review; rhinitis; self care","Partly funded by POLLAR (Impact of Air POLLution on Asthma and Rhinitis, EIT Health), and ARIA.","Review","All Open Access; Gold Open Access; Green Accepted Open Access; Green Final Open Access; Green Open Access","Scopus"
"Tisaire, J.E.; Rodrigo, E.M.; Ribeiro, S.; Ricci, M.; Cuellar, J.S.; Zeugolis, D.; Bayon, Y.; Rocha, I.","Tisaire, Jordi Escuder (57208389618); Rodrigo, Elena Martín (57208393837); Ribeiro, Sofia Pereira (57194114743); Ricci, Mariachiara (57203430490); Cuellar, Juan Sebastian (57201447030); Zeugolis, D. I. (23669892300); Bayon, Yves (16164863800); Rocha, Isabel (55942682700)","57208389618; 57208393837; 57194114743; 57203430490; 57201447030; 23669892300; 16164863800; 55942682700","Concept design of a new portable medical device for lymphedema monitoring: A eit health clinmed summer school project","2019","","","","","611","620","10.5220/0007696706110620","https://www.scopus.com/inward/record.uri?eid=2-s2.0-85064687919&doi=10.5220%2F0007696706110620&partnerID=40&md5=7edc4bb72b9f38bcf3fc97324ef5db76","Lymphedema is a chronic and progressive condition derived from impaired lymphatic system function. Lymphedema is incurable, progressive, disfiguring, disabling and has adverse psychosocial effects. Upper extremity lymphedema is mainly the consequence of breast cancer surgery. Several methods to diagnose lymphedema exist; however, these diagnoses are performed once the disease is already close to an advanced, irreversible stage. There is a need to monitor patients at risk with an efficient device. To solve this unmet need, we propose a portable home-monitoring device for early diagnosis of lymphedema. This paper explores all the aspects of the development of a new medical device, such as the assessment of the clinical need and the state of the art, the specifications for the solution, the definition of the broad outlines of the development plan and some considerations about the usability, the risk analysis, the market and the competitors. © 2019 by SCITEPRESS - Science and Technology Publications, Lda. All rights reserved.","Bioimpendance; Breast Cancer; Lymphedema; Screening; Self-Monitoring","Biomedical engineering; Diagnosis; Diseases; Patient monitoring; Risk analysis; Risk assessment; Screening; Bioimpendance; Breast Cancer; Development plans; Lymphatic systems; Lymphedema; Portable medical device; Psycho-social effects; Self-monitoring; Medical informatics","","Conference paper","All Open Access; Gold Open Access","Scopus"
"Ribeiro, S.; Ricci, M.; Von Der Lieth, A.; Bayon, Y.; Zeugolis, D.; Pelayo, S.; Marque, I.; Pazart, L.","Ribeiro, Sofia Pereira (57194114743); Ricci, Mariachiara (57203430490); Von Der Lieth, Albert (57208396045); Bayon, Yves (16164863800); Zeugolis, D. I. (23669892300); Pelayo, Sylvia (8439894300); Marque, Isabelle (57208389860); Pazart, Lionel Henri (7003886372)","57194114743; 57203430490; 57208396045; 16164863800; 23669892300; 8439894300; 57208389860; 7003886372","Empowering translation of new ideas - A EIT health clinmed summer school overview","2019","","","","","603","610","10.5220/0007696606030610","https://www.scopus.com/inward/record.uri?eid=2-s2.0-85064663378&doi=10.5220%2F0007696606030610&partnerID=40&md5=913607fa0a1458248cf0f1bbc9bddaa8","Translational research training is crucial to convert academic research ideas into efficient real-life solutions. In this paper a summer school supported by EIT Health is presented. Its main goal is to integrate clinical knowledge in the development of new medical devices, from ideas to post-market approval, in the clinics. Students were immersed in clinical centres where they had close contacts and engaged discussions with clinicians and patients to identify and assimilate clinical unmet needs. From this immersive stage resulted innovative solutions that were further investigated with the support of plenary lectures and by interaction with experts of the medical field, from clinicians to Medtech company representatives. This experience proved to have a positive impact on the student's understanding of the clinical development life cycle from research findings or new ideas into medical devices. © 2019 by SCITEPRESS - Science and Technology Publications, Lda. All rights reserved.","ClinMed Summer School; EIT Health; Innovation by Design; Medical Device; Training","Biomedical engineering; Clinical research; Health care; Life cycle; Personnel training; Academic research; Clinical development; Clinical knowledge; Innovative solutions; Medical Devices; Real-life solutions; Summer school; Translational Research; Medical informatics","This work received funding from EIT-Health campus call (Project Grant Agreement n°18497).","Conference paper","All Open Access; Gold Open Access","Scopus"
"Georgiadis, T.; Nardino, M.; Cremonini, L.; Carbone, C.; Zanini, G.; Ciancarella, L.; Piersanti, A.; Villani, M.","Georgiadis, Teodoro (7003532404); Nardino, Marianna (6602621536); Cremonini, Letizia (57204726711); Carbone, C. (35228452800); Zanini, Gabriele (6603692014); Ciancarella, Luisella (6507808452); Piersanti, Antonio (6701726516); Villani, M. (57204721608)","7003532404; 6602621536; 57204726711; 35228452800; 6603692014; 6507808452; 6701726516; 57204721608","URBESS - Nature based assessment tool for smart and sustainable urban planning","2018","Acta Horticulturae","1215","","","77","80","10.17660/ActaHortic.2018.1215.14","https://www.scopus.com/inward/record.uri?eid=2-s2.0-85056876568&doi=10.17660%2FActaHortic.2018.1215.14&partnerID=40&md5=0f222d3a3c7b65f082c851518ad2b9ce","The focus of the URBESS Pathfinder Project is to investigate the feasibility of a service based on the integration of a suite of existing software tools that simulate the adoption of nature based solutions - specifically green infrastructure - in urban areas and estimate the multiple impacts and multidisciplinary interactions, with the aim at setting priorities for a more effective urban planning. The innovative aspect is the contemporaneous application of the three software packages to be integrated for a systemic approach with the aim at supporting and strengthening the confidence of urban planners and construction enterprises in making new sustainable interventions in the urban texture. The main goals of the project were: 1) to conduct a market scan to study and analyze in detail, opportunities, barriers, risks, competitors that the proposed approach/product can face on the market. Desk research, 1-to-1 meeting and a survey will be arranged in order to engage potential clients and stakeholders (i.e., city decision makers, urban planners, architects, water engineers) and collect feedback and directions to take into account in the development of the service according to the market needs. The study will be focused on Italy but also European city decision makers and urban planners will be engaged exploiting the Climate-KIC connections of the Urban Transition Theme network; 2) to make a strategic analysis by adopting the PEST&SWOT tool for understanding and reviewing the perceptions and crucial aspects obtained as outputs from all the aforementioned activities and by, finally, drawing a preliminary business model prior to making further decisions about the development and implementation of the service. © ISHS.","Adaptation plans; City resilience; Regeneration","","","Conference paper","","Scopus"
"Hernandez, L.; Merino, B.; Fico, G.; Alonso, M.; Rodríguez, M.J.; Ortuo-Soriano, I.; Fernández-Del-Palacio, E.; Fernanda Cabrera-Umpiérrez, M.F.C.; Seara, G.; Arredondo, M.T.","Hernandez, Liss (56347730300); Merino, Beatriz (57204680339); Fico, Giuseppe (16174738100); Alonso, Maria (57212427296); Rodríguez, Maria José Garica (57197402035); Ortuo-Soriano, Ismael (57204664185); Fernández-Del-Palacio, Encarnación (55940142200); Fernanda Cabrera-Umpiérrez, María Fernanda (23395830400); Seara, G. (6603288139); Arredondo, María Teresa (7005758135)","56347730300; 57204680339; 16174738100; 57212427296; 57197402035; 57204664185; 55940142200; 23395830400; 6603288139; 7005758135","Definition and representation of a process to engineer a multi-user information management application for continuity of care","2018","Annual International Conference of the IEEE Engineering in Medicine and Biology - Proceedings","2018-July","","8513368","4069","4072","10.1109/EMBC.2018.8513368","https://www.scopus.com/inward/record.uri?eid=2-s2.0-85056636537&doi=10.1109%2FEMBC.2018.8513368&partnerID=40&md5=f5c3fb5c7294c690042df2cc8c9eacbc","This article describes the procedure of definition and design of a process for the continuity care unit to improve the attention to the patient and his/her ecosystem providing a novel alternative to the conventional methods. This work was done under the framework of the MiniQ project, funded by EIT Health to improve the management of poly-medicated patients. © 2018 IEEE.","","ecosystem; female; human; information system; male; patient care; Continuity of Patient Care; Ecosystem; Female; Humans; Information Management; Male","Funding text 1: ACKNOWLEDGMENT Thanks to all the people and the Innovation Unit of Instituto de Investigación Sanitaria San Carlos (IdISSC) from Hospital Clínico San Carlos in Madrid Spain who have actively collaborated to make this process possible. This project has been executed under the framework of the MiniQ project, funded by the EIT-Health.; Funding text 2: Abstract— This article describes the procedure of definition and design of a process for the continuity care unit to improve the attention to the patient and his/her ecosystem providing a novel alternative to the conventional methods. This work was done under the framework of the MiniQ project, funded by EIT Health to improve the management of poly-medicated patients.; Funding text 3: *Research supported by MiniQ Project, EIT Health, EC. L.H, B.M, G.F, M.F.C. and M.T.A are with the Universidad Politécnica de Madrid. (e-mail: bmerino@lst.tfo.upm.es, lhernandez@lst.tfo.upm.es, gfico@lst.tfo.upm.es, chiqui@lst.tfo.upm.es, mta@lst.tfo.upm.es). M.A and M.J.R. are with the Nursing Continuity of Care Unit of Hospital Clínico San Carlos. Madrid. Spain (e-mail: macasasus@salud.madrid.org, mrmachuca@salud.madrid.org).","Conference paper","","Scopus"
"Bousquet, J.; Antò, J.M.; Annesi-Maesano, I.; Dedeu, T.; Dupas, E.; Pépin, J.L.; Eyindanga, L.S.Z.; Arnavielhe, S.; Ayache, J.; Basagana, X.; Benveniste, S.; Venturos, N.C.; Chan, H.K.; Cheraitia, M.; Dauvilliers, Y.; Garcia-Aymerich, J.; Jullian-Desayes, I.; Dinesh, C.; Laune, D.; Dac, J.L.; Nujurally, I.; Pau, G.; Picard, R.; Rodó, X.; Tamisier, R.; Bewick, M.; Billo, N.; Czarlewski, W.; Fonseca, J.; Klimek, L.; Pfaar, O.; Bourez, J.-M.","Bousquet, Jean J. (55156315400); Antò, Josep María (56196020900); Annesi-Maesano, Isabella I. (56229296400); Dedeu, Toni (57208367335); Dupas, Eve (57202071359); Pépin, Jean Louis D. (35399985100); Eyindanga, Landry Stephane Zeng (57203912158); Arnavielhe, Sylvie (57202277823); Ayache, Julia (57203915846); Basagana, X. (55887724000); Benveniste, Samuel (57188657496); Venturos, Nuria Calves (57203921178); Chan, Hing Kin (57203920250); Cheraitia, Mehdi (57203912959); Dauvilliers, Yves A. (7003647751); Garcia-Aymerich, Judith M. (6603421917); Jullian-Desayes, Ingrid (56527368100); Dinesh, Chitra (57203921203); Laune, Daniel (6602589396); Dac, Jade Lu (57203913727); Nujurally, Ismael (57203909706); Pau, Giovanni (55386607600); Picard, Robert (56844903100); Rodó, Xavier (6602555283); Tamisier, Renaud (6601974715); Bewick, Michael (56624195200); Billo, Nils Eric (6701687515); Czarlewski, Wienczyslawa (57203909023); Fonseca, João Almeida (45661083200); Klimek, Ludger (7005088080); Pfaar, Oliver (9744229500); Bourez, Jean Marc (57203918587)","55156315400; 56196020900; 56229296400; 57208367335; 57202071359; 35399985100; 57203912158; 57202277823; 57203915846; 55887724000; 57188657496; 57203921178; 57203920250; 57203912959; 7003647751; 6603421917; 56527368100; 57203921203; 6602589396; 57203913727; 57203909706; 55386607600; 56844903100; 6602555283; 6601974715; 56624195200; 6701687515; 57203909023; 45661083200; 7005088080; 9744229500; 57203918587","POLLAR: Impact of air POLLution on Asthma and Rhinitis; A European Institute of Innovation and Technology Health (EIT Health) project","2018","Clinical and Translational Allergy","8","1","36","","","10.1186/s13601-018-0221-z","https://www.scopus.com/inward/record.uri?eid=2-s2.0-85053499354&doi=10.1186%2Fs13601-018-0221-z&partnerID=40&md5=c0c54e871516c77b7bba0d4a1ee45172","Allergic rhinitis (AR) is impacted by allergens and air pollution but interactions between air pollution, sleep and allergic diseases are insufficiently understood. POLLAR (Impact of air POLLution on sleep, Asthma and Rhinitis) is a project of the European Institute of Innovation and Technology (EIT Health). It will use a freely-existing application for AR monitoring that has been tested in 23 countries (the Allergy Diary, iOS and Android, 17,000 users, TLR8). The Allergy Diary will be combined with a new tool allowing queries on allergen, pollen (TLR2), sleep quality and disorders (TRL2) as well as existing longitudinal and geolocalized pollution data. Machine learning will be used to assess the relationship between air pollution, sleep and AR comparing polluted and non-polluted areas in 6 EU countries. Data generated in 2018 will be confirmed in 2019 and extended by the individual prospective assessment of pollution (portable sensor, TLR7) in AR. Sleep apnea patients will be used as a demonstrator of sleep disorder that can be modulated in terms of symptoms and severity by air pollution and AR. The geographic information system GIS will map the results. Consequences on quality of life (EQ-5D), asthma, school, work and sleep will be monitored and disseminated towards the population. The impacts of POLLAR will be (1) to propose novel care pathways integrating pollution, sleep and patients' literacy, (2) to study sleep consequences of pollution and its impact on frequent chronic diseases, (3) to improve work productivity, (4) to propose the basis for a sentinel network at the EU level for pollution and allergy, (5) to assess the societal implications of the interaction. MASK paper N°32. © 2018 The Author(s).","Asthma; Climate change; mHealth; Pollen; Pollution; Rhinitis","allergen; air pollution; allergic disease; allergic rhinitis; asthma; chronic disease; disease association; disease severity; education; European; geographic information system; geographic mapping; geology; human; machine learning; patient; patient monitoring; priority journal; productivity; quality of life; Review; school; sleep; sleep disorder; sleep disordered breathing; sleep quality; symptom; work","JB reports personal fees and other from Chiesi, Cipla, Hikma, Menarini, Mundipharma, Mylan, Novartis, Sanofi‑Aventis, Takeda, Teva, Uriach, other from Kyomed, outside the submitted work. JB is co‑Editor‑in‑Chief of Clini‑ cal and Translational Allergy and was excluded from the editorial and peer review processes for this article. OP reports grants and personal fees from ALK‑Abelló, Allergopharma, Stallergenes Greer, HAL Allergy Holding B.V./HAL Allergie GmbH, Bencard Allergie GmbH/Allergy Therapeutics, Lofarma, Biotech Tools S.A, Laboratorios LETI/LETI Pharma, Anergis S.A.; grants from Biomay, Nuvo, Circassia, Glaxo Smith Kline; personal fees from Novartis Pharma, MEDA Pharma, Mobile Chamber Experts (a GA2LEN Partner), Pohl‑Boskamp, Indoor Biotechnologies, grants from, outside the submitted work.","Review","All Open Access; Gold Open Access; Green Accepted Open Access; Green Open Access","Scopus"
"León, G.; Leceta, J.M.; Tejero, A.","León, Gonzalo (7102863346); Leceta, José Manuel (57202060677); Tejero, Alberto (57202057062)","7102863346; 57202060677; 57202057062","Impact of the EIT in the creation of an open educational ecosystem: UPM experience","2018","International Journal of Innovation Science","10","2","","178","206","10.1108/IJIS-09-2017-0090","https://www.scopus.com/inward/record.uri?eid=2-s2.0-85047015338&doi=10.1108%2FIJIS-09-2017-0090&partnerID=40&md5=f2755d6815ea9f2623072c13799a41d1","Purpose: This paper aims to present an impact analysis in the educational dimension of the European Institute of Innovation and Technology (EIT) and specifically on its “knowledge and innovation community” (KIC), focused on the information and communications technology sector named “EIT Digital” in the university field. Design/methodology/approach: After reviewing the current situation on education in ICT-related engineering and the need to address new professional profiles and/or complement the current ones to increase the value of the new professionals in a globalised society, the principles behind the EIT model are analysed, taking the experience accumulated in EIT Digital as a basis for discussion at master level. Findings: The conceptual framework on “what” and “how” of the EIT described from the educational perspective constituted sound bases for ensuring the value of the EIT KICs as drivers for institutional innovation and structural reform. As the practical experience of Universidad Politécnica de Madrid (UPM) shows, the policy experimentation space provided by EIT Digital has acted as an internal transformation driver for European universities. It has played a key role to accelerate structural reforms once partner universities assumed the need of modifying or reinterpreting “any internal regulation to participate better in the EIT”. Originality/value: This analysis is used as a basis for the design of an institutional agenda of education transformation in the rest of the UPM where the innovation and entrepreneurship vision is inserted into the technical education to give future professionals the tools and capacities to serve as catalyser agents of the innovation system. © 2018, Emerald Publishing Limited.","Education in innovation and entrepreneurship; Education models for master studies; EIT Digital; European Institute of Innovation and Technology; Globalization; Governance models; Innovation ecosystem; New digital skills","Ecosystems; Engineering education; Digital skills; EIT Digital; Globalization; Governance models; Innovation and technology; Master studies; Engineering research","","Review","All Open Access; Green Accepted Open Access; Green Open Access","Scopus"
"Abeyweera, R.; Senanayake, N.S.; Jayasuriya, J.; Fransson, T.H.","Abeyweera, Ruchira (57194853297); Senanayake, Nihal S. (54938598400); Jayasuriya, Jeevan (15057766600); Fransson, Torsten H. (57193805236)","57194853297; 54938598400; 15057766600; 57193805236","A remote mode high quality international master degree program in environomical pathways for sustainable energy systems (SELECT)-pilot program experiences during first year of studies","2018","IEEE Global Engineering Education Conference, EDUCON","2018-April","","","276","284","10.1109/EDUCON.2018.8363240","https://www.scopus.com/inward/record.uri?eid=2-s2.0-85048088308&doi=10.1109%2FEDUCON.2018.8363240&partnerID=40&md5=d37bc0bbc69b762731b4bf68ab83c869","Remote mode study programs at master degree level are becoming more popular than undergraduate level programs. Students after graduation with Bachelors degree very often are employed and the most appropriate mode for them to pursue higher studies is the remote mode. Postgraduate programs with one or two year duration mostly focus on specific areas of research based industrial application. Traditional remote education is thought to be more centered on web based on-line programs with a little opportunity for teacher student interaction and interaction with peers. In such programs motivation for studies has been a problem and as a result many students drop off and also those remain in the program for prolonged periods do not show good performance. One of the reasons for failures of students in remote studies is the isolation leading to discouragement for the completion studies. A remote mode Master Degree Program in Environomical Pathways for Sustainable Energy Systems (MSc-SELECT), consisting of a number of innovative features aimed at improved student engagement, motivation, exposure to experiences in multi-national setting and team work, was developed and implemented by the Master School of the EIT-InnoEnergy, as a pilot project. The program was offered, collaboratively and simultaneously to students in three locations, Royal Institute of Technology in Sweden, Universitat Politecnica de Catalunya in Spain and the Open University of Sri Lanka. The students in Sweden and Spain each followed 50% of the courses on-campus and 50% in remote mode depending upon the university they registered with. The students in Sri Lanka followed the entire 1st year fully remotely. All the students (from KTH, OUSL and UPC) will spend the 2nd year on-campus at another university in the consortium. This paper discusses, from the perspective of the fully remote site, the remote program with its innovative aspects, student performance and experience together with future tasks for making the program viable and beneficial to all partner countries. © 2018 IEEE.","Challenge Driven Education; Energy Technology; Entrepreneurship; Innovation; Remote Education; Sustainability","Application programs; Energy conservation; Industrial research; Motivation; Students; Sustainable development; Teaching; Energy technologies; Entrepreneurship; Postgraduate programs; Remote education; Royal Institute of Technology; Student performance; Sustainable energy systems; Teacher student interactions; Engineering education","","Conference paper","","Scopus"
"","","","Correction: Strategic predictors of performance in a divided attention task (PLoS ONE (2018) 13: 4 (e0195131) DOI: 10.1371/journal.pone.0195131)","2018","PLOS ONE","13","5","e0197309","","","10.1371/journal.pone.0197309","https://www.scopus.com/inward/record.uri?eid=2-s2.0-85046860193&doi=10.1371%2Fjournal.pone.0197309&partnerID=40&md5=f2509a1ff5d1cbb71d7c6933823da3d3","Information is missing from the Funding section. The complete, correct funding information is as follows: The research was carried out as part of the EITKIC 12-1-2012-0001 project, which is supported by the Hungarian Government, managed by the National Development Agency, financed by the Research and Technology Innovation Fund and was performed in cooperation with the EIT Digital Budapest Associate Partner Group (www.budapestictnetwork.elte.hu). The research has also been supported by the European Union, co-financed by the European Social Fund (EFOP-3.6.2-16-2017-00013). The funders had no role in study design, data collection and analysis, decision to publish, or preparation of the manuscript. © 2018 Rill et al. This is an open access article distributed under the terms of the Creative Commons Attribution License, which permits unrestricted use, distribution, and reproduction in any medium, provided the original author and source are credited.","","erratum; error","","Erratum","All Open Access; Gold Open Access; Green Final Open Access; Green Open Access","Scopus"
"Rivera-Tinoco, R.","Rivera-Tinoco, Rodrigo (56013628300)","56013628300","Waste heat reuse for enhanced CO2 liquefaction and reduced transport costs","2018","","","","","","","","https://www.scopus.com/inward/record.uri?eid=2-s2.0-85181586938&partnerID=40&md5=769ae2da15def8ca40ba4f5e18ac540e","The relevance of novel CO<inf>2</inf> liquefaction technologies operating with waste heat and the logistics for transporting this liquid from and to several sites is here assessed. Based on previous work carried out in the “CO<inf>2</inf> Value Chains” program of Climate KIC (Knowledge Innovation Community) information gathered about Greenhouses in the Netherlands, Sweden and France showed market opportunities if CO<inf>2</inf> collected presents a low price. This work focuses mainly on the use of CO<inf>2</inf> in small to medium size users, for instance greenhouses, but not exclusively. CO<inf>2</inf> is condensed in order to reduce the volume to be transported. Distances between the sources and users in two spots in Europe are limited to less than 100km. As it is known, purity of CO<inf>2</inf> directly impacts the needs on energy to compress and liquefy it. Compressing the impurities does not represent any possibility to add them much value, hence compression energy is lost while liquefying CO<inf>2</inf>. Liquefaction needs cooling devices, frequently these are compression chillers that enable to reach cooling at -55°C. A novel technology developed in our research centre uses waste heat to generate cooling utilities at the same temperature of -55°C. The target is to render more competitive the transport of liquid CO<inf>2</inf> by replacing the compression chillers by the novel technologies. © 2018 GHGT 2018 - 14th International Conference on Greenhouse Gas Control Technologies. All rights reserved.","absorption chiller; CO2 liquefaction; reuse2 reuse","Greenhouse effect; Greenhouse gases; Greenhouses; Liquefaction; Refrigerators; Waste heat; Absorption chillers; CO2 liquefaction; Innovation communities; Knowledge innovation; Netherlands; Reuse; Reuse2 reuse; Transport costs; Value chains; Carbon dioxide","This work has been supported by the EnCO2re Flagship from Climate Knowledge Innovation Community (KIC). Information collected and discussed with colleagues from Imperial College London, TU Delft, Chalmers University, COVESTRO and stakeholders in several countries enabled this work to provide feedback on CO2 reuse locally and its impact on markets.","Conference paper","","Scopus"
"Giallorenzo, S.; Lanese, I.; Russo, D.","Giallorenzo, Saverio (55932233200); Lanese, Ivan (8984182000); Russo, Daniel (57119027600)","55932233200; 8984182000; 57119027600","ChIP: A choreographic integration process","2018","Lecture Notes in Computer Science","11230 LNCS","","","22","40","10.1007/978-3-030-02671-4_2","https://www.scopus.com/inward/record.uri?eid=2-s2.0-85055939222&doi=10.1007%2F978-3-030-02671-4_2&partnerID=40&md5=0dea84ae90eddbf88cd897d94afc5cfd","Over the years, organizations acquired disparate software systems, each answering one specific need. Currently, the desirable outcomes of integrating these systems (higher degrees of automation and better system consistency) are often outbalanced by the complexity of mitigating their discrepancies. These problems are magnified in the decentralized setting (e.g., cross-organizational cases) where the integration is usually dealt with ad-hoc “glue” connectors, each integrating two or more systems. Since the overall logic of the integration is spread among many glue connectors, these solutions are difficult to program correctly (making them prone to misbehaviors and system blocks), maintain, and evolve. In response to these problems, we propose ChIP, an integration process advocating choreographic programs as intermediate artifacts to refine high-level global specifications (e.g., UML Sequence Diagrams), defined by the domain experts of each partner, into concrete, distributed implementations. In ChIP, once the stakeholders agree upon a choreographic integration design, they can automatically generate the respective local connectors, which are guaranteed to faithfully implement the described distributed logic. In the paper, we illustrate ChIP with a pilot from the EU EIT Digital project SMAll, aimed at integrating pre-existing systems from government, university, and transport industry. © Springer Nature Switzerland AG 2018.","","Computer circuits; Gluing; Integration; Cross-organizational; Decentralised; Degrees of automation; Distributed implementation; Domain experts; Integration design; Integration process; Misbehaviour; Software-systems; UML sequence diagrams; Glues","","Conference paper","","Scopus"
"Meinert, E.; Alturkistani, A.; Car, J.; Carter, A.; Wells, G.; Brindley, D.","Meinert, Edward (57202516550); Alturkistani, Abrar (57202513522); Car, Josip (6701783618); Carter, Alison R. (57203553573); Wells, Glenn (57196473904); Brindley, David A. (35723661400)","57202516550; 57202513522; 6701783618; 57203553573; 57196473904; 35723661400","Real-world evidence for postgraduate students and professionals in healthcare: Protocol for the design of a blended massive open online course","2018","BMJ Open","8","9","e025196","","","10.1136/bmjopen-2018-025196","https://www.scopus.com/inward/record.uri?eid=2-s2.0-85054467978&doi=10.1136%2Fbmjopen-2018-025196&partnerID=40&md5=2d5d8e4c4012365fd97c5e608f16ecfb","Introduction There is an increased need for improving data science skills of healthcare professionals. Massive open online courses (MOOCs) provide the opportunity to train professionals in a sustainable and cost-effective way. We present a protocol for the design and development of a blended MOOC on real-world evidence (RWE) aimed at improving RWE data science skills. The primary objective is to provide the opportunity to understand the fundamentals of RWE data science and to implement methods for analysing RWD. The blended format of MOOC will combine the expertise of healthcare professionals joining the course online with the on-campus students. We expect learners to take skills taught in MOOC and use them to seek new employment or to explore entpreneurship activities in these domains. Methods and analysis The proposed MOOC will be developed through a blended format using the Analysis, Design, Development, Implementation and Evaluation instructional design model and following the connectivist- heutagogical learning theories (as a hybrid MOOC). The target learners will include postgraduate students and professionals working in the health-related roles with interest in data science. An evaluation of MOOC will be performed to assess MOOCs success in meeting its intended outcomes and to improve future iterations of the course. Ethics and dissemination The education course design protocol was approved by EIT Health (grant 18654) as part of the EIT Health CAMPUS Deferred Call for Innovative Education 2018. Results will be published in a peerreviewed journal. © Author(s) (or their employer(s)) 2018.","","article; data science; education; employment; ethics; human; human experiment; learning theory; outcome assessment; postgraduate student; skill; Internet; methodology; procedures; program evaluation; vocational education; Education, Distance; Education, Professional; Educational Measurement; Humans; Program Evaluation; Research Design","Funding text 1: Acknowledgements This work was also supported by the Sir David Cooksey Fellowship in Healthcare Translation, the Oxford Academic Health Sciences Centre and the SENS Research Foundation.; Funding text 2: Funding This work was funded by EIT Health (Grant 18654). Competing interests None declared. Patient consent Not required. Ethics approval Ethics approval for this study was obtained from Imperial College London through the Education Ethics Review Process (EERP) (EERP1617-030) and the grant approved via EIT Health CAMPUS Deferred Call for Innovative Education 2018.","Article","All Open Access; Gold Open Access; Green Accepted Open Access; Green Open Access","Scopus"
"Boeri, A.; Fini, G.; Gaspari, J.; Gianfrate, V.; Longo, D.","Boeri, A. (36668109500); Fini, Giovanni (7003614248); Gaspari, Jacopo (56205524100); Gianfrate, Valentina (54790850500); Longo, Danila (36668998100)","36668109500; 7003614248; 56205524100; 54790850500; 36668998100","Bologna resilient city: From the adaptation plan to local actions; Bologna città resiliente: dal piano di adattamento alle azioni locali","2018","TECHNE","15","","","193","202","10.13128/Techne-22103","https://www.scopus.com/inward/record.uri?eid=2-s2.0-85051709465&doi=10.13128%2FTechne-22103&partnerID=40&md5=9c2f26595be59e0d74c8ee68357b38f4","The possible effects of climate change in urbanized areas "" evidenced by several studies "" led the City of Bologna to adopt a Climate Change Adaptation Plan to assess potential risks and vulnerabilities as a basis for adaptation actions prioritizing interventions through a coordinated local strategy. This paper summarizes some measures implemented at local level in collaboration with the Department of Architecture of the University of Bologna and, in particular, the pilot actions for urban greening developed within the European project H2020 - ROCK and the proposals for intervention included made during the ""Design for Adaptation"" project. Resilient Urban Communities"" PhD Climate KIC summer school. © 2018 Firenze University Press.","Adaptation; Climate change; Greening; Resilience; Urban Heat Island","","","Article","","Scopus"
"RØnne, A.","RØnne, Anita (56458970100)","56458970100","Smart cities and smart regulation: Accelerating innovative renewable technologies in energy systems to mitigate climate change","2018","","","","","55","73","10.1093/oso/9780198822080.003.0004","https://www.scopus.com/inward/record.uri?eid=2-s2.0-85051619124&doi=10.1093%2Foso%2F9780198822080.003.0004&partnerID=40&md5=c780681f2dc53cc48893ab82d1a67f67","Increasing focus on sustainable societies and ‘smart cities’ due to emphasis on mitigation of climate change is simultaneous with ‘smart regulation’ reaching the forefront of the political agenda. Consequently, the energy sector and its regulation are undergoing significant innovation and change. Energy innovations include transition from fossil fuels to more renewable energy sources and application of new computer technology, interactively matching production with consumer demand. Smart cities are growing and projects are being initiated for development of urban areas and energy systems. Analysis from ‘Smart Cities Accelerator’, developed under the EU Interreg funding programme that includes Climate-KIC, - provides background for the focus on a smart energy system. Analysis ensures the energy supply systems support the integration of renewables with the need for new technologies and investments. ‘Smart’ is trendy, but when becoming ‘smart’ leads to motivation that is an important step towards mitigating climate change. © Anita Rønne, 2018.","Climate change and sustainability; Computer technology; Data bases; Smart cities; Smart energy systems; Smart grid; Smart regulation","Energy policy; Fossil fuels; Investments; Renewable energy resources; Smart city; Smart power grids; Sustainable development; Computer technology; Data basis; Smart energy systems; Smart grid; Smart regulation; Climate change","","Book chapter","","Scopus"
"Dion, G.; Dalle, J.-M.; Renouard, F.; Guseva, Y.; León, G.; Marchese, M.; Mutanen, O.-P.; Piña-Stranger, A.; Pisoni, G.; Stoycheva, M.; Tejero, A.; Vendel, M.","Dion, Guillaume (57203172006); Dalle, Jean Michel (16177066200); Renouard, Frédéric (57203172991); Guseva, Yulia (57203167622); León, Gonzalo (7102863346); Marchese, Maurizio (35607433800); Mutanen, Olli Pekka (14834116500); Piña-Stranger, Álvaro (37091297400); Pisoni, Galena (56007943500); Stoycheva, Milena (55341675500); Tejero, Alberto (57202057062); Vendel, Martin (6506020926)","57203172006; 16177066200; 57203172991; 57203167622; 7102863346; 35607433800; 14834116500; 37091297400; 56007943500; 55341675500; 57202057062; 6506020926","Change management: Blended learning adoption in a large network of European universities","2018","Proceedings of the International Conference on e-Learning, ICEL","2018-July","","","77","83","","https://www.scopus.com/inward/record.uri?eid=2-s2.0-85050807839&partnerID=40&md5=8b5da865049cf8416bda15d50d63559c","We report in this paper on a multiyear endeavour within the EIT (European Institute of Innovation and Technology) Digital community, during which EIT Digital built an international community of Innovation and Entrepreneurship (“I&E”) teachers at Master level by implementing a blended learning strategy. We see this challenge as a case in change management, which could offer relevant insight to run similar initiatives of blending learning adoption as an enabler to developing pedagogical cooperation in networks of universities with real impact on practices. Through the lenses of change management theory, we describe and analyse the methods that allowed EIT Digital to create and enhance a community of “teacher-producers” in order to develop and deploy blended education from scratch. EIT Digital, a Knowledge and Innovation Community of the European Institute of Innovation and Technology (EIT), provides IT education at Master’s level since 2013 and in association with its around 20 member universities, including a strong “Innovation & Entrepreneurship” (“I&E”) education component. EIT Digital developed a blended learning strategy whose originality came from the fact that some of the teachers are also producers on behalf of the entire community, receiving associated co-funding and technical support from EIT Digital. More specifically, teachers actively took part to the production agenda, according to which producers were chosen within the community to create and deliver the agreed online contents. EIT Digital library now encompasses more than 500 basic online contents (“nuggets”) covering most topics relevant for I&E education at the graduate level, from basic business model introductions to complex technology transfer strategies. This amounts to more than 45 hours’ worth of videos along with dozens of written cases, quizzes and other forms of online/offline assignments. Depending on the various universities’ contexts, different blending strategies were deployed, which had practical consequences on the global EIT Digital development. The heterogeneity of the universities’ profiles probably significantly increased the value of the EIT Digital network which proved relevant with regards to blended learning adoption, while EIT Digital’s change management strategy contributed significantly to uplifting the I&E education offered at the member universities, notably giving momentum to its I&E teacher community. © Academic Conferences Limited. All rights reserved.","Blended learning; Change management; Community of Practice; Teacher-Producers; User-Innovators","Blending; Digital libraries; E-learning; Engineering research; Learning systems; Planning; Technology transfer; Blended learning; Change management; Community of practice; Teacher-Producers; User-Innovators; Teaching","","Conference paper","","Scopus"
"Gebruers, K.","Gebruers, Kurt (6602471286)","6602471286","Introducing EIT food: Connecting businesses, research centers, universities, and consumers in Europe","2017","Cereal Foods World","62","6","","290","291","10.1094/CFW-60-6-0290","https://www.scopus.com/inward/record.uri?eid=2-s2.0-85039946274&doi=10.1094%2FCFW-60-6-0290&partnerID=40&md5=c3896a0d789b5c0aa5d680326579c0bc","[No abstract available]","","","1 EIT Food is supported by the European Institute of Innovation and Technology (EIT), a body of the European Union.","Short survey","","Scopus"
"Martínez, M.; Crusat, X.","Martínez, Mar (57194859008); Crusat, Xavier (57194851061)","57194859008; 57194851061","Work in progress: The innovation journey: A challenge-based learning methodology that introduces innovation and entrepreneurship in engineering through competition and real-life challenges","2017","IEEE Global Engineering Education Conference, EDUCON","","","7942821","39","43","10.1109/EDUCON.2017.7942821","https://www.scopus.com/inward/record.uri?eid=2-s2.0-85023611200&doi=10.1109%2FEDUCON.2017.7942821&partnerID=40&md5=4bb64c58c1141519b24bafbf2a920c95","Modernization of engineering education is a societal challenge. Innovation and entrepreneurship are called to be engines to enable this modernization. The Energy for Smart Cities master programme by EIT InnoEnergy has developed an innovative methodology that introduces real-life challenges by companies, start-ups and municipalities in engineering education. This Challenge-based Learning methodology is designed along three week courses, each with a different objective, covering: innovation, business case, and entrepreneurship proposal. This methodology has been successfully implemented in the Innovation Journey in Energy for Smart Cities for the academic year 2015-2016 and is having a next edition in 2016-2017. Results and lessons learned from the first edition of the Innovation Journey are the win-win situations enabled for both students and companies, resulting in internships, master thesis and job proposals but also creating entrepreneurship initiatives among students. © 2017 IEEE.","Challenge; Challenge-based Learning; Competition; Energy; Innovation; Project-based Learning; Smart Cities","Competition; Engineering education; Innovation; Smart city; Students; Business case; Challenge; Challenge-based learning; Energy; Innovative methodologies; Project based learning; Win-win; Work in progress; Education","","Conference paper","","Scopus"
"Baldassarre, B.; Calabretta, G.; Bocken, N.M.P.; Jaskiewicz, T.","Baldassarre, Brian (57193409119); Calabretta, Giulia (35786957200); Bocken, Nancy M.P. (24328581100); Jaskiewicz, Tomasz (36170527600)","57193409119; 35786957200; 24328581100; 36170527600","Bridging sustainable business model innovation and user-driven innovation: A process for sustainable value proposition design","2017","Journal of Cleaner Production","147","","","175","186","10.1016/j.jclepro.2017.01.081","https://www.scopus.com/inward/record.uri?eid=2-s2.0-85013678651&doi=10.1016%2Fj.jclepro.2017.01.081&partnerID=40&md5=9e81e7fe9451fed25fb45029285f480b","With an increasing population, a growing middle class and increased resource use, our current ways of living and doing business are unsustainable. Next to the implementation of innovative technology, sustainable development based on innovative business models, better understating of customer needs and behavioural change are crucial. This research aims at combining principles from both sustainable business model innovation and user-driven innovation to develop more successful, radical and user-centred sustainable value propositions. Sustainable business model innovation entails developing value propositions that create value for multiple stakeholders at the same time, including customers, shareholders, suppliers and partners as well as the environment and society. User-driven innovation allows developing solutions that are meaningful for people and profitable for business by involving potential customers, users and/or other stakeholders in an experimental and iterative design process. The study adopts a research through design methodology, a qualitative research approach that uses design practice to inform research. To this end, a design project in the framework of the Climate-KIC (the largest European partnership addressing the challenge of climate change) was investigated. As a result, this paper proposes a process for sustainable value proposition design which adopts a thorough, dynamic and iterative perspective (talking to stakeholders, thinking about the problem, testing the product/service) that leads to an actual sustainable value proposition and to a superior problem-solution fit. In practice, managers are provided with an initial methodological framework for mapping and understanding the stakeholders in a broad sense (including and especially users), identifying their needs and interests, and progressively combining them into a more meaningful and enriching value proposition. © 2017 Elsevier Ltd","Business design; Lean startup; Service design; Sustainable business model innovation; User centred design; Value proposition","Climate change; Data visualization; Design; Innovation; Iterative methods; Product design; Sales; User centered design; Business design; Innovative technology; Methodological frameworks; Multiple stakeholders; Service design; Sustainable business; User-driven innovation; Value proposition; Sustainable development","","Article","","Scopus"
"Albergel, A.; Morin, D.; Buty, D.; Nibart, M.; Makké, L.; Goix, R.; Kelly, R.; Bouchet, C.; Vogel, F.","Albergel, Armand (6602706466); Morin, Denis (57202117600); Buty, Didier (6504556866); Nibart, Maxime (25650221400); Makké, Laurent (55508312600); Goix, Robin (57202111106); Kelly, Robert (35116730200); Bouchet, Caroline (57202114106); Vogel, Felix R. (23010744300)","6602706466; 57202117600; 6504556866; 25650221400; 55508312600; 57202111106; 35116730200; 57202114106; 23010744300","Inverse dispersion modelling for a quick scan service to assess fugitive emissions from landfills","2017","","2017-October","","","695","700","","https://www.scopus.com/inward/record.uri?eid=2-s2.0-85047203673&partnerID=40&md5=8d3141bca6b8d4ba8c43b1bef142dc78","In the framework of the Climate-KIC WASTE-MITI2 project (waste management solutions to address climate change impact), a method assessing the fugitive emissions from a landfill as a low cost service has been developed. The objective is to be able to use on-board sensors, measuring methane concentrations alongside a road located inside (or nearby) a landfill, to estimate the location and rate of the methane emissions. In this paper the inversion methods developed by ARIA Technologies to achieve this goal is presented and real-world case is documented. The experimental protocol, which relied on using a mobile cavity ring-down instrument, will be also described. From a set of methane measurements provided by LSCE and collected during two different measurements campaigns (November, 17th and December, 5th, 2016) on a landfill operated by SUEZ, two different inverse modelling methods were applied and their results compared. The first method is based on retro-plume technique considering several methane sources whose locations are supposed to be known. The target is to calculate the emission rates of these different sources. The second one is an Adaptive Multiple Importance Sampling (AMIS) algorithm is an adaptive Bayesian approach for source term estimation (Rajoana et al, 2016). It aims at estimating the location and the emission rate of a single and pointwise equivalent source minimizing iterations. The emission results will be discussed considering the comparison with other approaches like the use of a tracer gas (LSCE) or direct predictive landfill emission model output (SUEZ). © 2018 Hungarian Meteorological Service. All Rights Reserved.","Fugitive emission; GHG; Inverse modelling; Landfill; Methane emission; Quick Scan","Atmospheric movements; Bayesian networks; Climate change; Greenhouse gases; Importance sampling; Inverse problems; Light measurement; Location; Methane; Particulate emissions; Climate change impact; Experimental protocols; Fugitive emissions; Inverse modelling; Methane concentrations; Methane emissions; Quick Scan; Source term estimation; Land fill","The authors want to thanks the Climate-KIC for their support in this work. This work is an abstract of the “Waste –Miti2” project. SUEZ as PI, partners and all contributors are warmly thanks.","Conference paper","","Scopus"
"Bianchini, A.; Pellegrini, M.; Saccani, C.","Bianchini, Augusto (55584791139); Pellegrini, Marco (55769748240); Saccani, Cesare (56029695300)","55584791139; 55769748240; 56029695300","Wide use of sustainable energy from aquifers in Italy: Pilot plant design and implementation","2017","Proceedings of the Summer School Francesco Turco","2017-September","","","305","311","","https://www.scopus.com/inward/record.uri?eid=2-s2.0-85040442405&partnerID=40&md5=443b26f7ce01f0a5351bb8db79ae5aff","Storing thermal energy in aquifers and acquiring heat and/or cold from extracted groundwater has been proven to be a popular sustainable energy technology, especially in the Netherlands, because of its cost-efficiency, delivering on average approximately 60% less CO2-emissions and substantial savings compared to sole use of fossil energy. Nevertheless, in the rest of Europe socio-economic, legislative and technological barriers prevent widespread application so far. The ""Europe-wide Use of Sustainable Energy from aquifers"" (E-USE(aq)) project, started in June 2015 and financed by the Climate KIC, aims to pave the way for a Europe-wide use of this new cost-efficient form of collecting and using renewable thermal energy and thus the creation of new business strategies and new jobs. The Department of Industrial Engineering of the University of Bologna is involved in the realization of one pilot plant in Italy, which will act as flywheels that enhance wide application of the technology in Italy. The paper shows the site identification and the design phase of the pilot plant, including monitoring and control systems. Moreover, the paper shows which barriers have been faced during the development of the project and how they can be overcome.","Aquifer thermal energy storage; Heating and cooling; Monitoring and control systems.; Pilot plant design; Renewable energy","","","Conference paper","","Scopus"
"Santasalo-Aarnio, A.; Hänninen, A.; Serna Guerrero, R.","Santasalo-Aarnio, Annukka (37063621700); Hänninen, Aku (57197787688); Serna Guerrero, Rodrigo (16835460700)","37063621700; 57197787688; 16835460700","Circular economy design forum - Introducing entrepreneurial mindset and circularity to teaching","2017","","","","","104","111","","https://www.scopus.com/inward/record.uri?eid=2-s2.0-85034761549&partnerID=40&md5=8a69c927590e1aefa354bccc6453be0f","The Circular Economy Design Forum (CEDF) is an EIT RawMaterials educational project aimed at incorporating an entrepreneurial mind-set into engineering education, particularly in topics related to circular economy (CE). As part of this initiative, a new course was developed as a platform to promote a dialog between students, industry and academia. To use this educational platform effectively, a ""Training the trainers"" event was organized where teaching staff learned how to integrate an entrepreneurial mind-set into courses with technical content and how to support student innovation capabilities. In this paper, the objective is to explore the impact on the mind-set and motivation of students when: i) a circular thinking is promoted though iterative project work within the circular economy context, and ii) a customer-centric approach is incorporated in an engineering course, by letting the students identify real industrial needs together with stakeholders. According to the student's feedback, most of the participants (15/18) felt that the course supported well their learning on CE topics and enhanced their study motivation. However, it was also evident that additional support is needed for timid students that have trouble contacting stakeholders directly.","Circular Economy; Entrepreneurial mindset; Industrial collaboration; Project work","Curricula; Education; Engineering education; Motivation; Personnel training; Students; Teaching; Circular economy; Educational platforms; Educational projects; Engineering course; Entrepreneurial mindset; Industrial collaboration; Innovation capability; Project work; Industrial economics","The Circular Economy Design Forum (CEDF) is an educational project funded by EIT RawMaterials. We thank Aalto Ventures Program (AVP) for their mentoring during the course preparation and the facilitation of the “Training the Trainers” event.","Conference paper","","Scopus"
"Mateo-Cecilia, C.; Valero-Escribano, V.; Navarro-Escudero, M.","Mateo-Cecilia, Carolina (57194435966); Valero-Escribano, Vera (57194429025); Navarro-Escudero, Miriam (57194426363)","57194435966; 57194429025; 57194426363","Do municipalities have the right tools to become zero carbon emissions cities? ACCENT, a Pan-European decision-support tool to take refurbishment decisions at city scale based on buildings energy performance","2017","Green Energy and Technology","0","9783319549835","","203","220","10.1007/978-3-319-54984-2_9","https://www.scopus.com/inward/record.uri?eid=2-s2.0-85020091992&doi=10.1007%2F978-3-319-54984-2_9&partnerID=40&md5=523da94479ee9ab436830a85848eedf8","Buildings are responsible for almost 40% of energy consumption and over a third of CO<inf>2</inf> emissions in the European Union. Most of the buildings that will exist in 2050 are already built. Renovation of the existing building stock is therefore crucial to meet long term energy and climate goals. The public sector is an important driver in supporting market transformation towards more efficient energy systems and buildings. To succeed in the energy transition, it is important not only to mobilize local administrations but also to engage other local stakeholders: citizens and service providers. But the development, financing and implementation of ambitious sustainable energy plans and measures should be based on reliable data, and here we find the big challenge. The aim of this paper is to present the main insights of ACCENT (Accompany Cities in Energy Strategy), a new decision-support tool for local administrations developed under a pan-European project upheld by Climate KIC. ACCENT is a GIS web-based platform that supports local administrations to monitor building energy performance and plan actions on the building stocks of the city. ACCENT faces global pan-European challenges, such as the need to share data regarding buildings energy consumption or the reluctance of some energy suppliers to offer information in this regard. Additionally, in some countries like Spain, specific local barriers are addressed such as the lack of connection between public bodies, the dispersion of available data, the need to make citizens aware of energy renovation, or the inaccessibility of citizens and technicians to energy data. ACCENT four main functionalities—mapping, planning setting up scenarios and connecting—allows the Local Administrations to take refurbishment decisions at city scale based on buildings energy performance. © 2017, Springer International Publishing AG.","","Buildings; Carbon; Data Sharing; Decision support systems; Economic and social effects; Energy policy; Energy utilization; Building energy performance; Decision support tools; Energy performance; Energy transitions; European project; Market transformation; Sustainable energy; Web based platform; Energy efficiency","The research presented in this paper is partially supported by funds from Climate-KIC, the Europe’s largest public-private innovation partnership focused on climate change. The authors gratefully acknowledge the support provided by LGI consulting, together with the consortium partners: ENGIE, NUMTECH, ESRI, ARXIT, EIVP, IVE, INNDEA, ASTER and SINERGIS, especially by: Solenne Tesseron, Amira Bentahar and Romain Petinot from ENGIE. The authors also acknowledge the support of Silvia Navarro during her stage at IVE.","Book chapter","","Scopus"
"Cristanelli, L.M.; Conti, A.","Cristanelli, Laura Meijere (57192394115); Conti, Andrea (57192386672)","57192394115; 57192386672","Innovation and entrepreneurship; Innovazione e imprenditorialità","2016","Mondo Digitale","15","66","","","","","https://www.scopus.com/inward/record.uri?eid=2-s2.0-85006172560&partnerID=40&md5=9e40e74b2908ace6f4fc4d64a8da997d","Entrepreneurship and innovation are key elements for Europe&#39;s economic development. It is often asked, if entrepreneurs are born or made. Training entrepreneurial digital talent in fundamental to drive digital innovation in Europe since there is no innovation without education. Development of an entrepreneurial mind-set starts already at the school and continues throughout university where, in addition to deep technical knowledge, students acquire skills to turn ideas into business. In this article is presented the entrepreneurial journey of students who followed EIT Digital pan-European education programmes to become entrepreneurs and digital leaders and the support that EIT Digital gives to entrepreneurs to scale-up their business in Europe and beyond.","","Education; Students; Digital innovations; Economic development; Education programmes; Key elements; Scale-up; E-learning","","Article","","Scopus"
"Jonker, W.","Jonker, Willem K. (6602882116)","6602882116","Digital innovation in Europe","2016","Mondo Digitale","15","66","","","","","https://www.scopus.com/inward/record.uri?eid=2-s2.0-85006137702&partnerID=40&md5=bf0b92cbf3a9ac5aeb6cd76dd5859c5e","Since the turn of the century, the internet, high-speed networks and mobile devices have permeated our world with unprecedented speed. These digital technologies have created ubiquitous connectivity and information access that enable innovations disruptive to our industries, our cities, and more generally, our way of life. All around us, we see this digital transformation impacting every aspect of our life.","Digital Transformation; EIT Digital; Europe; Innovation","Innovation; Digital innovations; Digital technologies; Digital transformation; EIT Digital; Europe; Information access; nocv2; HIgh speed networks","","Article","","Scopus"
"Cancila, D.; Birk, W.; Nuzzo, V.; Asplund, F.; Stoycheva, M.; Törngren, M.","Cancila, Daniela (8541797600); Birk, Wolfgang (6701517068); Nuzzo, Valeria (23974694500); Asplund, Fredrik (42960898500); Stoycheva, Milena (55341675500); Törngren, Martin E. (6602078291)","8541797600; 6701517068; 23974694500; 42960898500; 55341675500; 6602078291","Experiences and reflections on three years of CPS Summer schools within EIT digital","2016","","","","a7","","","10.1145/3005329.3005336","https://www.scopus.com/inward/record.uri?eid=2-s2.0-85009786131&doi=10.1145%2F3005329.3005336&partnerID=40&md5=796891abed60f133e21498997f8b9144","This article provides an overview of current European Commission effort in term of educational innovation to reduce the gap between research and industry which still is a barrier to the economic development. Entrepreneurial innovation & education driving Europe's digital transformation (EIT Digital for short) is an European-based initiative fostering I&E (innovation and entrepreneurship) by integrating education, research and business at different educational levels. For instance in EIT master programmes, students work together with industries and academics to have a faster go-to-market of research results. Summer schools are part of the master programs; three of them have been organised related to CPS (cyber-physical systems), critical infrastructure and, more recently, Industry 4.0. Past and present events are discussed and the experience from these events is reported. It is further analysed how the general setup of the summer school program is affecting the educational aspects and achievement of the intended learning outcomes.","Cyber-physical system European summer school; Innovation and entrepreneurship and CPS interrelationship","Education; Industrial research; Cyber physical systems (CPSs); Digital transformation; Economic development; Educational aspects; Educational innovations; European Commission; Intended learning outcomes; Summer school; Embedded systems","","Conference paper","All Open Access; Green Accepted Open Access; Green Open Access","Scopus"
"","","","2016 Workshop on Embedded and Cyber-Physical Systems Education, WESE 2016 - Organized as a Part of Embedded Systems Week, Proceedings","2016","","","","","","","","https://www.scopus.com/inward/record.uri?eid=2-s2.0-85009765455&partnerID=40&md5=32c9a68b76d7d5901a55e4a3723938b8","The proceedings contain 8 papers. The topics discussed include: development of advanced driver assistance systems using LabVIEW and a car simulator; an embedded CAN controller for an vehicle networking course project; redesign of an educational robot platform using web-based programming; project based courses in control cyber physical system co-design (work in progress); how can we get �lessons learned� from real cases?; towards integration of CPS and systems engineering in education; experiences and reflections on three years of CPS summer schools within EIT Digital; and flipping a first course on cyber - physical systems: an experience report.","","","","Conference review","","Scopus"
"Drexler, H.; Bangert, H.","Drexler, Hans (57191110662); Bangert, Hélène (57191108208)","57191110662; 57191108208","Building monitoring. development of a smart monitoring system for building efficiency and indoor climate","2016","","","","","1055","1062","","https://www.scopus.com/inward/record.uri?eid=2-s2.0-84986880474&partnerID=40&md5=07fe1ccdc60fde8ce6ef562c2c741fdf","In the last years an impressive progress in energy efficiency was made by research. But the development was focused on technical aspects without any reflection to the users and their cautious or even comfort. 'Building Monitor' is going to close this gap between energy and building technology and the users. Buildings are not mere technical devices, but the living environment for people. Interaction between buildings and people cannot only be described by quantitative, physical building characteristics. This project will develop a system to understand comfort, convenience and energy performance. Energy consumption and CC""2-emission are substantially influenced by inhabitant's behavior. Therefore a better understanding of the comfort of the user and their needs is just as essential for sustainable buildings as is a successful interaction of the user with the building, which might improve the control of the building or even modify the behavior. In cooperation with Climate KIC, the EU's main climate innovation initiative, the AktivPlus initiative and further partners started a pathfinder project mentioned 'Building Monitor'. This project develops a Building Monitor system for residential buildings with the following objectives: Easy to install, use and understand. Optimizes energy use by improving understanding of the interaction between user comfort and building performance. Gathers information about energy consumption and indoor climate. Supports development of robust solutions on different levels: Reducing energy use and CO<inf>2</inf>-emissions by improving building performance Creating energy consumption awareness. Improving comfort, well-being and acceptance of inhabitants by improving indoor comfort with fresh air and daylight, both crucial for human health, productivity and well-being. Expanding building sector knowledge about energy consumption. The challenge of the project is to use the data which is available in a normal building and a minimum of additional metering technology to generate a real time model of both indoor climate and comfort as well as the current energy consumption.","Building efficiency; CO2-emissions; Energy consumption; Monitoring system; User behavior","Behavioral research; Buildings; Carbon dioxide; Climate models; Energy efficiency; Energy utilization; Intelligent buildings; Monitoring; Sustainable development; Building characteristics; Building efficiency; Building technologies; Innovation initiatives; Monitoring system; Residential building; Smart monitoring systems; User behaviors; Energy conservation","","Conference paper","","Scopus"
"Rosado, L.; Hagy, S.; Kalmykova, Y.; Morrison, G.; Ostermeyer, Y.","Rosado, Leonardo (29068142600); Hagy, Shea (56896141200); Kalmykova, Yuliya (23992947500); Morrison, Gregory M. (7201786202); Ostermeyer, York (36677892000)","29068142600; 56896141200; 23992947500; 7201786202; 36677892000","A living lab co-creation environment exemplifying factor 10 improvements in a city district","2015","Journal of Urban Regeneration and Renewal","8","2","","171","185","","https://www.scopus.com/inward/record.uri?eid=2-s2.0-84943574294&partnerID=40&md5=e9fcebf7599168aa136b94d0b35a8fe6","The greater proportion of global emission production and resource consumption takes place in cities. Innovations are needed to reduce the use of resources and emissions within the building sector, but the sector is slow to innovate and integrate new technology. In this paper, a district-scale approach is projected to be an effective way to invoke change within the built environment of a city system, exemplified through the European Union-funded Climate-KIC Smart Sustainable Districts (SSD) Flagship Project in Gothenburg, Sweden. The SSD aims increase to human wellbeing and economic vitality with 90% lower resource use resulting in a reduction in environmental impacts and associated greenhouse gas emissions. A co-creation environment is proposed to incorporate technology innovation for sustainable living into the district, and ultimately city, level which will be realised through the HSB* Living Lab Project, a living lab infrastructure under construction on the campus of Chalmers University of Technology. Interventions to reduce the use of resources at a district-scale systems level in combination with real-world testing and creation of innovative technology within living lab environments have the potential to effect a reduction in city system resource consumption and emissions. This pilot stage proposition will be tested through the implementation of both SSD and HSB Living Lab projects. © Henry Stewart Publications.","Co-creation; District scale; Factor 10; HSB living lab; Smart sustainable districts; Use of resources","","","Article","","Scopus"
"Sohal, H.; Wi, H.; McEwan, A.L.; Woo, E.J.; Oh, T.I.","Sohal, Harsh (55359628400); Wi, Hun (36197535200); McEwan, Alistair Lee (14016086300); Woo, Eungje (7103371072); Oh, Tong In (57201576365)","55359628400; 36197535200; 14016086300; 7103371072; 57201576365","Electrical impedance imaging system using FPGAs for flexibility and interoperability","2014","BioMedical Engineering Online","13","1","126","","","10.1186/1475-925X-13-126","https://www.scopus.com/inward/record.uri?eid=2-s2.0-84907051046&doi=10.1186%2F1475-925X-13-126&partnerID=40&md5=55a3a5a94ac8b345392aac51032b81c3","Background: Modern EIT systems require simultaneously operating multiple functions for flexibility, interoperability, and clinical applicability. To implement versatile functions, expandable design and implementation tools are needed. On the other hand, it is necessary to develop an ASIC-based EIT system to maximize its performance. Since the ASIC design is expensive and unchangeable, we can use FPGAs as a prior step to the digital ASIC design and carefully classify which functions should be included in the ASIC. In this paper, we describe the details of the FPGA design adopted in the KHU Mark2.5 EIT system.Methods: We classified all functions of the KHU Mark2.5 EIT system into two categories. One is the control and processing of current injection and voltage measurement. The other includes the collection and management of the multi-channel data with timing controls for internal and external interconnections. We describe the implementation of these functions in two kinds of FPGAs called the impedance measurement module (IMM) FPGA and the intra-network controller FPGA.Results: We present functional and timing simulations of the key functions in the FPGAs. From phantom and animal imaging experiments, we show that multiple functions of the system are successfully implemented in the FPGAs. As examples, we demonstrate fast multi-frequency imaging and ECG-gated imaging.Conclusion: Given an analog design of a parallel EIT system, it is important to optimize its digital design to minimize systematic artifacts and maximize performance. This paper described technical details of the FPGA-based fully parallel EIT system called the KHU Mark2.5 with numerous functions needed for clinical applications. Two kinds of FPGAs described in this paper can be used as a basis for future EIT digital ASIC designs for better application-specific human interface as well as hardware performance. © 2014 Sohal et al.; licensee BioMed Central Ltd.","Application specific integrated circuit (ASIC); Biosignal-gated imaging; Electrical impedance tomography (EIT); Fast multi-frequency imaging; Field programmable gate array (FPGA)","Electrical impe dance tomography (EIT); Electrical impedance imaging; Multi frequency; Field programmable gate arrays (FPGA); analog digital converter; animal experiment; application specific integrated circuit; Article; computer assisted impedance tomography; controlled study; electrical conductivity parameters; electrocardiography; electrocardiography gated imaging; equipment design; fast multi frequency imaging; female; field programmable gate array; gated imaging; in vivo study; information processing; integrated circuit; nonhuman; signal noise ratio; waveform; air conditioning; animal; artifact; calibration; computer program; dog; heart; human; image processing; image quality; impedance; lung; procedures; radiography; Animals; Artifacts; Calibration; Dogs; Electric Impedance; Electrocardiography; Female; Heart; Humans; Image Processing, Computer-Assisted; Lung; Phantoms, Imaging; Software; Ventilation","This work was supported by the National Research Foundation of Korea (NRF) grant funded by the Korea government (MEST) (2011-0022779, 2013R1A2A2A04016066) and a grant of the Korean Health Technology R&D Project, Ministry of Health and Welfare, Republic of Korea (HI13C13590000).","Article","All Open Access; Gold Open Access; Green Accepted Open Access; Green Open Access","Scopus"
"Cappellaro, F.; Bonoli, A.","Cappellaro, Francesca (57193262933); Bonoli, Alessandra (35253657400)","57193262933; 35253657400","Transition thinking supporting system innovation towards sustainable university: Experiences from the European programme Climate-KIC","2014","Procedia Environmental Science, Engineering and Management","1","2","","161","165","","https://www.scopus.com/inward/record.uri?eid=2-s2.0-84939187912&partnerID=40&md5=7460ed419159a01208b8d08a287116d1","Transitions or system innovations towards sustainability has become urgent and fundamental in order to tackle the dynamic, complex factors fuelling the global crisis of our days. Because their potential for system innovation change, sustainability transitions are a valid research field to stimulate both technological and organizational changes toward sustainability systems. In the framework of Climate- KIC European Programme, this paper has analyzed practical and inspiring cases of transition experiments in the university domain. Actually, university plays a key role of learning organization where it is possible to develop innovations and to reach a successful transformation in place of sustainability. The result is the creation of living laboratory of sustainability where to experiment and to co-create sustainability processes and solutions.","Laboratory; Living; Sustainability; System innovation; Transitions; University","","","Article","","Scopus"
"Fikken, W.J.; van Timmeren, A.; Wamelink, J.W.F.","Fikken, W. J. (56225447000); van Timmeren, Arjan V. (6602379241); Wamelink, Hans (6507836378)","56225447000; 6602379241; 6507836378","Equalization of the costs and benefits of sustainability measures in area development: Two cases to bring new focus","2014","WIT Transactions on Ecology and the Environment","181","","","267","278","10.2495/EID140231","https://www.scopus.com/inward/record.uri?eid=2-s2.0-84903147749&doi=10.2495%2FEID140231&partnerID=40&md5=901e73033f43bce5423f46cb6779f0c5","In area development the implementation of sustainability measures is often considered difficult and subject to devaluation of the original ambitions. One of the main reasons for this concerns the costs and benefits of those measures. Some measures require high initial investments, while the return on those investments sometimes takes up to several decades. Another reason is that some measures require investments of stakeholder A, while stakeholder B receives the benefits, and stakeholder C will be confronted with the negative environmental impacts. In such cases making decisions is not always easy. This paper presents the first outcomes of a Climate KIC PhD study. The goal of the study as a whole is to support climate proof area development by systematically analyzing the role of costs and benefits of measures in the design, development and decision making process, and - based upon the results - by formulating recommendations for improvement. Questions to be answered include, how should the various stakeholders, as mentioned above, be taken into account? Besides this, the study tries to find answers related to impacts beyond the geographical boundaries and/or the timeframe of a project. The first part of the study concerns an evaluation of two Dutch reference cases in which sustainability has been one of the leading goals. The first case is the (re)development of a large part of the city of Delft. The second case concerns Schiphol Trade Park, a new industrial area to be developed the coming years nearby Amsterdam Airport Schiphol. This paper consists of a description of the cases, as well as the outcomes of interviews conducted with various stakeholders. The results are meant to bring the next part of the study into focus: what are the real problems to be solved? © 2014 WIT Press.","Area development; Climate mitigation and adaptation; Costs and benefits; Equalization; Stakeholders; Sustainability measures; Synergies; Urban planning","adaptive management; cost-benefit analysis; decision making; environmental impact; implementation process; investment; mitigation; stakeholder; sustainability; sustainable development; urban development; urban planning; urban policy; Amsterdam [North Holland]; Netherlands; North Holland; Schiphol Airport","","Article","All Open Access; Bronze Open Access","Scopus"
